#define IMG_WIDTH 240
#define IMG_HEIGHT 320
static const unsigned int err_image[] = {
0xffe90505,
0xffe90505,
0xffe90505,
0xffe90505,
0xffe90505,
0xffe90505,
0xffe90505,
0xffe90505,
0xffe90505,
0xffe90505,
0xffe90505,
0xffe90505,
0xffe90505,
0xffe90505,
0xffe90505,
0xffe90505,
0xffe90505,
0xffe90505,
0xffe90505,
0xffe90505,
0xffe90505,
0xffe90505,
0xffe90505,
0xffe90505,
0xffe90505,
0xffe90505,
0xffe90505,
0xffe90505,
0xffe90505,
0xffe90505,
0xffe90505,
0xffe90505,
0xffe90505,
0xffe90505,
0xffe90505,
0xffe90505,
0xffe90505,
0xffe90505,
0xffe90505,
0xffe90505,
0xffe90505,
0xffe90505,
0xffe90505,
0xffe90505,
0xffe90505,
0xffe90505,
0xffe90505,
0xffe90505,
0xffe90505,
0xffe90505,
0xffe90505,
0xffe90505,
0xffe90505,
0xffe90505,
0xffe90505,
0xffe90505,
0xffe90505,
0xffe90505,
0xffe90505,
0xffe90505,
0xffe90505,
0xffe90505,
0xffe90505,
0xffe90505,
0xffe90505,
0xffe90505,
0xffe90505,
0xffe90505,
0xffe90505,
0xffe90505,
0xffe90505,
0xffe90505,
0xffe90505,
0xffe90505,
0xffe90505,
0xffe90505,
0xffe90505,
0xffe90505,
0xffe90505,
0xffe90505,
0xffe90505,
0xffe90505,
0xffe90505,
0xffe90505,
0xffe90505,
0xffe90505,
0xffe90505,
0xffe90505,
0xffe90505,
0xffe90505,
0xffe90505,
0xffe90505,
0xffe90505,
0xffe90505,
0xffe90505,
0xffe90505,
0xffe90505,
0xffe90505,
0xffe90505,
0xffe90505,
0xffe90505,
0xffe90505,
0xffe90505,
0xffe90505,
0xffe90505,
0xffe90505,
0xffe90505,
0xffe90505,
0xffe90505,
0xffe90505,
0xffe90505,
0xffe90505,
0xffe90505,
0xffe90505,
0xffe90505,
0xffe90505,
0xffe90505,
0xffe90505,
0xffe90505,
0xffe90505,
0xffe90505,
0xffe90505,
0xffe90505,
0xffe90505,
0xffe90505,
0xffe90505,
0xffe90505,
0xffe90505,
0xffe90505,
0xffe90505,
0xffe90505,
0xffe90505,
0xffe90505,
0xffe90505,
0xffe90505,
0xffe90505,
0xffe90505,
0xffe90505,
0xffe90505,
0xffe90505,
0xffe90505,
0xffe90505,
0xffe90505,
0xffe90505,
0xffe90505,
0xffe90505,
0xffe90505,
0xffe90505,
0xffe90505,
0xffe90505,
0xffe90505,
0xffe90505,
0xffe90505,
0xffe90505,
0xffe90505,
0xffe90505,
0xffe90505,
0xffe90505,
0xffe90505,
0xffe90505,
0xffe90505,
0xffe90505,
0xffe90505,
0xffe90505,
0xffe90505,
0xffe90505,
0xffe90505,
0xffe90505,
0xffe90505,
0xffe90505,
0xffe90505,
0xffe90505,
0xffe90505,
0xffe90505,
0xffe90505,
0xffe90505,
0xffe90505,
0xffe90505,
0xffe90505,
0xffe90505,
0xffe90505,
0xffe90505,
0xffe90505,
0xffe90505,
0xffe90505,
0xffe90505,
0xffe90505,
0xffe90505,
0xffe90505,
0xffe90505,
0xffe90505,
0xffe90505,
0xffe90505,
0xffe90505,
0xffe90505,
0xffe90505,
0xffe90505,
0xffe90505,
0xffe90505,
0xffe90505,
0xffe90505,
0xffe90505,
0xffe90505,
0xffe90505,
0xffe90505,
0xffe90505,
0xffe90505,
0xffe90505,
0xffe90505,
0xffe90505,
0xffe90505,
0xffe90505,
0xffe90505,
0xffe90505,
0xffe90505,
0xffe90505,
0xffe90505,
0xffe90505,
0xffe90505,
0xffe90505,
0xffe90505,
0xffe90505,
0xffe90505,
0xffe90505,
0xffe90505,
0xffe90505,
0xffe90505,
0xffe90505,
0xffe90505,
0xffe90505,
0xffe90505,
0xffe90505,
0xffe90505,
0xffe90505,
0xffe90505,
0xffe90505,
0xffe90505,
0xffe90505,
0xffe90505,
0xffe90505,
0xffe90505,
0xffe90505,
0xffe90505,
0xffe90505,
0xffe90505,
0xffe90505,
0xffe90505,
0xffe90505,
0xffe90505,
0xffe90505,
0xffe90505,
0xffe90505,
0xffe90505,
0xffe90505,
0xffe90505,
0xffe90505,
0xffe90505,
0xffe90505,
0xffe90505,
0xffe90505,
0xffe90505,
0xffe90505,
0xffe90505,
0xffe90505,
0xffe90505,
0xffe90505,
0xffe90505,
0xffe90505,
0xffe90505,
0xffe90505,
0xffe90505,
0xffe90505,
0xffe90505,
0xffe90505,
0xffe90505,
0xffe90505,
0xffe90505,
0xffe90505,
0xffe90505,
0xffe90505,
0xffe90505,
0xffe90505,
0xffe90505,
0xffe90505,
0xffe90505,
0xffe90505,
0xffe90505,
0xffe90505,
0xffe90505,
0xffe90505,
0xffe90505,
0xffe90505,
0xffe90505,
0xffe90505,
0xffe90505,
0xffe90505,
0xffe90505,
0xffe90505,
0xffe90505,
0xffe90505,
0xffe90505,
0xffe90505,
0xffe90505,
0xffe90505,
0xffe90505,
0xffe90505,
0xffe90505,
0xffe90505,
0xffe90505,
0xffe90505,
0xffe90505,
0xffe90505,
0xffe90505,
0xffe90505,
0xffe90505,
0xffe90505,
0xffe90505,
0xffe90505,
0xffe90505,
0xffe90505,
0xffe90505,
0xffe90505,
0xffe90505,
0xffe90505,
0xffe90505,
0xffe90505,
0xffe90505,
0xffe90505,
0xffe90505,
0xffe90505,
0xffe90505,
0xffe90505,
0xffe90505,
0xffe90505,
0xffe90505,
0xffe90505,
0xffe90505,
0xffe90505,
0xffe90505,
0xffe90505,
0xffe90505,
0xffe90505,
0xffe90505,
0xffe90505,
0xffe90505,
0xffe90505,
0xffe90505,
0xffe90505,
0xffe90505,
0xffe90505,
0xffe90505,
0xffe90505,
0xffe90505,
0xffe90505,
0xffe90505,
0xffe90505,
0xffe90505,
0xffe90505,
0xffe90505,
0xffe90505,
0xffe90505,
0xffe90505,
0xffe90505,
0xffe90505,
0xffe90505,
0xffe90505,
0xffe90505,
0xffe90505,
0xffe90505,
0xffe90505,
0xffe90505,
0xffe90505,
0xffe90505,
0xffe90505,
0xffe90505,
0xffe90505,
0xffe90505,
0xffe90505,
0xffe90505,
0xffe90505,
0xffe90505,
0xffe90505,
0xffe90505,
0xffe90505,
0xffe90505,
0xffe90505,
0xffe90505,
0xffe90505,
0xffe90505,
0xffe90505,
0xffe90505,
0xffe90505,
0xffe90505,
0xffe90505,
0xffe90505,
0xffe90505,
0xffe90505,
0xffe90505,
0xffe90505,
0xffe90505,
0xffe90505,
0xffe90505,
0xffe90505,
0xffe90505,
0xffe90505,
0xffe90505,
0xffe90505,
0xffe90505,
0xffe90505,
0xffe90505,
0xffe90505,
0xffe90505,
0xffe90505,
0xffe90505,
0xffe90505,
0xffe90505,
0xffe90505,
0xffe90505,
0xffe90505,
0xffe90505,
0xffe90505,
0xffe90505,
0xffe90505,
0xffe90505,
0xffe90505,
0xffe90505,
0xffe90505,
0xffe90505,
0xffe90505,
0xffe90505,
0xffe90505,
0xffe90505,
0xffe90505,
0xffe90505,
0xffe90505,
0xffe90505,
0xffe90505,
0xffe90505,
0xffe90505,
0xffe90505,
0xffe90505,
0xffe90505,
0xffe90505,
0xffe90505,
0xffe90505,
0xffe90505,
0xffe90505,
0xffe90505,
0xffe90505,
0xffe90505,
0xffe90505,
0xffe90505,
0xffe90505,
0xffe90505,
0xffe90505,
0xffe90505,
0xffe90505,
0xffe90505,
0xffe90505,
0xffe90505,
0xffe90505,
0xffe90505,
0xffe90505,
0xffe90505,
0xffe90505,
0xffe90505,
0xffe90505,
0xffe90505,
0xffe90505,
0xffe90505,
0xffe90505,
0xffe90505,
0xffe90505,
0xffe90505,
0xffe90505,
0xffe90505,
0xffe90505,
0xffe90505,
0xffe90505,
0xffe90505,
0xffe90505,
0xffe90505,
0xffe90505,
0xffe90505,
0xffe90505,
0xffe90505,
0xffe90505,
0xffe90505,
0xffe90505,
0xffe90505,
0xffe90505,
0xffe90505,
0xffe90505,
0xffe90505,
0xffe90505,
0xffe90505,
0xffe90505,
0xffe90505,
0xffe90505,
0xffe90505,
0xffe90505,
0xffe90505,
0xffe90505,
0xffe90505,
0xffe90505,
0xffe90505,
0xffe90505,
0xffe90505,
0xffe90505,
0xffe90505,
0xffe90505,
0xffe90505,
0xffe90505,
0xffe90505,
0xffe90505,
0xffe90505,
0xffe90505,
0xffe90505,
0xffe90505,
0xffe90505,
0xffe90505,
0xffe90505,
0xffe90505,
0xffe90505,
0xffe90505,
0xffe90505,
0xffe90505,
0xffe90505,
0xffe90505,
0xffe90505,
0xffe90505,
0xffe90505,
0xffe90505,
0xffe90505,
0xffe90505,
0xffe90505,
0xffe90505,
0xffe90505,
0xffe90505,
0xffe90505,
0xffe90505,
0xffe90505,
0xffe90505,
0xffe90505,
0xffe90505,
0xffe90505,
0xffe90505,
0xffe90505,
0xffe90505,
0xffe90505,
0xffe90505,
0xffe90505,
0xffe90505,
0xffe90505,
0xffe90505,
0xffe90505,
0xffe90505,
0xffe90505,
0xffe90505,
0xffe90505,
0xffe90505,
0xffe90505,
0xffe90505,
0xffe90505,
0xffe90505,
0xffe90505,
0xffe90505,
0xffe90505,
0xffe90505,
0xffe90505,
0xffe90505,
0xffe90505,
0xffe90505,
0xffe90505,
0xffe90505,
0xffe90505,
0xffe90505,
0xffe90505,
0xffe90505,
0xffe90505,
0xffe90505,
0xffe90505,
0xffe90505,
0xffe90505,
0xffe90505,
0xffe90505,
0xffe90505,
0xffe90505,
0xffe90505,
0xffe90505,
0xffe90505,
0xffe90505,
0xffe90505,
0xffe90505,
0xffe90505,
0xffe90505,
0xffe90505,
0xffe90505,
0xffe90505,
0xffe90505,
0xffe90505,
0xffe90505,
0xffe90505,
0xffe90505,
0xffe90505,
0xffe90505,
0xffe90505,
0xffe90505,
0xffe90505,
0xffe90505,
0xffe90505,
0xffe90505,
0xffe90505,
0xffe90505,
0xffe90505,
0xffe90505,
0xffe90505,
0xffe90505,
0xffe90505,
0xffe90505,
0xffe90505,
0xffe90505,
0xffe90505,
0xffe90505,
0xffe90505,
0xffe90505,
0xffe90505,
0xffe90505,
0xffe90505,
0xffe90505,
0xffe90505,
0xffe90505,
0xffe90505,
0xffe90505,
0xffe90505,
0xffe90505,
0xffe90505,
0xffe90505,
0xffe90505,
0xffe90505,
0xffe90505,
0xffe90505,
0xffe90505,
0xffe90505,
0xffe90505,
0xffe90505,
0xffe90505,
0xffe90505,
0xffe90505,
0xffe90505,
0xffe90505,
0xffe90505,
0xffe90505,
0xffe90505,
0xffe90505,
0xffe90505,
0xffe90505,
0xffe90505,
0xffe90505,
0xffe90505,
0xffe90505,
0xffe90505,
0xffe90505,
0xffe90505,
0xffe90505,
0xffe90505,
0xffe90505,
0xffe90505,
0xffe90505,
0xffe90505,
0xffe90505,
0xffe90505,
0xffe90505,
0xffe90505,
0xffe90505,
0xffe90505,
0xffe90505,
0xffe90505,
0xffe90505,
0xffe90505,
0xffe90505,
0xffe90505,
0xffe90505,
0xffe90505,
0xffe90505,
0xffe90505,
0xffe90505,
0xffe90505,
0xffe90505,
0xffe90505,
0xffe90505,
0xffe90505,
0xffe90505,
0xffe90505,
0xffe90505,
0xffe90505,
0xffe90505,
0xffe90505,
0xffe90505,
0xffe90505,
0xffe90505,
0xffe90505,
0xffe90505,
0xffe90505,
0xffe90505,
0xffe90505,
0xffe90505,
0xffe90505,
0xffe90505,
0xffe90505,
0xffe90505,
0xffe90505,
0xffe90505,
0xffe90505,
0xffe90505,
0xffe90505,
0xffe90505,
0xffe90505,
0xffe90505,
0xffe90505,
0xffe90505,
0xffe90505,
0xffe90505,
0xffe90505,
0xffe90505,
0xffe90505,
0xffe90505,
0xffe90505,
0xffe90505,
0xffe90505,
0xffe90505,
0xffe90505,
0xffe90505,
0xffe90505,
0xffe90505,
0xffe90505,
0xffe90505,
0xffe90505,
0xffe90505,
0xffe90505,
0xffe90505,
0xffe90505,
0xffe90505,
0xffe90505,
0xffe90505,
0xffe90505,
0xffe90505,
0xffe90505,
0xffe90505,
0xffe90505,
0xffe90505,
0xffe90505,
0xffe90505,
0xffe90505,
0xffe90505,
0xffe90505,
0xffe90505,
0xffe90505,
0xffe90505,
0xffe90505,
0xffe90505,
0xffe90505,
0xffe90505,
0xffe90505,
0xffe90505,
0xffe90505,
0xffe90505,
0xffe90505,
0xffe90505,
0xffe90505,
0xffe90505,
0xffe90505,
0xffe90505,
0xffe90505,
0xffe90505,
0xffe90505,
0xffe90505,
0xffe90505,
0xffe90505,
0xffe90505,
0xffe90505,
0xffe90505,
0xffe90505,
0xffe90505,
0xffe90505,
0xffe90505,
0xffe90505,
0xffe90505,
0xffe90505,
0xffe90505,
0xffe90505,
0xffe90505,
0xffe90505,
0xffe90505,
0xffe90505,
0xffe90505,
0xffe90505,
0xffe90505,
0xffe90505,
0xffe90505,
0xffe90505,
0xffe90505,
0xffe90505,
0xffe90505,
0xffe90505,
0xffe90505,
0xffe90505,
0xffe90505,
0xffe90505,
0xffe90505,
0xffe90505,
0xffe90505,
0xffe90505,
0xffe90505,
0xffe90505,
0xffe90505,
0xffe90505,
0xffe90505,
0xffe90505,
0xffe90505,
0xffe90505,
0xffe90505,
0xffe90505,
0xffe90505,
0xffe90505,
0xffe90505,
0xffe90505,
0xffe90505,
0xffe90505,
0xffe90505,
0xffe90505,
0xffe90505,
0xffe90505,
0xffe90505,
0xffe90505,
0xffe90505,
0xffe90505,
0xffe90505,
0xffe90505,
0xffe90505,
0xffe90505,
0xffe90505,
0xffe90505,
0xffe90505,
0xffe90505,
0xffe90505,
0xffe90505,
0xffe90505,
0xffe90505,
0xffe90505,
0xffe90505,
0xffe90505,
0xffe90505,
0xffe90505,
0xffe90505,
0xffe90505,
0xffe90505,
0xffe90505,
0xffe90505,
0xffe90505,
0xffe90505,
0xffe90505,
0xffe90505,
0xffe90505,
0xffe90505,
0xffe90505,
0xffe90505,
0xffe90505,
0xffe90505,
0xffe90505,
0xffe90505,
0xffe90505,
0xffe90505,
0xffe90505,
0xffe90505,
0xffe90505,
0xffe90505,
0xffe90505,
0xffe90505,
0xffe90505,
0xffe90505,
0xffe90505,
0xffe90505,
0xffe90505,
0xffe90505,
0xffe90505,
0xffe90505,
0xffe90505,
0xffe90505,
0xffe90505,
0xffe90505,
0xffe90505,
0xffe90505,
0xffe90505,
0xffe90505,
0xffe90505,
0xffe90505,
0xffe90505,
0xffe90505,
0xffe90505,
0xffe90505,
0xffe90505,
0xffe90505,
0xffe90505,
0xffe90505,
0xffe90505,
0xffe90505,
0xffe90505,
0xffe90505,
0xffe90505,
0xffe90505,
0xffe90505,
0xffe90505,
0xffe90505,
0xffe90505,
0xffe90505,
0xffe90505,
0xffe90505,
0xffe90505,
0xffe90505,
0xffe90505,
0xffe90505,
0xffe90505,
0xffe90505,
0xffe90505,
0xffe90505,
0xffe90505,
0xffe90505,
0xffe90505,
0xffe90505,
0xffe90505,
0xffe90505,
0xffe90505,
0xffe90505,
0xffe90505,
0xffe90505,
0xffe90505,
0xffe90505,
0xffe90505,
0xffe90505,
0xffe90505,
0xffe90505,
0xffe90505,
0xffe90505,
0xffe90505,
0xffe90505,
0xffe90505,
0xffe90505,
0xffe90505,
0xffe90505,
0xffe90505,
0xffe90505,
0xffe90505,
0xffe90505,
0xffe90505,
0xffe90505,
0xffe90505,
0xffe90505,
0xffe90505,
0xffe90505,
0xffe90505,
0xffe90505,
0xffe90505,
0xffe90505,
0xffe90505,
0xffe90505,
0xffe90505,
0xffe90505,
0xffe90505,
0xffe90505,
0xffe90505,
0xffe90505,
0xffe90505,
0xffe90505,
0xffe90505,
0xffe90505,
0xffe90505,
0xffe90505,
0xffe90505,
0xffe90505,
0xffe90505,
0xffe90505,
0xffe90505,
0xffe90505,
0xffe90505,
0xffe90505,
0xffe90505,
0xffe90505,
0xffe90505,
0xffe90505,
0xffe90505,
0xffe90505,
0xffe90505,
0xffe90505,
0xffe90505,
0xffe90505,
0xffe90505,
0xffe90505,
0xffe90505,
0xffe90505,
0xffe90505,
0xffe90505,
0xffe90505,
0xffe90505,
0xffe90505,
0xffe90505,
0xffe90505,
0xffe90505,
0xffe90505,
0xffe90505,
0xffe90505,
0xffe90505,
0xffe90505,
0xffe90505,
0xffe90505,
0xffe90505,
0xffe90505,
0xffe90505,
0xffe90505,
0xffe90505,
0xffe90505,
0xffe90505,
0xffe90505,
0xffe90505,
0xffe90505,
0xffe90505,
0xffe90505,
0xffe90505,
0xffe90505,
0xffe90505,
0xffe90505,
0xffe90505,
0xffe90505,
0xffe90505,
0xffe90505,
0xffe90505,
0xffe90505,
0xffe90505,
0xffe90505,
0xffe90505,
0xffe90505,
0xffe90505,
0xffe90505,
0xffe90505,
0xffe90505,
0xffe90505,
0xffe90505,
0xffe90505,
0xffe90505,
0xffe90505,
0xffe90505,
0xffe90505,
0xffe90505,
0xffe90505,
0xffe90505,
0xffe90505,
0xffe90505,
0xffe90505,
0xffe90505,
0xffe90505,
0xffe90505,
0xffe90505,
0xffe90505,
0xffe90505,
0xffe90505,
0xffe90505,
0xffe90505,
0xffe90505,
0xffe90505,
0xffe90505,
0xffe90505,
0xffe90505,
0xffe90505,
0xffe90505,
0xffe90505,
0xffe90505,
0xffe90505,
0xffe90505,
0xffe90505,
0xffe90505,
0xffe90505,
0xffe90505,
0xffe90505,
0xffe90505,
0xffe90505,
0xffe90505,
0xffe90505,
0xffe90505,
0xffe90505,
0xffe90505,
0xffe90505,
0xffe90505,
0xffe90505,
0xffe90505,
0xffe90505,
0xffe90505,
0xffe90505,
0xffe90505,
0xffe90505,
0xffe90505,
0xffe90505,
0xffe90505,
0xffe90505,
0xffe90505,
0xffe90505,
0xffe90505,
0xffe90505,
0xffe90505,
0xffe90505,
0xffe90505,
0xffe90505,
0xffe90505,
0xffe90505,
0xffe90505,
0xffe90505,
0xffe90505,
0xffe90505,
0xffe90505,
0xffe90505,
0xffe90505,
0xffe90505,
0xffe90505,
0xffe90505,
0xffe90505,
0xffe90505,
0xffe90505,
0xffe90505,
0xffe90505,
0xffe90505,
0xffe90505,
0xffe90505,
0xffe90505,
0xffe90505,
0xffe90505,
0xffe90505,
0xffe90505,
0xffe90505,
0xffe90505,
0xffe90505,
0xffe90505,
0xffe90505,
0xffe90505,
0xffe90505,
0xffe90505,
0xffe90505,
0xffe90505,
0xffe90505,
0xffe90505,
0xffe90505,
0xffe90505,
0xffe90505,
0xffe90505,
0xffe90505,
0xffe90505,
0xffe90505,
0xffe90505,
0xffe90505,
0xffe90505,
0xffe90505,
0xffe90505,
0xffe90505,
0xffe90505,
0xffe90505,
0xffe90505,
0xffe90505,
0xffe90505,
0xffe90505,
0xffe90505,
0xffe90505,
0xffe90505,
0xffe90505,
0xffe90505,
0xffe90505,
0xffe90505,
0xffe90505,
0xffe90505,
0xffe90505,
0xffe90505,
0xffe90505,
0xffe90505,
0xffe90505,
0xffe90505,
0xffe90505,
0xffe90505,
0xffe90505,
0xffe90505,
0xffe90505,
0xffe90505,
0xffe90505,
0xffe90505,
0xffe90505,
0xffe90505,
0xffe90505,
0xffe90505,
0xffe90505,
0xffe90505,
0xffe90505,
0xffe90505,
0xffe90505,
0xffe90505,
0xffe90505,
0xffe90505,
0xffe90505,
0xffe90505,
0xffe90505,
0xffe90505,
0xffe90505,
0xffe90505,
0xffe90505,
0xffe90505,
0xffe90505,
0xffe90505,
0xffe90505,
0xffe90505,
0xffe90505,
0xffe90505,
0xffe90505,
0xffe90505,
0xffe90505,
0xffe90505,
0xffe90505,
0xffe90505,
0xffe90505,
0xffe90505,
0xffe90505,
0xffe90505,
0xffe90505,
0xffe90505,
0xffe90505,
0xffe90505,
0xffe90505,
0xffe90505,
0xffe90505,
0xffe90505,
0xffe90505,
0xffe90505,
0xffe90505,
0xffe90505,
0xffe90505,
0xffe90505,
0xffe90505,
0xffe90505,
0xffe90505,
0xffe90505,
0xffe90505,
0xffe90505,
0xffe90505,
0xffe90505,
0xffe90505,
0xffe90505,
0xffe90505,
0xffe90505,
0xffe90505,
0xffe90505,
0xffe90505,
0xffe90505,
0xffe90505,
0xffe90505,
0xffe90505,
0xffe90505,
0xffe90505,
0xffe90505,
0xffe90505,
0xffe90505,
0xffe90505,
0xffe90505,
0xffe90505,
0xffe90505,
0xffe90505,
0xffe90505,
0xffe90505,
0xffe90505,
0xffe90505,
0xffe90505,
0xffe90505,
0xffe90505,
0xffe90505,
0xffe90505,
0xffe90505,
0xffe90505,
0xffe90505,
0xffe90505,
0xffe90505,
0xffe90505,
0xffe90505,
0xffe90505,
0xffe90505,
0xffe90505,
0xffe90505,
0xffe90505,
0xffe90505,
0xffe90505,
0xffe90505,
0xffe90505,
0xffe90505,
0xffe90505,
0xffe90505,
0xffe90505,
0xffe90505,
0xffe90505,
0xffe90505,
0xffe90505,
0xffe90505,
0xffe90505,
0xffe90505,
0xffe90505,
0xffe90505,
0xffe90505,
0xffe90505,
0xffe90505,
0xffe90505,
0xffe90505,
0xffe90505,
0xffe90505,
0xffe90505,
0xffe90505,
0xffe90505,
0xffe90505,
0xffe90505,
0xffe90505,
0xffe90505,
0xffe90505,
0xffe90505,
0xffe90505,
0xffe90505,
0xffe90505,
0xffe90505,
0xffe90505,
0xffe90505,
0xffe90505,
0xffe90505,
0xffe90505,
0xffe90505,
0xffe90505,
0xffe90505,
0xffe90505,
0xffe90505,
0xffe90505,
0xffe90505,
0xffe90505,
0xffe90505,
0xffe90505,
0xffe90505,
0xffe90505,
0xffe90505,
0xffe90505,
0xffe90505,
0xffe90505,
0xffe90505,
0xffe90505,
0xffe90505,
0xffe90505,
0xffe90505,
0xffe90505,
0xffe90505,
0xffe90505,
0xffe90505,
0xffe90505,
0xffe90505,
0xffe90505,
0xffe90505,
0xffe90505,
0xffe90505,
0xffe90505,
0xffe90505,
0xffe90505,
0xffe90505,
0xffe90505,
0xffe90505,
0xffe90505,
0xffe90505,
0xffe90505,
0xffe90505,
0xffe90505,
0xffe90505,
0xffe90505,
0xffe90505,
0xffe90505,
0xffe90505,
0xffe90505,
0xffe90505,
0xffe90505,
0xffe90505,
0xffe90505,
0xffe90505,
0xffe90505,
0xffe90505,
0xffe90505,
0xffe90505,
0xffe90505,
0xffe90505,
0xffe90505,
0xffe90505,
0xffe90505,
0xffe90505,
0xffe90505,
0xffe90505,
0xffe90505,
0xffe90505,
0xffe90505,
0xffe90505,
0xffe90505,
0xffe90505,
0xffe90505,
0xffe90505,
0xffe90505,
0xffe90505,
0xffe90505,
0xffe90505,
0xffe90505,
0xffe90505,
0xffe90505,
0xffe90505,
0xffe90505,
0xffe90505,
0xffe90505,
0xffe90505,
0xffe90505,
0xffe90505,
0xffe90505,
0xffe90505,
0xffe90505,
0xffe90505,
0xffe90505,
0xffe90505,
0xffe90505,
0xffe90505,
0xffe90505,
0xffe90505,
0xffe90505,
0xffe90505,
0xffe90505,
0xffe90505,
0xffe90505,
0xffe90505,
0xffe90505,
0xffe90505,
0xffe90505,
0xffe90505,
0xffe90505,
0xffe90505,
0xffe90505,
0xffe90505,
0xffe90505,
0xffe90505,
0xffe90505,
0xffe90505,
0xffe90505,
0xffe90505,
0xffe90505,
0xffe90505,
0xffe90505,
0xffe90505,
0xffe90505,
0xffe90505,
0xffe90505,
0xffe90505,
0xffe90505,
0xffe90505,
0xffe90505,
0xffe90505,
0xffe90505,
0xffe90505,
0xffe90505,
0xffe90505,
0xffe90505,
0xffe90505,
0xffe90505,
0xffe90505,
0xffe90505,
0xffe90505,
0xffe90505,
0xffe90505,
0xffe90505,
0xffe90505,
0xffe90505,
0xffe90505,
0xffe90505,
0xffe90505,
0xffe90505,
0xffe90505,
0xffe90505,
0xffe90505,
0xffe90505,
0xffe90505,
0xffe90505,
0xffe90505,
0xffe90505,
0xffe90505,
0xffe90505,
0xffe90505,
0xffe90505,
0xffe90505,
0xffe90505,
0xffe90505,
0xffe90505,
0xffe90505,
0xffe90505,
0xffe90505,
0xffe90505,
0xffe90505,
0xffe90505,
0xffe90505,
0xffe90505,
0xffe90505,
0xffe90505,
0xffe90505,
0xffe90505,
0xffe90505,
0xffe90505,
0xffe90505,
0xffe90505,
0xffe90505,
0xffe90505,
0xffe90505,
0xffe90505,
0xffe90505,
0xffe90505,
0xffe90505,
0xffe90505,
0xffe90505,
0xffe90505,
0xffe90505,
0xffe90505,
0xffe90505,
0xffe90505,
0xffe90505,
0xffe90505,
0xffe90505,
0xffe90505,
0xffe90505,
0xffe90505,
0xffe90505,
0xffe90505,
0xffe90505,
0xffe90505,
0xffe90505,
0xffe90505,
0xffe90505,
0xffe90505,
0xffe90505,
0xffe90505,
0xffe90505,
0xffe90505,
0xffe90505,
0xffe90505,
0xffe90505,
0xffe90505,
0xffe90505,
0xffe90505,
0xffe90505,
0xffe90505,
0xffe90505,
0xffe90505,
0xffe90505,
0xffe90505,
0xffe90505,
0xffe90505,
0xffe90505,
0xffe90505,
0xffe90505,
0xffe90505,
0xffe90505,
0xffe90505,
0xffe90505,
0xffe90505,
0xffe90505,
0xffe90505,
0xffe90505,
0xffe90505,
0xffe90505,
0xffe90505,
0xffe90505,
0xffe90505,
0xffe90505,
0xffe90505,
0xffe90505,
0xffe90505,
0xffe90505,
0xffe90505,
0xffe90505,
0xffe90505,
0xffe90505,
0xffe90505,
0xffe90505,
0xffe90505,
0xffe90505,
0xffe90505,
0xffe90505,
0xffe90505,
0xffe90505,
0xffe90505,
0xffe90505,
0xffe90505,
0xffe90505,
0xffe90505,
0xffe90505,
0xffe90505,
0xffe90505,
0xffe90505,
0xffe90505,
0xffe90505,
0xffe90505,
0xffe90505,
0xffe90505,
0xffe90505,
0xffe90505,
0xffe90505,
0xffe90505,
0xffe90505,
0xffe90505,
0xffe90505,
0xffe90505,
0xffe90505,
0xffe90505,
0xffe90505,
0xffe90505,
0xffe90505,
0xffe90505,
0xffe90505,
0xffe90505,
0xffe90505,
0xffe90505,
0xffe90505,
0xffe90505,
0xffe90505,
0xffe90505,
0xffe90505,
0xffe90505,
0xffe90505,
0xffe90505,
0xffe90505,
0xffe90505,
0xffe90505,
0xffe90505,
0xffe90505,
0xffe90505,
0xffe90505,
0xffe90505,
0xffe90505,
0xffe90505,
0xffe90505,
0xffe90505,
0xffe90505,
0xffe90505,
0xffe90505,
0xffe90505,
0xffe90505,
0xffe90505,
0xffe90505,
0xffe90505,
0xffe90505,
0xffe90505,
0xffe90505,
0xffe90505,
0xffe90505,
0xffe90505,
0xffe90505,
0xffe90505,
0xffe90505,
0xffe90505,
0xffe90505,
0xffe90505,
0xffe90505,
0xffe90505,
0xffe90505,
0xffe90505,
0xffe90505,
0xffe90505,
0xffe90505,
0xffe90505,
0xffe90505,
0xffe90505,
0xffe90505,
0xffe90505,
0xffe90505,
0xffe90505,
0xffe90505,
0xffe90505,
0xffe90505,
0xffe90505,
0xffe90505,
0xffe90505,
0xffe90505,
0xffe90505,
0xffe90505,
0xffe90505,
0xffe90505,
0xffe90505,
0xffe90505,
0xffe90505,
0xffe90505,
0xffe90505,
0xffe90505,
0xffe90505,
0xffe90505,
0xffe90505,
0xffe90505,
0xffe90505,
0xffe90505,
0xffe90505,
0xffe90505,
0xffe90505,
0xffe90505,
0xffe90505,
0xffe90505,
0xffe90505,
0xffe90505,
0xffe90505,
0xffe90505,
0xffe90505,
0xffe90505,
0xffe90505,
0xffe90505,
0xffe90505,
0xffe90505,
0xffe90505,
0xffe90505,
0xffe90505,
0xffe90505,
0xffe90505,
0xffe90505,
0xffe90505,
0xffe90505,
0xffe90505,
0xffe90505,
0xffe90505,
0xffe90505,
0xffe90505,
0xffe90505,
0xffe90505,
0xffe90505,
0xffe90505,
0xffe90505,
0xffe90505,
0xffe90505,
0xffe90505,
0xffe90505,
0xffe90505,
0xffe90505,
0xffe90505,
0xffe90505,
0xffe90505,
0xffe90505,
0xffe90505,
0xffe90505,
0xffe90505,
0xffe90505,
0xffe90505,
0xffe90505,
0xffe90505,
0xffe90505,
0xffe90505,
0xffe90505,
0xffe90505,
0xffe90505,
0xffe90505,
0xffe90505,
0xffe90505,
0xffe90505,
0xffe90505,
0xffe90505,
0xffe90505,
0xffe90505,
0xffe90505,
0xffe90505,
0xffe90505,
0xffe90505,
0xffe90505,
0xffe90505,
0xffe90505,
0xffe90505,
0xffe90505,
0xffe90505,
0xffe90505,
0xffe90505,
0xffe90505,
0xffe90505,
0xffe90505,
0xffe90505,
0xffe90505,
0xffe90505,
0xffe90505,
0xffe90505,
0xffe90505,
0xffe90505,
0xffe90505,
0xffe90505,
0xffe90505,
0xffe90505,
0xffe90505,
0xffe90505,
0xffe90505,
0xffe90505,
0xffe90505,
0xffe90505,
0xffe90505,
0xffe90505,
0xffe90505,
0xffe90505,
0xffe90505,
0xffe90505,
0xffe90505,
0xffe90505,
0xffe90505,
0xffe90505,
0xffe90505,
0xffe90505,
0xffe90505,
0xffe90505,
0xffe90505,
0xffe90505,
0xffe90505,
0xffe90505,
0xffe90505,
0xffe90505,
0xffe90505,
0xffe90505,
0xffe90505,
0xffe90505,
0xffe90505,
0xffe90505,
0xffe90505,
0xffe90505,
0xffe90505,
0xffe90505,
0xffe90505,
0xffe90505,
0xffe90505,
0xffe90505,
0xffe90505,
0xffe90505,
0xffe90505,
0xffe90505,
0xffe90505,
0xffe90505,
0xffe90505,
0xffe90505,
0xffe90505,
0xffe90505,
0xffe90505,
0xffe90505,
0xffe90505,
0xffe90505,
0xffe90505,
0xffe90505,
0xffe90505,
0xffe90505,
0xffe90505,
0xffe90505,
0xffe90505,
0xffe90505,
0xffe90505,
0xffe90505,
0xffe90505,
0xffe90505,
0xffe90505,
0xffe90505,
0xffe90505,
0xffe90505,
0xffe90505,
0xffe90505,
0xffe90505,
0xffe90505,
0xffe90505,
0xffe90505,
0xffe90505,
0xffe90505,
0xffe90505,
0xffe90505,
0xffe90505,
0xffe90505,
0xffe90505,
0xffe90505,
0xffe90505,
0xffe90505,
0xffe90505,
0xffe90505,
0xffe90505,
0xffe90505,
0xffe90505,
0xffe90505,
0xffe90505,
0xffe90505,
0xffe90505,
0xffe90505,
0xffe90505,
0xffe90505,
0xffe90505,
0xffe90505,
0xffe90505,
0xffe90505,
0xffe90505,
0xffe90505,
0xffe90505,
0xffe90505,
0xffe90505,
0xffe90505,
0xffe90505,
0xffe90505,
0xffe90505,
0xffe90505,
0xffe90505,
0xffe90505,
0xffe90505,
0xffe90505,
0xffe90505,
0xffe90505,
0xffe90505,
0xffe90505,
0xffe90505,
0xffe90505,
0xffe90505,
0xffe90505,
0xffe90505,
0xffe90505,
0xffe90505,
0xffe90505,
0xffe90505,
0xffe90505,
0xffe90505,
0xffe90505,
0xffe90505,
0xffe90505,
0xffe90505,
0xffe90505,
0xffe90505,
0xffe90505,
0xffe90505,
0xffe90505,
0xffe90505,
0xffe90505,
0xffe90505,
0xffe90505,
0xffe90505,
0xffe90505,
0xffe90505,
0xffe90505,
0xffe90505,
0xffe90505,
0xffe90505,
0xffe90505,
0xffe90505,
0xffe90505,
0xffe90505,
0xffe90505,
0xffe90505,
0xffe90505,
0xffe90505,
0xffe90505,
0xffe90505,
0xffe90505,
0xffe90505,
0xffe90505,
0xffe90505,
0xffe90505,
0xffe90505,
0xffe90505,
0xffe90505,
0xffe90505,
0xffe90505,
0xffe90505,
0xffe90505,
0xffe90505,
0xffe90505,
0xffe90505,
0xffe90505,
0xffe90505,
0xffe90505,
0xffe90505,
0xffe90505,
0xffe90505,
0xffe90505,
0xffe90505,
0xffe90505,
0xffe90505,
0xffe90505,
0xffe90505,
0xffe90505,
0xffe90505,
0xffe90505,
0xffe90505,
0xffe90505,
0xffe90505,
0xffe90505,
0xffe90505,
0xffe90505,
0xffe90505,
0xffe90505,
0xffe90505,
0xffe90505,
0xffe90505,
0xffe90505,
0xffe90505,
0xffe90505,
0xffe90505,
0xffe90505,
0xffe90505,
0xffe90505,
0xffe90505,
0xffe90505,
0xffe90505,
0xffe90505,
0xffe90505,
0xffe90505,
0xffe90505,
0xffe90505,
0xffe90505,
0xffe90505,
0xffe90505,
0xffe90505,
0xffe90505,
0xffe90505,
0xffe90505,
0xffe90505,
0xffe90505,
0xffe90505,
0xffe90505,
0xffe90505,
0xffe90505,
0xffe90505,
0xffe90505,
0xffe90505,
0xffe90505,
0xffe90505,
0xffe90505,
0xffe90505,
0xffe90505,
0xffe90505,
0xffe90505,
0xffe90505,
0xffe90505,
0xffe90505,
0xffe90505,
0xffe90505,
0xffe90505,
0xffe90505,
0xffe90505,
0xffe90505,
0xffe90505,
0xffe90505,
0xffe90505,
0xffe90505,
0xffe90505,
0xffe90505,
0xffe90505,
0xffe90505,
0xffe90505,
0xffe90505,
0xffe90505,
0xffe90505,
0xffe90505,
0xffe90505,
0xffe90505,
0xffe90505,
0xffe90505,
0xffe90505,
0xffe90505,
0xffe90505,
0xffe90505,
0xffe90505,
0xffe90505,
0xffe90505,
0xffe90505,
0xffe90505,
0xffe90505,
0xffe90505,
0xffe90505,
0xffe90505,
0xffe90505,
0xffe90505,
0xffe90505,
0xffe90505,
0xffe90505,
0xffe90505,
0xffe90505,
0xffe90505,
0xffe90505,
0xffe90505,
0xffe90505,
0xffe90505,
0xffe90505,
0xffe90505,
0xffe90505,
0xffe90505,
0xffe90505,
0xffe90505,
0xffe90505,
0xffe90505,
0xffe90505,
0xffe90505,
0xffe90505,
0xffe90505,
0xffe90505,
0xffe90505,
0xffe90505,
0xffe90505,
0xffe90505,
0xffe90505,
0xffe90505,
0xffe90505,
0xffe90505,
0xffe90505,
0xffe90505,
0xffe90505,
0xffe90505,
0xffe90505,
0xffe90505,
0xffe90505,
0xffe90505,
0xffe90505,
0xffe90505,
0xffe90505,
0xffe90505,
0xffe90505,
0xffe90505,
0xffe90505,
0xffe90505,
0xffe90505,
0xffe90505,
0xffe90505,
0xffe90505,
0xffe90505,
0xffe90505,
0xffe90505,
0xffe90505,
0xffe90505,
0xffe90505,
0xffe90505,
0xffe90505,
0xffe90505,
0xffe90505,
0xffe90505,
0xffe90505,
0xffe90505,
0xffe90505,
0xffe90505,
0xffe90505,
0xffe90505,
0xffe90505,
0xffe90505,
0xffe90505,
0xffe90505,
0xffe90505,
0xffe90505,
0xffe90505,
0xffe90505,
0xffe90505,
0xffe90505,
0xffe90505,
0xffe90505,
0xffe90505,
0xffe90505,
0xffe90505,
0xffe90505,
0xffe90505,
0xffe90505,
0xffe90505,
0xffe90505,
0xffe90505,
0xffe90505,
0xffe90505,
0xffe90505,
0xffe90505,
0xffe90505,
0xffe90505,
0xffe90505,
0xffe90505,
0xffe90505,
0xffe90505,
0xffe90505,
0xffe90505,
0xffe90505,
0xffe90505,
0xffe90505,
0xffe90505,
0xffe90505,
0xffe90505,
0xffe90505,
0xffe90505,
0xffe90505,
0xffe90505,
0xffe90505,
0xffe90505,
0xffe90505,
0xffe90505,
0xffe90505,
0xffe90505,
0xffe90505,
0xffe90505,
0xffe90505,
0xffe90505,
0xffe90505,
0xffe90505,
0xffe90505,
0xffe90505,
0xffe90505,
0xffe90505,
0xffe90505,
0xffe90505,
0xffe90505,
0xffe90505,
0xffe90505,
0xffe90505,
0xffe90505,
0xffe90505,
0xffe90505,
0xffe90505,
0xffe90505,
0xffe90505,
0xffe90505,
0xffe90505,
0xffe90505,
0xffe90505,
0xffe90505,
0xffe90505,
0xffe90505,
0xffe90505,
0xffe90505,
0xffe90505,
0xffe90505,
0xffe90505,
0xffe90505,
0xffe90505,
0xffe90505,
0xffe90505,
0xffe90505,
0xffe90505,
0xffe90505,
0xffe90505,
0xffe90505,
0xffe90505,
0xffe90505,
0xffe90505,
0xffe90505,
0xffe90505,
0xffe90505,
0xffe90505,
0xffe90505,
0xffe90505,
0xffe90505,
0xffe90505,
0xffe90505,
0xffe90505,
0xffe90505,
0xffe90505,
0xffe90505,
0xffe90505,
0xffe90505,
0xffe90505,
0xffe90505,
0xffe90505,
0xffe90505,
0xffe90505,
0xffe90505,
0xffe90505,
0xffe90505,
0xffe90505,
0xffe90505,
0xffe90505,
0xffe90505,
0xffe90505,
0xffe90505,
0xffe90505,
0xffe90505,
0xffe90505,
0xffe90505,
0xffe90505,
0xffe90505,
0xffe90505,
0xffe90505,
0xffe90505,
0xffe90505,
0xffe90505,
0xffe90505,
0xffe90505,
0xffe90505,
0xffe90505,
0xffe90505,
0xffe90505,
0xffe90505,
0xffe90505,
0xffe90505,
0xffe90505,
0xffe90505,
0xffe90505,
0xffe90505,
0xffe90505,
0xffe90505,
0xffe90505,
0xffe90505,
0xffe90505,
0xffe90505,
0xffe90505,
0xffe90505,
0xffe90505,
0xffe90505,
0xffe90505,
0xffe90505,
0xffe90505,
0xffe90505,
0xffe90505,
0xffe90505,
0xffe90505,
0xffe90505,
0xffe90505,
0xffe90505,
0xffe90505,
0xffe90505,
0xffe90505,
0xffe90505,
0xffe90505,
0xffe90505,
0xffe90505,
0xffe90505,
0xffe90505,
0xffe90505,
0xffe90505,
0xffe90505,
0xffe90505,
0xffe90505,
0xffe90505,
0xffe90505,
0xffe90505,
0xffe90505,
0xffe90505,
0xffe90505,
0xffe90505,
0xffe90505,
0xffe90505,
0xffe90505,
0xffe90505,
0xffe90505,
0xffe90505,
0xffe90505,
0xffe90505,
0xffe90505,
0xffe90505,
0xffe90505,
0xffe90505,
0xffe90505,
0xffe90505,
0xffe90505,
0xffe90505,
0xffe90505,
0xffe90505,
0xffe90505,
0xffe90505,
0xffe90505,
0xffe90505,
0xffe90505,
0xffe90505,
0xffe90505,
0xffe90505,
0xffe90505,
0xffe90505,
0xffe90505,
0xffe90505,
0xffe90505,
0xffe90505,
0xffe90505,
0xffe90505,
0xffe90505,
0xffe90505,
0xffe90505,
0xffe90505,
0xffe90505,
0xffe90505,
0xffe90505,
0xffe90505,
0xffe90505,
0xffe90505,
0xffe90505,
0xffe90505,
0xffe90505,
0xffe90505,
0xffe90505,
0xffe90505,
0xffe90505,
0xffe90505,
0xffe90505,
0xffe90505,
0xffe90505,
0xffe90505,
0xffe90505,
0xffe90505,
0xffe90505,
0xffe90505,
0xffe90505,
0xffe90505,
0xffe90505,
0xffe90505,
0xffe90505,
0xffe90505,
0xffe90505,
0xffe90505,
0xffe90505,
0xffe90505,
0xffe90505,
0xffe90505,
0xffe90505,
0xffe90505,
0xffe90505,
0xffe90505,
0xffe90505,
0xffe90505,
0xffe90505,
0xffe90505,
0xffe90505,
0xffe90505,
0xffe90505,
0xffe90505,
0xffe90505,
0xffe90505,
0xffe90505,
0xffe90505,
0xffe90505,
0xffe90505,
0xffe90505,
0xffe90505,
0xffe90505,
0xffe90505,
0xffe90505,
0xffe90505,
0xffe90505,
0xffe90505,
0xffe90505,
0xffe90505,
0xffe90505,
0xffe90505,
0xffe90505,
0xffe90505,
0xffe90505,
0xffe90505,
0xffe90505,
0xffe90505,
0xffe90505,
0xffe90505,
0xffe90505,
0xffe90505,
0xffe90505,
0xffe90505,
0xffe90505,
0xffe90505,
0xffe90505,
0xffe90505,
0xffe90505,
0xffe90505,
0xffe90505,
0xffe90505,
0xffe90505,
0xffe90505,
0xffe90505,
0xffe90505,
0xffe90505,
0xffe90505,
0xffe90505,
0xffe90505,
0xffe90505,
0xffe90505,
0xffe90505,
0xffe90505,
0xffe90505,
0xffe90505,
0xffe90505,
0xffe90505,
0xffe90505,
0xffe90505,
0xffe90505,
0xffe90505,
0xffe90505,
0xffe90505,
0xffe90505,
0xffe90505,
0xffe90505,
0xffe90505,
0xffe90505,
0xffe90505,
0xffe90505,
0xffe90505,
0xffe90505,
0xffe90505,
0xffe90505,
0xffe90505,
0xffe90505,
0xffe90505,
0xffe90505,
0xffe90505,
0xffe90505,
0xffe90505,
0xffe90505,
0xffe90505,
0xffe90505,
0xffe90505,
0xffe90505,
0xffe90505,
0xffe90505,
0xffe90505,
0xffe90505,
0xffe90505,
0xffe90505,
0xffe90505,
0xffe90505,
0xffe90505,
0xffe90505,
0xffe90505,
0xffe90505,
0xffe90505,
0xffe90505,
0xffe90505,
0xffe90505,
0xffe90505,
0xffe90505,
0xffe90505,
0xffe90505,
0xffe90505,
0xffe90505,
0xffe90505,
0xffe90505,
0xffe90505,
0xffe90505,
0xffe90505,
0xffe90505,
0xffe90505,
0xffe90505,
0xffe90505,
0xffe90505,
0xffe90505,
0xffe90505,
0xffe90505,
0xffe90505,
0xffe90505,
0xffe90505,
0xffe90505,
0xffe90505,
0xffe90505,
0xffe90505,
0xffe90505,
0xffe90505,
0xffe90505,
0xffe90505,
0xffe90505,
0xffe90505,
0xffe90505,
0xffe90505,
0xffe90505,
0xffe90505,
0xffe90505,
0xffe90505,
0xffe90505,
0xffe90505,
0xffe90505,
0xffe90505,
0xffe90505,
0xffe90505,
0xffe90505,
0xffe90505,
0xffe90505,
0xffe90505,
0xffe90505,
0xffe90505,
0xffe90505,
0xffe90505,
0xffe90505,
0xffe90505,
0xffe90505,
0xffe90505,
0xffe90505,
0xffe90505,
0xffe90505,
0xffe90505,
0xffe90505,
0xffe90505,
0xffe90505,
0xffe90505,
0xffe90505,
0xffe90505,
0xffe90505,
0xffe90505,
0xffe90505,
0xffe90505,
0xffe90505,
0xffe90505,
0xffe90505,
0xffe90505,
0xffe90505,
0xffe90505,
0xffe90505,
0xffe90505,
0xffe90505,
0xffe90505,
0xffe90505,
0xffe90505,
0xffe90505,
0xffe90505,
0xffe90505,
0xffe90505,
0xffe90505,
0xffe90505,
0xffe90505,
0xffe90505,
0xffe90505,
0xffe90505,
0xffe90505,
0xffe90505,
0xffe90505,
0xffe90505,
0xffe90505,
0xffe90505,
0xffe90505,
0xffe90505,
0xffe90505,
0xffe90505,
0xffe90505,
0xffe90505,
0xffe90505,
0xffe90505,
0xffe90505,
0xffe90505,
0xffe90505,
0xffe90505,
0xffe90505,
0xffe90505,
0xffe90505,
0xffe90505,
0xffe90505,
0xffe90505,
0xffe90505,
0xffe90505,
0xffe90505,
0xffe90505,
0xffe90505,
0xffe90505,
0xffe90505,
0xffe90505,
0xffe90505,
0xffe90505,
0xffe90505,
0xffe90505,
0xffe90505,
0xffe90505,
0xffe90505,
0xffe90505,
0xffe90505,
0xffe90505,
0xffe90505,
0xffe90505,
0xffe90505,
0xffe90505,
0xffe90505,
0xffe90505,
0xffe90505,
0xffe90505,
0xffe90505,
0xffe90505,
0xffe90505,
0xffe90505,
0xffe90505,
0xffe90505,
0xffe90505,
0xffe90505,
0xffe90505,
0xffe90505,
0xffe90505,
0xffe90505,
0xffe90505,
0xffe90505,
0xffe90505,
0xffe90505,
0xffe90505,
0xffe90505,
0xffe90505,
0xffe90505,
0xffe90505,
0xffe90505,
0xffe90505,
0xffe90505,
0xffe90505,
0xffe90505,
0xffe90505,
0xffe90505,
0xffe90505,
0xffe90505,
0xffe90505,
0xffe90505,
0xffe90505,
0xffe90505,
0xffe90505,
0xffe90505,
0xffe90505,
0xffe90505,
0xffe90505,
0xffe90505,
0xffe90505,
0xffe90505,
0xffe90505,
0xffe90505,
0xffe90505,
0xffe90505,
0xffe90505,
0xffe90505,
0xffe90505,
0xffe90505,
0xffe90505,
0xffe90505,
0xffe90505,
0xffe90505,
0xffe90505,
0xffe90505,
0xffe90505,
0xffe90505,
0xffe90505,
0xffe90505,
0xffe90505,
0xffe90505,
0xffe90505,
0xffe90505,
0xffe90505,
0xffe90505,
0xffe90505,
0xffe90505,
0xffe90505,
0xffe90505,
0xffe90505,
0xffe90505,
0xffe90505,
0xffe90505,
0xffe90505,
0xffe90505,
0xffe90505,
0xffe90505,
0xffe90505,
0xffe90505,
0xffe90505,
0xffe90505,
0xffe90505,
0xffe90505,
0xffe90505,
0xffe90505,
0xffe90505,
0xffe90505,
0xffe90505,
0xffe90505,
0xffe90505,
0xffe90505,
0xffe90505,
0xffe90505,
0xffe90505,
0xffe90505,
0xffe90505,
0xffe90505,
0xffe90505,
0xffe90505,
0xffe90505,
0xffe90505,
0xffe90505,
0xffe90505,
0xffe90505,
0xffe90505,
0xffe90505,
0xffe90505,
0xffe90505,
0xffe90505,
0xffe90505,
0xffe90505,
0xffe90505,
0xffe90505,
0xffe90505,
0xffe90505,
0xffe90505,
0xffe90505,
0xffe90505,
0xffe90505,
0xffe90505,
0xffe90505,
0xffe90505,
0xffe90505,
0xffe90505,
0xffe90505,
0xffe90505,
0xffe90505,
0xffe90505,
0xffe90505,
0xffe90505,
0xffe90505,
0xffe90505,
0xffe90505,
0xffe90505,
0xffe90505,
0xffe90505,
0xffe90505,
0xffe90505,
0xffe90505,
0xffe90505,
0xffe90505,
0xffe90505,
0xffe90505,
0xffe90505,
0xffe90505,
0xffe90505,
0xffe90505,
0xffe90505,
0xffe90505,
0xffe90505,
0xffe90505,
0xffe90505,
0xffe90505,
0xffe90505,
0xffe90505,
0xffe90505,
0xffe90505,
0xffe90505,
0xffe90505,
0xffe90505,
0xffe90505,
0xffe90505,
0xffe90505,
0xffe90505,
0xffe90505,
0xffe90505,
0xffe90505,
0xffe90505,
0xffe90505,
0xffe90505,
0xffe90505,
0xffe90505,
0xffe90505,
0xffe90505,
0xffe90505,
0xffe90505,
0xffe90505,
0xffe90505,
0xffe90505,
0xffe90505,
0xffe90505,
0xffe90505,
0xffe90505,
0xffe90505,
0xffe90505,
0xffe90505,
0xffe90505,
0xffe90505,
0xffe90505,
0xffe90505,
0xffe90505,
0xffe90505,
0xffe90505,
0xffe90505,
0xffe90505,
0xffe90505,
0xffe90505,
0xffe90505,
0xffe90505,
0xffe90505,
0xffe90505,
0xffe90505,
0xffe90505,
0xffe90505,
0xffe90505,
0xffe90505,
0xffe90505,
0xffe90505,
0xffe90505,
0xffe90505,
0xffe90505,
0xffe90505,
0xffe90505,
0xffe90505,
0xffe90505,
0xffe90505,
0xffe90505,
0xffe90505,
0xffe90505,
0xffe90505,
0xffe90505,
0xffe90505,
0xffe90505,
0xffe90505,
0xffe90505,
0xffe90505,
0xffe90505,
0xffe90505,
0xffe90505,
0xffe90505,
0xffe90505,
0xffe90505,
0xffe90505,
0xffe90505,
0xffe90505,
0xffe90505,
0xffe90505,
0xffe90505,
0xffe90505,
0xffe90505,
0xffe90505,
0xffe90505,
0xffe90505,
0xffe90505,
0xffe90505,
0xffe90505,
0xffe90505,
0xffe90505,
0xffe90505,
0xffe90505,
0xffe90505,
0xffe90505,
0xffe90505,
0xffe90505,
0xffe90505,
0xffe90505,
0xffe90505,
0xffe90505,
0xffe90505,
0xffe90505,
0xffe90505,
0xffe90505,
0xffe90505,
0xffe90505,
0xffe90505,
0xffe90505,
0xffe90505,
0xffe90505,
0xffe90505,
0xffe90505,
0xffe90505,
0xffe90505,
0xffe90505,
0xffe90505,
0xffe90505,
0xffe90505,
0xffe90505,
0xffe90505,
0xffe90505,
0xffe90505,
0xffe90505,
0xffe90505,
0xffe90505,
0xffe90505,
0xffe90505,
0xffe90505,
0xffe90505,
0xffe90505,
0xffe90505,
0xffe90505,
0xffe90505,
0xffe90505,
0xffe90505,
0xffe90505,
0xffe90505,
0xffe90505,
0xffe90505,
0xffe90505,
0xffe90505,
0xffe90505,
0xffe90505,
0xffe90505,
0xffe90505,
0xffe90505,
0xffe90505,
0xffe90505,
0xffe90505,
0xffe90505,
0xffe90505,
0xffe90505,
0xffe90505,
0xffe90505,
0xffe90505,
0xffe90505,
0xffe90505,
0xffe90505,
0xffe90505,
0xffe90505,
0xffe90505,
0xffe90505,
0xffe90505,
0xffe90505,
0xffe90505,
0xffe90505,
0xffe90505,
0xffe90505,
0xffe90505,
0xffe90505,
0xffe90505,
0xffe90505,
0xffe90505,
0xffe90505,
0xffe90505,
0xffe90505,
0xffe90505,
0xffe90505,
0xffe90505,
0xffe90505,
0xffe90505,
0xffe90505,
0xffe90505,
0xffe90505,
0xffe90505,
0xffe90505,
0xffe90505,
0xffe90505,
0xffe90505,
0xffe90505,
0xffe90505,
0xffe90505,
0xffe90505,
0xffe90505,
0xffe90505,
0xffe90505,
0xffe90505,
0xffe90505,
0xffe90505,
0xffe90505,
0xffe90505,
0xffe90505,
0xffe90505,
0xffe90505,
0xffe90505,
0xffe90505,
0xffe90505,
0xffe90505,
0xffe90505,
0xffe90505,
0xffe90505,
0xffe90505,
0xffe90505,
0xffe90505,
0xffe90505,
0xffe90505,
0xffe90505,
0xffe90505,
0xffe90505,
0xffe90505,
0xffe90505,
0xffe90505,
0xffe90505,
0xffe90505,
0xffe90505,
0xffe90505,
0xffe90505,
0xffe90505,
0xffe90505,
0xffe90505,
0xffe90505,
0xffe90505,
0xffe90505,
0xffe90505,
0xffe90505,
0xffe90505,
0xffe90505,
0xffe90505,
0xffe90505,
0xffe90505,
0xffe90505,
0xffe90505,
0xffe90505,
0xffe90505,
0xffe90505,
0xffe90505,
0xffe90505,
0xffe90505,
0xffe90505,
0xffe90505,
0xffe90505,
0xffe90505,
0xffe90505,
0xffe90505,
0xffe90505,
0xffe90505,
0xffe90505,
0xffe90505,
0xffe90505,
0xffe90505,
0xffe90505,
0xffe90505,
0xffe90505,
0xffe90505,
0xffe90505,
0xffe90505,
0xffe90505,
0xffe90505,
0xffe90505,
0xffe90505,
0xffe90505,
0xffe90505,
0xffe90505,
0xffe90505,
0xffe90505,
0xffe90505,
0xffe90505,
0xffe90505,
0xffe90505,
0xffe90505,
0xffe90505,
0xffe90505,
0xffe90505,
0xffe90505,
0xffe90505,
0xffe90505,
0xffe90505,
0xffe90505,
0xffe90505,
0xffe90505,
0xffe90505,
0xffe90505,
0xffe90505,
0xffe90505,
0xffe90505,
0xffe90505,
0xffe90505,
0xffe90505,
0xffe90505,
0xffe90505,
0xffe90505,
0xffe90505,
0xffe90505,
0xffe90505,
0xffe90505,
0xffe90505,
0xffe90505,
0xffe90505,
0xffe90505,
0xffe90505,
0xffe90505,
0xffe90505,
0xffe90505,
0xffe90505,
0xffe90505,
0xffe90505,
0xffe90505,
0xffe90505,
0xffe90505,
0xffe90505,
0xffe90505,
0xffe90505,
0xffe90505,
0xffe90505,
0xffe90505,
0xffe90505,
0xffe90505,
0xffe90505,
0xffe90505,
0xffe90505,
0xffe90505,
0xffe90505,
0xffe90505,
0xffe90505,
0xffe90505,
0xffe90505,
0xffe90505,
0xffe90505,
0xffe90505,
0xffe90505,
0xffe90505,
0xffe90505,
0xffe90505,
0xffe90505,
0xffe90505,
0xffe90505,
0xffe90505,
0xffe90505,
0xffe90505,
0xffe90505,
0xffe90505,
0xffe90505,
0xffe90505,
0xffe90505,
0xffe90505,
0xffe90505,
0xffe90505,
0xffe90505,
0xffe90505,
0xffe90505,
0xffe90505,
0xffe90505,
0xffe90505,
0xffe90505,
0xffe90505,
0xffe90505,
0xffe90505,
0xffe90505,
0xffe90505,
0xffe90505,
0xffe90505,
0xffe90505,
0xffe90505,
0xffe90505,
0xffe90505,
0xffe90505,
0xffe90505,
0xffe90505,
0xffe90505,
0xffe90505,
0xffe90505,
0xffe90505,
0xffe90505,
0xffe90505,
0xffe90505,
0xffe90505,
0xffe90505,
0xffe90505,
0xffe90505,
0xffe90505,
0xffe90505,
0xffe90505,
0xffe90505,
0xffe90505,
0xffe90505,
0xffe90505,
0xffe90505,
0xffe90505,
0xffe90505,
0xffe90505,
0xffe90505,
0xffe90505,
0xffe90505,
0xffe90505,
0xffe90505,
0xffe90505,
0xffe90505,
0xffe90505,
0xffe90505,
0xffe90505,
0xffe90505,
0xffe90505,
0xffe90505,
0xffe90505,
0xffe90505,
0xffe90505,
0xffe90505,
0xffe90505,
0xffe90505,
0xffe90505,
0xffe90505,
0xffe90505,
0xffe90505,
0xffe90505,
0xffe90505,
0xffe90505,
0xffe90505,
0xffe90505,
0xffe90505,
0xffe90505,
0xffe90505,
0xffe90505,
0xffe90505,
0xffe90505,
0xffe90505,
0xffe90505,
0xffe90505,
0xffe90505,
0xffe90505,
0xffe90505,
0xffe90505,
0xffe90505,
0xffe90505,
0xffe90505,
0xffe90505,
0xffe90505,
0xffe90505,
0xffe90505,
0xffe90505,
0xffe90505,
0xffe90505,
0xffe90505,
0xffe90505,
0xffe90505,
0xffe90505,
0xffe90505,
0xffe90505,
0xffe90505,
0xffe90505,
0xffe90505,
0xffe90505,
0xffe90505,
0xffe90505,
0xffe90505,
0xffe90505,
0xffe90505,
0xffe90505,
0xffe90505,
0xffe90505,
0xffe90505,
0xffe90505,
0xffe90505,
0xffe90505,
0xffe90505,
0xffe90505,
0xffe90505,
0xffe90505,
0xffe90505,
0xffe90505,
0xffe90505,
0xffe90505,
0xffe90505,
0xffe90505,
0xffe90505,
0xffe90505,
0xffe90505,
0xffe90505,
0xffe90505,
0xffe90505,
0xffe90505,
0xffe90505,
0xffe90505,
0xffe90505,
0xffe90505,
0xffe90505,
0xffe90505,
0xffe90505,
0xffe90505,
0xffe90505,
0xffe90505,
0xffe90505,
0xffe90505,
0xffe90505,
0xffe90505,
0xffe90505,
0xffe90505,
0xffe90505,
0xffe90505,
0xffe90505,
0xffe90505,
0xffe90505,
0xffe90505,
0xffe90505,
0xffe90505,
0xffe90505,
0xffe90505,
0xffe90505,
0xffe90505,
0xffe90505,
0xffe90505,
0xffe90505,
0xffe90505,
0xffe90505,
0xffe90505,
0xffe90505,
0xffe90505,
0xffe90505,
0xffe90505,
0xffe90505,
0xffe90505,
0xffe90505,
0xffe90505,
0xffe90505,
0xffe90505,
0xffe90505,
0xffe90505,
0xffe90505,
0xffe90505,
0xffe90505,
0xffe90505,
0xffe90505,
0xffe90505,
0xffe90505,
0xffe90505,
0xffe90505,
0xffe90505,
0xffe90505,
0xffe90505,
0xffe90505,
0xffe90505,
0xffe90505,
0xffe90505,
0xffe90505,
0xffe90505,
0xffe90505,
0xffe90505,
0xffe90505,
0xffe90505,
0xffe90505,
0xffe90505,
0xffe90505,
0xffe90505,
0xffe90505,
0xffe90505,
0xffe90505,
0xffe90505,
0xffe90505,
0xffe90505,
0xffe90505,
0xffe90505,
0xffe90505,
0xffe90505,
0xffe90505,
0xffe90505,
0xffe90505,
0xffe90505,
0xffe90505,
0xffe90505,
0xffe90505,
0xffe90505,
0xffe90505,
0xffe90505,
0xffe90505,
0xffe90505,
0xffe90505,
0xffe90505,
0xffe90505,
0xffe90505,
0xffe90505,
0xffe90505,
0xffe90505,
0xffe90505,
0xffe90505,
0xffe90505,
0xffe90505,
0xffe90505,
0xffe90505,
0xffe90505,
0xffe90505,
0xffe90505,
0xffe90505,
0xffe90505,
0xffe90505,
0xffe90505,
0xffe90505,
0xffe90505,
0xffe90505,
0xffe90505,
0xffe90505,
0xffe90505,
0xffe90505,
0xffe90505,
0xffe90505,
0xffe90505,
0xffe90505,
0xffe90505,
0xffe90505,
0xffe90505,
0xffe90505,
0xffe90505,
0xffe90505,
0xffe90505,
0xffe90505,
0xffe90505,
0xffe90505,
0xffe90505,
0xffe90505,
0xffe90505,
0xffe90505,
0xffe90505,
0xffe90505,
0xffe90505,
0xffe90505,
0xffe90505,
0xffe90505,
0xffe90505,
0xffe90505,
0xffe90505,
0xffe90505,
0xffe90505,
0xffe90505,
0xffe90505,
0xffe90505,
0xffe90505,
0xffe90505,
0xffe90505,
0xffe90505,
0xffe90505,
0xffe90505,
0xffe90505,
0xffe90505,
0xffe90505,
0xffe90505,
0xffe90505,
0xffe90505,
0xffe90505,
0xffe90505,
0xffe90505,
0xffe90505,
0xffe90505,
0xffe90505,
0xffe90505,
0xffe90505,
0xffe90505,
0xffe90505,
0xffe90505,
0xffe90505,
0xffe90505,
0xffe90505,
0xffe90505,
0xffe90505,
0xffe90505,
0xffe90505,
0xffe90505,
0xffe90505,
0xffe90505,
0xffe90505,
0xffe90505,
0xffe90505,
0xffe90505,
0xffe90505,
0xffe90505,
0xffe90505,
0xffe90505,
0xffe90505,
0xffe90505,
0xffe90505,
0xffe90505,
0xffe90505,
0xffe90505,
0xffe90505,
0xffe90505,
0xffe90505,
0xffe90505,
0xffe90505,
0xffe90505,
0xffe90505,
0xffe90505,
0xffe90505,
0xffe90505,
0xffe90505,
0xffe90505,
0xffe90505,
0xffe90505,
0xffe90505,
0xffe90505,
0xffe90505,
0xffe90505,
0xffe90505,
0xffe90505,
0xffe90505,
0xffe90505,
0xffe90505,
0xffe90505,
0xffe90505,
0xffe90505,
0xffe90505,
0xffe90505,
0xffe90505,
0xffe90505,
0xffe90505,
0xffe90505,
0xffe90505,
0xffe90505,
0xffe90505,
0xffe90505,
0xffe90505,
0xffe90505,
0xffe90505,
0xffe90505,
0xffe90505,
0xffe90505,
0xffe90505,
0xffe90505,
0xffe90505,
0xffe90505,
0xffe90505,
0xffe90505,
0xffe90505,
0xffe90505,
0xffe90505,
0xffe90505,
0xffe90505,
0xffe90505,
0xffe90505,
0xffe90505,
0xffe90505,
0xffe90505,
0xffe90505,
0xffe90505,
0xffe90505,
0xffe90505,
0xffe90505,
0xffe90505,
0xffe90505,
0xffe90505,
0xffe90505,
0xffe90505,
0xffe90505,
0xffe90505,
0xffe90505,
0xffe90505,
0xffe90505,
0xffe90505,
0xffe90505,
0xffe90505,
0xffe90505,
0xffe90505,
0xffe90505,
0xffe90505,
0xffe90505,
0xffe90505,
0xffe90505,
0xffe90505,
0xffe90505,
0xffe90505,
0xffe90505,
0xffe90505,
0xffe90505,
0xffe90505,
0xffe90505,
0xffe90505,
0xffe90505,
0xffe90505,
0xffe90505,
0xffe90505,
0xffe90505,
0xffe90505,
0xffe90505,
0xffe90505,
0xffe90505,
0xffe90505,
0xffe90505,
0xffe90505,
0xffe90505,
0xffe90505,
0xffe90505,
0xffe90505,
0xffe90505,
0xffe90505,
0xffe90505,
0xffe90505,
0xffe90505,
0xffe90505,
0xffe90505,
0xffe90505,
0xffe90505,
0xffe90505,
0xffe90505,
0xffe90505,
0xffe90505,
0xffe90505,
0xffe90505,
0xffe90505,
0xffe90505,
0xffe90505,
0xffe90505,
0xffe90505,
0xffe90505,
0xffe90505,
0xffe90505,
0xffe90505,
0xffe90505,
0xffe90505,
0xffe90505,
0xffe90505,
0xffe90505,
0xffe90505,
0xffe90505,
0xffe90505,
0xffe90505,
0xffe90505,
0xffe90505,
0xffe90505,
0xffe90505,
0xffe90505,
0xffe90505,
0xffe90505,
0xffe90505,
0xffe90505,
0xffe90505,
0xffe90505,
0xffe90505,
0xffe90505,
0xffe90505,
0xffe90505,
0xffe90505,
0xffe90505,
0xffe90505,
0xffe90505,
0xffe90505,
0xffe90505,
0xffe90505,
0xffe90505,
0xffe90505,
0xffe90505,
0xffe90505,
0xffe90505,
0xffe90505,
0xffe90505,
0xffe90505,
0xffe90505,
0xffe90505,
0xffe90505,
0xffe90505,
0xffe90505,
0xffe90505,
0xffe90505,
0xffe90505,
0xffe90505,
0xffe90505,
0xffe90505,
0xffe90505,
0xffe90505,
0xffe90505,
0xffe90505,
0xffe90505,
0xffe90505,
0xffe90505,
0xffe90505,
0xffe90505,
0xffe90505,
0xffe90505,
0xffe90505,
0xffe90505,
0xffe90505,
0xffe90505,
0xffe90505,
0xffe90505,
0xffe90505,
0xffe90505,
0xffe90505,
0xffe90505,
0xffe90505,
0xffe90505,
0xffe90505,
0xffe90505,
0xffe90505,
0xffe90505,
0xffe90505,
0xffe90505,
0xffe90505,
0xffe90505,
0xffe90505,
0xffe90505,
0xffe90505,
0xffe90505,
0xffe90505,
0xffe90505,
0xffe90505,
0xffe90505,
0xffe90505,
0xffe90505,
0xffe90505,
0xffe90505,
0xffe90505,
0xffe90505,
0xffe90505,
0xffe90505,
0xffe90505,
0xffe90505,
0xffe90505,
0xffe90505,
0xffe90505,
0xffe90505,
0xffe90505,
0xffe90505,
0xffe90505,
0xffe90505,
0xffe90505,
0xffe90505,
0xffe90505,
0xffe90505,
0xffe90505,
0xffe90505,
0xffe90505,
0xffe90505,
0xffe90505,
0xffe90505,
0xffe90505,
0xffe90505,
0xffe90505,
0xffe90505,
0xffe90505,
0xffe90505,
0xffe90505,
0xffe90505,
0xffe90505,
0xffe90505,
0xffe90505,
0xffe90505,
0xffe90505,
0xffe90505,
0xffe90505,
0xffe90505,
0xffe90505,
0xffe90505,
0xffe90505,
0xffe90505,
0xffe90505,
0xffe90505,
0xffe90505,
0xffe90505,
0xffe90505,
0xffe90505,
0xffe90505,
0xffe90505,
0xffe90505,
0xffe90505,
0xffe90505,
0xffe90505,
0xffe90505,
0xffe90505,
0xffe90505,
0xffe90505,
0xffe90505,
0xffe90505,
0xffe90505,
0xffe90505,
0xffe90505,
0xffe90505,
0xffe90505,
0xffe90505,
0xffe90505,
0xffe90505,
0xffe90505,
0xffe90505,
0xffe90505,
0xffe90505,
0xffe90505,
0xffe90505,
0xffe90505,
0xffe90505,
0xffe90505,
0xffe90505,
0xffe90505,
0xffe90505,
0xffe90505,
0xffe90505,
0xffe90505,
0xffe90505,
0xffe90505,
0xffe90505,
0xffe90505,
0xffe90505,
0xffe90505,
0xffe90505,
0xffe90505,
0xffe90505,
0xffe90505,
0xffe90505,
0xffe90505,
0xffe90505,
0xffe90505,
0xffe90505,
0xffe90505,
0xffe90505,
0xffe90505,
0xffe90505,
0xffe90505,
0xffe90505,
0xffe90505,
0xffe90505,
0xffe90505,
0xffe90505,
0xffe90505,
0xffe90505,
0xffe90505,
0xffe90505,
0xffe90505,
0xffe90505,
0xffe90505,
0xffe90505,
0xffe90505,
0xffe90505,
0xffe90505,
0xffe90505,
0xffe90505,
0xffe90505,
0xffe90505,
0xffe90505,
0xffe90505,
0xffe90505,
0xffe90505,
0xffe90505,
0xffe90505,
0xffe90505,
0xffe90505,
0xffe90505,
0xffe90505,
0xffe90505,
0xffe90505,
0xffe90505,
0xffe90505,
0xffe90505,
0xffe90505,
0xffe90505,
0xffe90505,
0xffe90505,
0xffe90505,
0xffe90505,
0xffe90505,
0xffe90505,
0xffe90505,
0xffe90505,
0xffe90505,
0xffe90505,
0xffe90505,
0xffe90505,
0xffe90505,
0xffe90505,
0xffe90505,
0xffe90505,
0xffe90505,
0xffe90505,
0xffe90505,
0xffe90505,
0xffe90505,
0xffe90505,
0xffe90505,
0xffe90505,
0xffe90505,
0xffe90505,
0xffe90505,
0xffe90505,
0xffe90505,
0xffe90505,
0xffe90505,
0xffe90505,
0xffe90505,
0xffe90505,
0xffe90505,
0xffe90505,
0xffe90505,
0xffe90505,
0xffe90505,
0xffe90505,
0xffe90505,
0xffe90505,
0xffe90505,
0xffe90505,
0xffe90505,
0xffe90505,
0xffe90505,
0xffe90505,
0xffe90505,
0xffe90505,
0xffe90505,
0xffe90505,
0xffe90505,
0xffe90505,
0xffe90505,
0xffe90505,
0xffe90505,
0xffe90505,
0xffe90505,
0xffe90505,
0xffe90505,
0xffe90505,
0xffe90505,
0xffe90505,
0xffe90505,
0xffe90505,
0xffe90505,
0xffe90505,
0xffe90505,
0xffe90505,
0xffe90505,
0xffe90505,
0xffe90505,
0xffe90505,
0xffe90505,
0xffe90505,
0xffe90505,
0xffe90505,
0xffe90505,
0xffe90505,
0xffe90505,
0xffe90505,
0xffe90505,
0xffe90505,
0xffe90505,
0xffe90505,
0xffe90505,
0xffe90505,
0xffe90505,
0xffe90505,
0xffe90505,
0xffe90505,
0xffe90505,
0xffe90505,
0xffe90505,
0xffe90505,
0xffe90505,
0xffe90505,
0xffe90505,
0xffe90505,
0xffe90505,
0xffe90505,
0xffe90505,
0xffe90505,
0xffe90505,
0xffe90505,
0xffe90505,
0xffe90505,
0xffe90505,
0xffe90505,
0xffe90505,
0xffe90505,
0xffe90505,
0xffe90505,
0xffe90505,
0xffe90505,
0xffe90505,
0xffe90505,
0xffe90505,
0xffe90505,
0xffe90505,
0xffe90505,
0xffe90505,
0xffe90505,
0xffe90505,
0xffe90505,
0xffe90505,
0xffe90505,
0xffe90505,
0xffe90505,
0xffe90505,
0xffe90505,
0xffe90505,
0xffe90505,
0xffe90505,
0xffe90505,
0xffe90505,
0xffe90505,
0xffe90505,
0xffe90505,
0xffe90505,
0xffe90505,
0xffe90505,
0xffe90505,
0xffe90505,
0xffe90505,
0xffe90505,
0xffe90505,
0xffe90505,
0xffe90505,
0xffe90505,
0xffe90505,
0xffe90505,
0xffe90505,
0xffe90505,
0xffe90505,
0xffe90505,
0xffe90505,
0xffe90505,
0xffe90505,
0xffe90505,
0xffe90505,
0xffe90505,
0xffe90505,
0xffe90505,
0xffe90505,
0xffe90505,
0xffe90505,
0xffe90505,
0xffe90505,
0xffe90505,
0xffe90505,
0xffe90505,
0xffe90505,
0xffe90505,
0xffe90505,
0xffe90505,
0xffe90505,
0xffe90505,
0xffe90505,
0xffe90505,
0xffe90505,
0xffe90505,
0xffe90505,
0xffe90505,
0xffe90505,
0xffe90505,
0xffe90505,
0xffe90505,
0xffe90505,
0xffe90505,
0xffe90505,
0xffe90505,
0xffe90505,
0xffe90505,
0xffe90505,
0xffe90505,
0xffe90505,
0xffe90505,
0xffe90505,
0xffe90505,
0xffe90505,
0xffe90505,
0xffe90505,
0xffe90505,
0xffe90505,
0xffe90505,
0xffe90505,
0xffe90505,
0xffe90505,
0xffe90505,
0xffe90505,
0xffe90505,
0xffe90505,
0xffe90505,
0xffe90505,
0xffe90505,
0xffe90505,
0xffe90505,
0xffe90505,
0xffe90505,
0xffe90505,
0xffe90505,
0xffe90505,
0xffe90505,
0xffe90505,
0xffe90505,
0xffe90505,
0xffe90505,
0xffe90505,
0xffe90505,
0xffe90505,
0xffe90505,
0xffe90505,
0xffe90505,
0xffe90505,
0xffe90505,
0xffe90505,
0xffe90505,
0xffe90505,
0xffe90505,
0xffe90505,
0xffe90505,
0xffe90505,
0xffe90505,
0xffe90505,
0xffe90505,
0xffe90505,
0xffe90505,
0xffe90505,
0xffe90505,
0xffe90505,
0xffe90505,
0xffe90505,
0xffe90505,
0xffe90505,
0xffe90505,
0xffe90505,
0xffe90505,
0xffe90505,
0xffe90505,
0xffe90505,
0xffe90505,
0xffe90505,
0xffe90505,
0xffe90505,
0xffe90505,
0xffe90505,
0xffe90505,
0xffe90505,
0xffe90505,
0xffe90505,
0xffe90505,
0xffe90505,
0xffe90505,
0xffe90505,
0xffe90505,
0xffe90505,
0xffe90505,
0xffe90505,
0xffe90505,
0xffe90505,
0xffe90505,
0xffe90505,
0xffe90505,
0xffe90505,
0xffe90505,
0xffe90505,
0xffe90505,
0xffe90505,
0xffe90505,
0xffe90505,
0xffe90505,
0xffe90505,
0xffe90505,
0xffe90505,
0xffe90505,
0xffe90505,
0xffe90505,
0xffe90505,
0xffe90505,
0xffe90505,
0xffe90505,
0xffe90505,
0xffe90505,
0xffe90505,
0xffe90505,
0xffe90505,
0xffe90505,
0xffe90505,
0xffe90505,
0xffe90505,
0xffe90505,
0xffe90505,
0xffe90505,
0xffe90505,
0xffe90505,
0xffe90505,
0xffe90505,
0xffe90505,
0xffe90505,
0xffe90505,
0xffe90505,
0xffe90505,
0xffe90505,
0xffe90505,
0xffe90505,
0xffe90505,
0xffe90505,
0xffe90505,
0xffe90505,
0xffe90505,
0xffe90505,
0xffe90505,
0xffe90505,
0xffe90505,
0xffe90505,
0xffe90505,
0xffe90505,
0xffe90505,
0xffe90505,
0xffe90505,
0xffe90505,
0xffe90505,
0xffe90505,
0xffe90505,
0xffe90505,
0xffe90505,
0xffe90505,
0xffe90505,
0xffe90505,
0xffe90505,
0xffe90505,
0xffe90505,
0xffe90505,
0xffe90505,
0xffe90505,
0xffe90505,
0xffe90505,
0xffe90505,
0xffe90505,
0xffe90505,
0xffe90505,
0xffe90505,
0xffe90505,
0xffe90505,
0xffe90505,
0xffe90505,
0xffe90505,
0xffe90505,
0xffe90505,
0xffe90505,
0xffe90505,
0xffe90505,
0xffe90505,
0xffe90505,
0xffe90505,
0xffe90505,
0xffe90505,
0xffe90505,
0xffe90505,
0xffe90505,
0xffe90505,
0xffe90505,
0xffe90505,
0xffe90505,
0xffe90505,
0xffe90505,
0xffe90505,
0xffe90505,
0xffe90505,
0xffe90505,
0xffe90505,
0xffe90505,
0xffe90505,
0xffe90505,
0xffe90505,
0xffe90505,
0xffe90505,
0xffe90505,
0xffe90505,
0xffe90505,
0xffe90505,
0xffe90505,
0xffe90505,
0xffe90505,
0xffe90505,
0xffe90505,
0xffe90505,
0xffe90505,
0xffe90505,
0xffe90505,
0xffe90505,
0xffe90505,
0xffe90505,
0xffe90505,
0xffe90505,
0xffe90505,
0xffe90505,
0xffe90505,
0xffe90505,
0xffe90505,
0xffe90505,
0xffe90505,
0xffe90505,
0xffe90505,
0xffe90505,
0xffe90505,
0xffe90505,
0xffe90505,
0xffe90505,
0xffe90505,
0xffe90505,
0xffe90505,
0xffe90505,
0xffe90505,
0xffe90505,
0xffe90505,
0xffe90505,
0xffe90505,
0xffe90505,
0xffe90505,
0xffe90505,
0xffe90505,
0xffe90505,
0xffe90505,
0xffe90505,
0xffe90505,
0xffe90505,
0xffe90505,
0xffe90505,
0xffe90505,
0xffe90505,
0xffe90505,
0xffe90505,
0xffe90505,
0xffe90505,
0xffe90505,
0xffe90505,
0xffe90505,
0xffe90505,
0xffe90505,
0xffe90505,
0xffe90505,
0xffe90505,
0xffe90505,
0xffe90505,
0xffe90505,
0xffe90505,
0xffe90505,
0xffe90505,
0xffe90505,
0xffe90505,
0xffe90505,
0xffe90505,
0xffe90505,
0xffe90505,
0xffe90505,
0xffe90505,
0xffe90505,
0xffe90505,
0xffe90505,
0xffe90505,
0xffe90505,
0xffe90505,
0xffe90505,
0xffe90505,
0xffe90505,
0xffe90505,
0xffe90505,
0xffe90505,
0xffe90505,
0xffe90505,
0xffe90505,
0xffe90505,
0xffe90505,
0xffe90505,
0xffe90505,
0xffe90505,
0xffe90505,
0xffe90505,
0xffe90505,
0xffe90505,
0xffe90505,
0xffe90505,
0xffe90505,
0xffe90505,
0xffe90505,
0xffe90505,
0xffe90505,
0xffe90505,
0xffe90505,
0xffe90505,
0xffe90505,
0xffe90505,
0xffe90505,
0xffe90505,
0xffe90505,
0xffe90505,
0xffe90505,
0xffe90505,
0xffe90505,
0xffe90505,
0xffe90505,
0xffe90505,
0xffe90505,
0xffe90505,
0xffe90505,
0xffe90505,
0xffe90505,
0xffe90505,
0xffe90505,
0xffe90505,
0xffe90505,
0xffe90505,
0xffe90505,
0xffe90505,
0xffe90505,
0xffe90505,
0xffe90505,
0xffe90505,
0xffe90505,
0xffe90505,
0xffe90505,
0xffe90505,
0xffe90505,
0xffe90505,
0xffe90505,
0xffe90505,
0xffe90505,
0xffe90505,
0xffe90505,
0xffe90505,
0xffe90505,
0xffe90505,
0xffe90505,
0xffe90505,
0xffe90505,
0xffe90505,
0xffe90505,
0xffe90505,
0xffe90505,
0xffe90505,
0xffe90505,
0xffe90505,
0xffe90505,
0xffe90505,
0xffe90505,
0xffe90505,
0xffe90505,
0xffe90505,
0xffe90505,
0xffe90505,
0xffe90505,
0xffe90505,
0xffe90505,
0xffe90505,
0xffe90505,
0xffe90505,
0xffe90505,
0xffe90505,
0xffe90505,
0xffe90505,
0xffe90505,
0xffe90505,
0xffe90505,
0xffe90505,
0xffe90505,
0xffe90505,
0xffe90505,
0xffe90505,
0xffe90505,
0xffe90505,
0xffe90505,
0xffe90505,
0xffe90505,
0xffe90505,
0xffe90505,
0xffe90505,
0xffe90505,
0xffe90505,
0xffe90505,
0xffe90505,
0xffe90505,
0xffe90505,
0xffe90505,
0xffe90505,
0xffe90505,
0xffe90505,
0xffe90505,
0xffe90505,
0xffe90505,
0xffe90505,
0xffe90505,
0xffe90505,
0xffe90505,
0xffe90505,
0xffe90505,
0xffe90505,
0xffe90505,
0xffe90505,
0xffe90505,
0xffe90505,
0xffe90505,
0xffe90505,
0xffe90505,
0xffe90505,
0xffe90505,
0xffe90505,
0xffe90505,
0xffe90505,
0xffe90505,
0xffe90505,
0xffe90505,
0xffe90505,
0xffe90505,
0xffe90505,
0xffe90505,
0xffe90505,
0xffe90505,
0xffe90505,
0xffe90505,
0xffe90505,
0xffe90505,
0xffe90505,
0xffe90505,
0xffe90505,
0xffe90505,
0xffe90505,
0xffe90505,
0xffe90505,
0xffe90505,
0xffe90505,
0xffe90505,
0xffe90505,
0xffe90505,
0xffe90505,
0xffe90505,
0xffe90505,
0xffe90505,
0xffe90505,
0xffe90505,
0xffe90505,
0xffe90505,
0xffe90505,
0xffe90505,
0xffe90505,
0xffe90505,
0xffe90505,
0xffe90505,
0xffe90505,
0xffe90505,
0xffe90505,
0xffe90505,
0xffe90505,
0xffe90505,
0xffe90505,
0xffe90505,
0xffe90505,
0xffe90505,
0xffe90505,
0xffe90505,
0xffe90505,
0xffe90505,
0xffe90505,
0xffe90505,
0xffe90505,
0xffe90505,
0xffe90505,
0xffe90505,
0xffe90505,
0xffe90505,
0xffe90505,
0xffe90505,
0xffe90505,
0xffe90505,
0xffe90505,
0xffe90505,
0xffe90505,
0xffe90505,
0xffe90505,
0xffe90505,
0xffe90505,
0xffe90505,
0xffe90505,
0xffe90505,
0xffe90505,
0xffe90505,
0xffe90505,
0xffe90505,
0xffe90505,
0xffe90505,
0xffe90505,
0xffe90505,
0xffe90505,
0xffe90505,
0xffe90505,
0xffe90505,
0xffe90505,
0xffe90505,
0xffe90505,
0xffe90505,
0xffe90505,
0xffe90505,
0xffe90505,
0xffe90505,
0xffe90505,
0xffe90505,
0xffe90505,
0xffe90505,
0xffe90505,
0xffe90505,
0xffe90505,
0xffe90505,
0xffe90505,
0xffe90505,
0xffe90505,
0xffe90505,
0xffe90505,
0xffe90505,
0xffe90505,
0xffe90505,
0xffe90505,
0xffe90505,
0xffe90505,
0xffe90505,
0xffe90505,
0xffe90505,
0xffe90505,
0xffe90505,
0xffe90505,
0xffe90505,
0xffe90505,
0xffe90505,
0xffe90505,
0xffe90505,
0xffe90505,
0xffe90505,
0xffe90505,
0xffe90505,
0xffe90505,
0xffe90505,
0xffe90505,
0xffe90505,
0xffe90505,
0xffe90505,
0xffe90505,
0xffe90505,
0xffe90505,
0xffe90505,
0xffe90505,
0xffe90505,
0xffe90505,
0xffe90505,
0xffe90505,
0xffe90505,
0xffe90505,
0xffe90505,
0xffe90505,
0xffe90505,
0xffe90505,
0xffe90505,
0xffe90505,
0xffe90505,
0xffe90505,
0xffe90505,
0xffe90505,
0xffe90505,
0xffe90505,
0xffe90505,
0xffe90505,
0xffe90505,
0xffe90505,
0xffe90505,
0xffe90505,
0xffe90505,
0xffe90505,
0xffe90505,
0xffe90505,
0xffe90505,
0xffe90505,
0xffe90505,
0xffe90505,
0xffe90505,
0xffe90505,
0xffe90505,
0xffe90505,
0xffe90505,
0xffe90505,
0xffe90505,
0xffe90505,
0xffe90505,
0xffe90505,
0xffe90505,
0xffe90505,
0xffe90505,
0xffe90505,
0xffe90505,
0xffe90505,
0xffe90505,
0xffe90505,
0xffe90505,
0xffe90505,
0xffe90505,
0xffe90505,
0xffe90505,
0xffe90505,
0xffe90505,
0xffe90505,
0xffe90505,
0xffe90505,
0xffe90505,
0xffe90505,
0xffe90505,
0xffe90505,
0xffe90505,
0xffe90505,
0xffe90505,
0xffe90505,
0xffe90505,
0xffe90505,
0xffe90505,
0xffe90505,
0xffe90505,
0xffe90505,
0xffe90505,
0xffe90505,
0xffe90505,
0xffe90505,
0xffe90505,
0xffe90505,
0xffe90505,
0xffe90505,
0xffe90505,
0xffe90505,
0xffe90505,
0xffe90505,
0xffe90505,
0xffe90505,
0xffe90505,
0xffe90505,
0xffe90505,
0xffe90505,
0xffe90505,
0xffe90505,
0xffe90505,
0xffe90505,
0xffe90505,
0xffe90505,
0xffe90505,
0xffe90505,
0xffe90505,
0xffe90505,
0xffe90505,
0xffe90505,
0xffe90505,
0xffe90505,
0xffe90505,
0xffe90505,
0xffe90505,
0xffe90505,
0xffe90505,
0xffe90505,
0xffe90505,
0xffe90505,
0xffe90505,
0xffe90505,
0xffe90505,
0xffe90505,
0xffe90505,
0xffe90505,
0xffe90505,
0xffe90505,
0xffe90505,
0xffe90505,
0xffe90505,
0xffe90505,
0xffe90505,
0xffe90505,
0xffe90505,
0xffe90505,
0xffe90505,
0xffe90505,
0xffe90505,
0xffe90505,
0xffe90505,
0xffe90505,
0xffe90505,
0xffe90505,
0xffe90505,
0xffe90505,
0xffe90505,
0xffe90505,
0xffe90505,
0xffe90505,
0xffe90505,
0xffe90505,
0xffe90505,
0xffe90505,
0xffe90505,
0xffe90505,
0xffe90505,
0xffe90505,
0xffe90505,
0xffe90505,
0xffe90505,
0xffe90505,
0xffe90505,
0xffe90505,
0xffe90505,
0xffe90505,
0xffe90505,
0xffe90505,
0xffe90505,
0xffe90505,
0xffe90505,
0xffe90505,
0xffe90505,
0xffe90505,
0xffe90505,
0xffe90505,
0xffe90505,
0xffe90505,
0xffe90505,
0xffe90505,
0xffe90505,
0xffe90505,
0xffe90505,
0xffe90505,
0xffe90505,
0xffe90505,
0xffe90505,
0xffe90505,
0xffe90505,
0xffe90505,
0xffe90505,
0xffe90505,
0xffe90505,
0xffe90505,
0xffe90505,
0xffe90505,
0xffe90505,
0xffe90505,
0xffe90505,
0xffe90505,
0xffe90505,
0xffe90505,
0xffe90505,
0xffe90505,
0xffe90505,
0xffe90505,
0xffe90505,
0xffe90505,
0xffe90505,
0xffe90505,
0xffe90505,
0xffe90505,
0xffe90505,
0xffe90505,
0xffe90505,
0xffe90505,
0xffe90505,
0xffe90505,
0xffe90505,
0xffe90505,
0xffe90505,
0xffe90505,
0xffe90505,
0xffe90505,
0xffe90505,
0xffe90505,
0xffe90505,
0xffe90505,
0xffe90505,
0xffe90505,
0xffe90505,
0xffe90505,
0xffe90505,
0xffe90505,
0xffe90505,
0xffe90505,
0xffe90505,
0xffe90505,
0xffe90505,
0xffe90505,
0xffe90505,
0xffe90505,
0xffe90505,
0xffe90505,
0xffe90505,
0xffe90505,
0xffe90505,
0xffe90505,
0xffe90505,
0xffe90505,
0xffe90505,
0xffe90505,
0xffe90505,
0xffe90505,
0xffe90505,
0xffe90505,
0xffe90505,
0xffe90505,
0xffe90505,
0xffe90505,
0xffe90505,
0xffe90505,
0xffe90505,
0xffe90505,
0xffe90505,
0xffe90505,
0xffe90505,
0xffe90505,
0xffe90505,
0xffe90505,
0xffe90505,
0xffe90505,
0xffe90505,
0xffe90505,
0xffe90505,
0xffe90505,
0xffe90505,
0xffe90505,
0xffe90505,
0xffe90505,
0xffe90505,
0xffe90505,
0xffe90505,
0xffe90505,
0xffe90505,
0xffe90505,
0xffe90505,
0xffe90505,
0xffe90505,
0xffe90505,
0xffe90505,
0xffe90505,
0xffe90505,
0xffe90505,
0xffe90505,
0xffe90505,
0xffe90505,
0xffe90505,
0xffe90505,
0xffe90505,
0xffe90505,
0xffe90505,
0xffe90505,
0xffe90505,
0xffe90505,
0xffe90505,
0xffe90505,
0xffe90505,
0xffe90505,
0xffe90505,
0xffe90505,
0xffe90505,
0xffe90505,
0xffe90505,
0xffe90505,
0xffe90505,
0xffe90505,
0xffe90505,
0xffe90505,
0xffe90505,
0xffe90505,
0xffe90505,
0xffe90505,
0xffe90505,
0xffe90505,
0xffe90505,
0xffe90505,
0xffe90505,
0xffe90505,
0xffe90505,
0xffe90505,
0xffe90505,
0xffe90505,
0xffe90505,
0xffe90505,
0xffe90505,
0xffe90505,
0xffe90505,
0xffe90505,
0xffe90505,
0xffe90505,
0xffe90505,
0xffe90505,
0xffe90505,
0xffe90505,
0xffe90505,
0xffe90505,
0xffe90505,
0xffe90505,
0xffe90505,
0xffe90505,
0xffe90505,
0xffe90505,
0xffe90505,
0xffe90505,
0xffe90505,
0xffe90505,
0xffe90505,
0xffe90505,
0xffe90505,
0xffe90505,
0xffe90505,
0xffe90505,
0xffe90505,
0xffe90505,
0xffe90505,
0xffe90505,
0xffe90505,
0xffe90505,
0xffe90505,
0xffe90505,
0xffe90505,
0xffe90505,
0xffe90505,
0xffe90505,
0xffe90505,
0xffe90505,
0xffe90505,
0xffe90505,
0xffe90505,
0xffe90505,
0xffe90505,
0xffe90505,
0xffe90505,
0xffe90505,
0xffe90505,
0xffe90505,
0xffe90505,
0xffe90505,
0xffe90505,
0xffe90505,
0xffe90505,
0xffe90505,
0xffe90505,
0xffe90505,
0xffe90505,
0xffe90505,
0xffe90505,
0xffe90505,
0xffe90505,
0xffe90505,
0xffe90505,
0xffe90505,
0xffe90505,
0xffe90505,
0xffe90505,
0xffe90505,
0xffe90505,
0xffe90505,
0xffe90505,
0xffe90505,
0xffe90505,
0xffe90505,
0xffe90505,
0xffe90505,
0xffe90505,
0xffe90505,
0xffe90505,
0xffe90505,
0xffe90505,
0xffe90505,
0xffe90505,
0xffe90505,
0xffe90505,
0xffe90505,
0xffe90505,
0xffe90505,
0xffe90505,
0xffe90505,
0xffe90505,
0xffe90505,
0xffe90505,
0xffe90505,
0xffe90505,
0xffe90505,
0xffe90505,
0xffe90505,
0xffe90505,
0xffe90505,
0xffe90505,
0xffe90505,
0xffe90505,
0xffe90505,
0xffe90505,
0xffe90505,
0xffe90505,
0xffe90505,
0xffe90505,
0xffe90505,
0xffe90505,
0xffe90505,
0xffe90505,
0xffe90505,
0xffe90505,
0xffe90505,
0xffe90505,
0xffe90505,
0xffe90505,
0xffe90505,
0xffe90505,
0xffe90505,
0xffe90505,
0xffe90505,
0xffe90505,
0xffe90505,
0xffe90505,
0xffe90505,
0xffe90505,
0xffe90505,
0xffe90505,
0xffe90505,
0xffe90505,
0xffe90505,
0xffe90505,
0xffe90505,
0xffe90505,
0xffe90505,
0xffe90505,
0xffe90505,
0xffe90505,
0xffe90505,
0xffe90505,
0xffe90505,
0xffe90505,
0xffe90505,
0xffe90505,
0xffe90505,
0xffe90505,
0xffe90505,
0xffe90505,
0xffe90505,
0xffe90505,
0xffe90505,
0xffe90505,
0xffe90505,
0xffe90505,
0xffe90505,
0xffe90505,
0xffe90505,
0xffe90505,
0xffe90505,
0xffe90505,
0xffe90505,
0xffe90505,
0xffe90505,
0xffe90505,
0xffe90505,
0xffe90505,
0xffe90505,
0xffe90505,
0xffe90505,
0xffe90505,
0xffe90505,
0xffe90505,
0xffe90505,
0xffe90505,
0xffe90505,
0xffe90505,
0xffe90505,
0xffe90505,
0xffe90505,
0xffe90505,
0xffe90505,
0xffe90505,
0xffe90505,
0xffe90505,
0xffe90505,
0xffe90505,
0xffe90505,
0xffe90505,
0xffe90505,
0xffe90505,
0xffe90505,
0xffe90505,
0xffe90505,
0xffe90505,
0xffe90505,
0xffe90505,
0xffe90505,
0xffe90505,
0xffe90505,
0xffe90505,
0xffe90505,
0xffe90505,
0xffe90505,
0xffe90505,
0xffe90505,
0xffe90505,
0xffe90505,
0xffe90505,
0xffe90505,
0xffe90505,
0xffe90505,
0xffe90505,
0xffe90505,
0xffe90505,
0xffe90505,
0xffe90505,
0xffe90505,
0xffe90505,
0xffe90505,
0xffe90505,
0xffe90505,
0xffe90505,
0xffe90505,
0xffe90505,
0xffe90505,
0xffe90505,
0xffe90505,
0xffe90505,
0xffe90505,
0xffe90505,
0xffe90505,
0xffe90505,
0xffe90505,
0xffe90505,
0xffe90505,
0xffe90505,
0xffe90505,
0xffe90505,
0xffe90505,
0xffe90505,
0xffe90505,
0xffe90505,
0xffe90505,
0xffe90505,
0xffe90505,
0xffe90505,
0xffe90505,
0xffe90505,
0xffe90505,
0xffe90505,
0xffe90505,
0xffe90505,
0xffe90505,
0xffe90505,
0xffe90505,
0xffe90505,
0xffe90505,
0xffe90505,
0xffe90505,
0xffe90505,
0xffe90505,
0xffe90505,
0xffe90505,
0xffe90505,
0xffe90505,
0xffe90505,
0xffe90505,
0xffe90505,
0xffe90505,
0xffe90505,
0xffe90505,
0xffe90505,
0xffe90505,
0xffe90505,
0xffe90505,
0xffe90505,
0xffe90505,
0xffe90505,
0xffe90505,
0xffe90505,
0xffe90505,
0xffe90505,
0xffe90505,
0xffe90505,
0xffe90505,
0xffe90505,
0xffe90505,
0xffe90505,
0xffe90505,
0xffe90505,
0xffe90505,
0xffe90505,
0xffe90505,
0xffe90505,
0xffe90505,
0xffe90505,
0xffe90505,
0xffe90505,
0xffe90505,
0xffe90505,
0xffe90505,
0xffe90505,
0xffe90505,
0xffe90505,
0xffe90505,
0xffe90505,
0xffe90505,
0xffe90505,
0xffe90505,
0xffe90505,
0xffe90505,
0xffe90505,
0xffe90505,
0xffe90505,
0xffe90505,
0xffe90505,
0xffe90505,
0xffe90505,
0xffe90505,
0xffe90505,
0xffe90505,
0xffe90505,
0xffe90505,
0xffe90505,
0xffe90505,
0xffe90505,
0xffe90505,
0xffe90505,
0xffe90505,
0xffe90505,
0xffe90505,
0xffe90505,
0xffe90505,
0xffe90505,
0xffe90505,
0xffe90505,
0xffe90505,
0xffe90505,
0xffe90505,
0xffe90505,
0xffe90505,
0xffe90505,
0xffe90505,
0xffe90505,
0xffe90505,
0xffe90505,
0xffe90505,
0xffe90505,
0xffe90505,
0xffe90505,
0xffe90505,
0xffe90505,
0xffe90505,
0xffe90505,
0xffe90505,
0xffe90505,
0xffe90505,
0xffe90505,
0xffe90505,
0xffe90505,
0xffe90505,
0xffe90505,
0xffe90505,
0xffe90505,
0xffe90505,
0xffe90505,
0xffe90505,
0xffe90505,
0xffe90505,
0xffe90505,
0xffe90505,
0xffe90505,
0xffe90505,
0xffe90505,
0xffe90505,
0xffe90505,
0xffe90505,
0xffe90505,
0xffe90505,
0xffe90505,
0xffe90505,
0xffe90505,
0xffe90505,
0xffe90505,
0xffe90505,
0xffe90505,
0xffe90505,
0xffe90505,
0xffe90505,
0xffe90505,
0xffe90505,
0xffe90505,
0xffe90505,
0xffe90505,
0xffe90505,
0xffe90505,
0xffe90505,
0xffe90505,
0xffe90505,
0xffe90505,
0xffe90505,
0xffe90505,
0xffe90505,
0xffe90505,
0xffe90505,
0xffe90505,
0xffe90505,
0xffe90505,
0xffe90505,
0xffe90505,
0xffe90505,
0xffe90505,
0xffe90505,
0xffe90505,
0xffe90505,
0xffe90505,
0xffe90505,
0xffe90505,
0xffe90505,
0xffe90505,
0xffe90505,
0xffe90505,
0xffe90505,
0xffe90505,
0xffe90505,
0xffe90505,
0xffe90505,
0xffe90505,
0xffe90505,
0xffe90505,
0xffe90505,
0xffe90505,
0xffe90505,
0xffe90505,
0xffe90505,
0xffe90505,
0xffe90505,
0xffe90505,
0xffe90505,
0xffe90505,
0xffe90505,
0xffe90505,
0xffe90505,
0xffe90505,
0xffe90505,
0xffe90505,
0xffe90505,
0xffe90505,
0xffe90505,
0xffe90505,
0xffe90505,
0xffe90505,
0xffe90505,
0xffe90505,
0xffe90505,
0xffe90505,
0xffe90505,
0xffe90505,
0xffe90505,
0xffe90505,
0xffe90505,
0xffe90505,
0xffe90505,
0xffe90505,
0xffe90505,
0xffe90505,
0xffe90505,
0xffe90505,
0xffe90505,
0xffe90505,
0xffe90505,
0xffe90505,
0xffe90505,
0xffe90505,
0xffe90505,
0xffe90505,
0xffe90505,
0xffe90505,
0xffe90505,
0xffe90505,
0xffe90505,
0xffe90505,
0xffe90505,
0xffe90505,
0xffe90505,
0xffe90505,
0xffe90505,
0xffe90505,
0xffe90505,
0xffe90505,
0xffe90505,
0xffe90505,
0xffe90505,
0xffe90505,
0xffe90505,
0xffe90505,
0xffe90505,
0xffe90505,
0xffe90505,
0xffe90505,
0xffe90505,
0xffe90505,
0xffe90505,
0xffe90505,
0xffe90505,
0xffe90505,
0xffe90505,
0xffe90505,
0xffe90505,
0xffe90505,
0xffe90505,
0xffe90505,
0xffe90505,
0xffe90505,
0xffe90505,
0xffe90505,
0xffe90505,
0xffe90505,
0xffe90505,
0xffe90505,
0xffe90505,
0xffe90505,
0xffe90505,
0xffe90505,
0xffe90505,
0xffe90505,
0xffe90505,
0xffe90505,
0xffe90505,
0xffe90505,
0xffe90505,
0xffe90505,
0xffe90505,
0xffe90505,
0xffe90505,
0xffe90505,
0xffe90505,
0xffe90505,
0xffe90505,
0xffe90505,
0xffe90505,
0xffe90505,
0xffe90505,
0xffe90505,
0xffe90505,
0xffe90505,
0xffe90505,
0xffe90505,
0xffe90505,
0xffe90505,
0xffe90505,
0xffe90505,
0xffe90505,
0xffe90505,
0xffe90505,
0xffe90505,
0xffe90505,
0xffe90505,
0xffe90505,
0xffe90505,
0xffe90505,
0xffe90505,
0xffe90505,
0xffe90505,
0xffe90505,
0xffe90505,
0xffe90505,
0xffe90505,
0xffe90505,
0xffe90505,
0xffe90505,
0xffe90505,
0xffe90505,
0xffe90505,
0xffe90505,
0xffe90505,
0xffe90505,
0xffe90505,
0xffe90505,
0xffe90505,
0xffe90505,
0xffe90505,
0xffe90505,
0xffe90505,
0xffe90505,
0xffe90505,
0xffe90505,
0xffe90505,
0xffe90505,
0xffe90505,
0xffe90505,
0xffe90505,
0xffe90505,
0xffe90505,
0xffe90505,
0xffe90505,
0xffe90505,
0xffe90505,
0xffe90505,
0xffe90505,
0xffe90505,
0xffe90505,
0xffe90505,
0xffe90505,
0xffe90505,
0xffe90505,
0xffe90505,
0xffe90505,
0xffe90505,
0xffe90505,
0xffe90505,
0xffe90505,
0xffe90505,
0xffe90505,
0xffe90505,
0xffe90505,
0xffe90505,
0xffe90505,
0xffe90505,
0xffe90505,
0xffe90505,
0xffe90505,
0xffe90505,
0xffe90505,
0xffe90505,
0xffe90505,
0xffe90505,
0xffe90505,
0xffe90505,
0xffe90505,
0xffe90505,
0xffe90505,
0xffe90505,
0xffe90505,
0xffe90505,
0xffe90505,
0xffe90505,
0xffe90505,
0xffe90505,
0xffe90505,
0xffe90505,
0xffe90505,
0xffe90505,
0xffe90505,
0xffe90505,
0xffe90505,
0xffe90505,
0xffe90505,
0xffe90505,
0xffe90505,
0xffe90505,
0xffe90505,
0xffe90505,
0xffe90505,
0xffe90505,
0xffe90505,
0xffe90505,
0xffe90505,
0xffe90505,
0xffe90505,
0xffe90505,
0xffe90505,
0xffe90505,
0xffe90505,
0xffe90505,
0xffe90505,
0xffe90505,
0xffe90505,
0xffe90505,
0xffe90505,
0xffe90505,
0xffe90505,
0xffe90505,
0xffe90505,
0xffe90505,
0xffe90505,
0xffe90505,
0xffe90505,
0xffe90505,
0xffe90505,
0xffe90505,
0xffe90505,
0xffe90505,
0xffe90505,
0xffe90505,
0xffe90505,
0xffe90505,
0xffe90505,
0xffe90505,
0xffe90505,
0xffe90505,
0xffe90505,
0xffe90505,
0xffe90505,
0xffe90505,
0xffe90505,
0xffe90505,
0xffe90505,
0xffe90505,
0xffe90505,
0xffe90505,
0xffe90505,
0xffe90505,
0xffe90505,
0xffe90505,
0xffe90505,
0xffe90505,
0xffe90505,
0xffe90505,
0xffe90505,
0xffe90505,
0xffe90505,
0xffe90505,
0xffe90505,
0xffe90505,
0xffe90505,
0xffe90505,
0xffe90505,
0xffe90505,
0xffe90505,
0xffe90505,
0xffe90505,
0xffe90505,
0xffe90505,
0xffe90505,
0xffe90505,
0xffe90505,
0xffe90505,
0xffe90505,
0xffe90505,
0xffe90505,
0xffe90505,
0xffe90505,
0xffe90505,
0xffe90505,
0xffe90505,
0xffe90505,
0xffe90505,
0xffe90505,
0xffe90505,
0xffe90505,
0xffe90505,
0xffe90505,
0xffe90505,
0xffe90505,
0xffe90505,
0xffe90505,
0xffe90505,
0xffe90505,
0xffe90505,
0xffe90505,
0xffe90505,
0xffe90505,
0xffe90505,
0xffe90505,
0xffe90505,
0xffe90505,
0xffe90505,
0xffe90505,
0xffe90505,
0xffe90505,
0xffe90505,
0xffe90505,
0xffe90505,
0xffe90505,
0xffe90505,
0xffe90505,
0xffe90505,
0xffe90505,
0xffe90505,
0xffe90505,
0xffe90505,
0xffe90505,
0xffe90505,
0xffe90505,
0xffe90505,
0xffe90505,
0xffe90505,
0xffe90505,
0xffe90505,
0xffe90505,
0xffe90505,
0xffe90505,
0xffe90505,
0xffe90505,
0xffe90505,
0xffe90505,
0xffe90505,
0xffe90505,
0xffe90505,
0xffe90505,
0xffe90505,
0xffe90505,
0xffe90505,
0xffe90505,
0xffe90505,
0xffe90505,
0xffe90505,
0xffe90505,
0xffe90505,
0xffe90505,
0xffe90505,
0xffe90505,
0xffe90505,
0xffe90505,
0xffe90505,
0xffe90505,
0xffe90505,
0xffe90505,
0xffe90505,
0xffe90505,
0xffe90505,
0xffe90505,
0xffe90505,
0xffe90505,
0xffe90505,
0xffe90505,
0xffe90505,
0xffe90505,
0xffe90505,
0xffe90505,
0xffe90505,
0xffe90505,
0xffe90505,
0xffe90505,
0xffe90505,
0xffe90505,
0xffe90505,
0xffe90505,
0xffe90505,
0xffe90505,
0xffe90505,
0xffe90505,
0xffe90505,
0xffe90505,
0xffe90505,
0xffe90505,
0xffe90505,
0xffe90505,
0xffe90505,
0xffe90505,
0xffe90505,
0xffe90505,
0xffe90505,
0xffe90505,
0xffe90505,
0xffe90505,
0xffe90505,
0xffe90505,
0xffe90505,
0xffe90505,
0xffe90505,
0xffe90505,
0xffe90505,
0xffe90505,
0xffe90505,
0xffe90505,
0xffe90505,
0xffe90505,
0xffe90505,
0xffe90505,
0xffe90505,
0xffe90505,
0xffe90505,
0xffe90505,
0xffe90505,
0xffe90505,
0xffe90505,
0xffe90505,
0xffe90505,
0xffe90505,
0xffe90505,
0xffe90505,
0xffe90505,
0xffe90505,
0xffe90505,
0xffe90505,
0xffe90505,
0xffe90505,
0xffe90505,
0xffe90505,
0xffe90505,
0xffe90505,
0xffe90505,
0xffe90505,
0xffe90505,
0xffe90505,
0xffe90505,
0xffe90505,
0xffe90505,
0xffe90505,
0xffe90505,
0xffe90505,
0xffe90505,
0xffe90505,
0xffe90505,
0xffe90505,
0xffe90505,
0xffe90505,
0xffe90505,
0xffe90505,
0xffe90505,
0xffe90505,
0xffe90505,
0xffe90505,
0xffe90505,
0xffe90505,
0xffe90505,
0xffe90505,
0xffe90505,
0xffe90505,
0xffe90505,
0xffe90505,
0xffe90505,
0xffe90505,
0xffe90505,
0xffe90505,
0xffe90505,
0xffe90505,
0xffe90505,
0xffe90505,
0xffe90505,
0xffe90505,
0xffe90505,
0xffe90505,
0xffe90505,
0xffe90505,
0xffe90505,
0xffe90505,
0xffe90505,
0xffe90505,
0xffe90505,
0xffe90505,
0xffe90505,
0xffe90505,
0xffe90505,
0xffe90505,
0xffe90505,
0xffe90505,
0xffe90505,
0xffe90505,
0xffe90505,
0xffe90505,
0xffe90505,
0xffe90505,
0xffe90505,
0xffe90505,
0xffe90505,
0xffe90505,
0xffe90505,
0xffe90505,
0xffe90505,
0xffe90505,
0xffe90505,
0xffe90505,
0xffe90505,
0xffe90505,
0xffe90505,
0xffe90505,
0xffe90505,
0xffe90505,
0xffe90505,
0xffe90505,
0xffe90505,
0xffe90505,
0xffe90505,
0xffe90505,
0xffe90505,
0xffe90505,
0xffe90505,
0xffe90505,
0xffe90505,
0xffe90505,
0xffe90505,
0xffe90505,
0xffe90505,
0xffe90505,
0xffe90505,
0xffe90505,
0xffe90505,
0xffe90505,
0xffe90505,
0xffe90505,
0xffe90505,
0xffe90505,
0xffe90505,
0xffe90505,
0xffe90505,
0xffe90505,
0xffe90505,
0xffe90505,
0xffe90505,
0xffe90505,
0xffe90505,
0xffe90505,
0xffe90505,
0xffe90505,
0xffe90505,
0xffe90505,
0xffe90505,
0xffe90505,
0xffe90505,
0xffe90505,
0xffe90505,
0xffe90505,
0xffe90505,
0xffe90505,
0xffe90505,
0xffe90505,
0xffe90505,
0xffe90505,
0xffe90505,
0xffe90505,
0xffe90505,
0xffe90505,
0xffe90505,
0xffe90505,
0xffe90505,
0xffe90505,
0xffe90505,
0xffe90505,
0xffe90505,
0xffe90505,
0xffe90505,
0xffe90505,
0xffe90505,
0xffe90505,
0xffe90505,
0xffe90505,
0xffe90505,
0xffe90505,
0xffe90505,
0xffe90505,
0xffe90505,
0xffe90505,
0xffe90505,
0xffe90505,
0xffe90505,
0xffe90505,
0xffe90505,
0xffe90505,
0xffe90505,
0xffe90505,
0xffe90505,
0xffe90505,
0xffe90505,
0xffe90505,
0xffe90505,
0xffe90505,
0xffe90505,
0xffe90505,
0xffe90505,
0xffe90505,
0xffe90505,
0xffe90505,
0xffe90505,
0xffe90505,
0xffe90505,
0xffe90505,
0xffe90505,
0xffe90505,
0xffe90505,
0xffe90505,
0xffe90505,
0xffe90505,
0xffe90505,
0xffe90505,
0xffe90505,
0xffe90505,
0xffe90505,
0xffe90505,
0xffe90505,
0xffe90505,
0xffe90505,
0xffe90505,
0xffe90505,
0xffe90505,
0xffe90505,
0xffe90505,
0xffe90505,
0xffe90505,
0xffe90505,
0xffe90505,
0xffe90505,
0xffe90505,
0xffe90505,
0xffe90505,
0xffe90505,
0xffe90505,
0xffe90505,
0xffe90505,
0xffe90505,
0xffe90505,
0xffe90505,
0xffe90505,
0xffe90505,
0xffe90505,
0xffe90505,
0xffe90505,
0xffe90505,
0xffe90505,
0xffe90505,
0xffe90505,
0xffe90505,
0xffe90505,
0xffe90505,
0xffe90505,
0xffe90505,
0xffe90505,
0xffe90505,
0xffe90505,
0xffe90505,
0xffe90505,
0xffe90505,
0xffe90505,
0xffe90505,
0xffe90505,
0xffe90505,
0xffe90505,
0xffe90505,
0xffe90505,
0xffe90505,
0xffe90505,
0xffe90505,
0xffe90505,
0xffe90505,
0xffe90505,
0xffe90505,
0xffe90505,
0xffe90505,
0xffe90505,
0xffe90505,
0xffe90505,
0xffe90505,
0xffe90505,
0xffe90505,
0xffe90505,
0xffe90505,
0xffe90505,
0xffe90505,
0xffe90505,
0xffe90505,
0xffe90505,
0xffe90505,
0xffe90505,
0xffe90505,
0xffe90505,
0xffe90505,
0xffe90505,
0xffe90505,
0xffe90505,
0xffe90505,
0xffe90505,
0xffe90505,
0xffe90505,
0xffe90505,
0xffe90505,
0xffe90505,
0xffe90505,
0xffe90505,
0xffe90505,
0xffe90505,
0xffe90505,
0xffe90505,
0xffe90505,
0xffe90505,
0xffe90505,
0xffe90505,
0xffe90505,
0xffe90505,
0xffe90505,
0xffe90505,
0xffe90505,
0xffe90505,
0xffe90505,
0xffe90505,
0xffe90505,
0xffe90505,
0xffe90505,
0xffe90505,
0xffe90505,
0xffe90505,
0xffe90505,
0xffe90505,
0xffe90505,
0xffe90505,
0xffe90505,
0xffe90505,
0xffe90505,
0xffe90505,
0xffe90505,
0xffe90505,
0xffe90505,
0xffe90505,
0xffe90505,
0xffe90505,
0xffe90505,
0xffe90505,
0xffe90505,
0xffe90505,
0xffe90505,
0xffe90505,
0xffe90505,
0xffe90505,
0xffe90505,
0xffe90505,
0xffe90505,
0xffe90505,
0xffe90505,
0xffe90505,
0xffe90505,
0xffe90505,
0xffe90505,
0xffe90505,
0xffe90505,
0xffe90505,
0xffe90505,
0xffe90505,
0xffe90505,
0xffe90505,
0xffe90505,
0xffe90505,
0xffe90505,
0xffe90505,
0xffe90505,
0xffe90505,
0xffe90505,
0xffe90505,
0xffe90505,
0xffe90505,
0xffe90505,
0xffe90505,
0xffe90505,
0xffe90505,
0xffe90505,
0xffe90505,
0xffe90505,
0xffe90505,
0xffe90505,
0xffe90505,
0xffe90505,
0xffe90505,
0xffe90505,
0xffe90505,
0xffe90505,
0xffe90505,
0xffe90505,
0xffe90505,
0xffe90505,
0xffe90505,
0xffe90505,
0xffe90505,
0xffe90505,
0xffe90505,
0xffe90505,
0xffe90505,
0xffe90505,
0xffe90505,
0xffe90505,
0xffe90505,
0xffe90505,
0xffe90505,
0xffe90505,
0xffe90505,
0xffe90505,
0xffe90505,
0xffe90505,
0xffe90505,
0xffe90505,
0xffe90505,
0xffe90505,
0xffe90505,
0xffe90505,
0xffe90505,
0xffe90505,
0xffe90505,
0xffe90505,
0xffe90505,
0xffe90505,
0xffe90505,
0xffe90505,
0xffe90505,
0xffe90505,
0xffe90505,
0xffe90505,
0xffe90505,
0xffe90505,
0xffe90505,
0xffe90505,
0xffe90505,
0xffe90505,
0xffe90505,
0xffe90505,
0xffe90505,
0xffe90505,
0xffe90505,
0xffe90505,
0xffe90505,
0xffe90505,
0xffe90505,
0xffe90505,
0xffe90505,
0xffe90505,
0xffe90505,
0xffe90505,
0xffe90505,
0xffe90505,
0xffe90505,
0xffe90505,
0xffe90505,
0xffe90505,
0xffe90505,
0xffe90505,
0xffe90505,
0xffe90505,
0xffe90505,
0xffe90505,
0xffe90505,
0xffe90505,
0xffe90505,
0xffe90505,
0xffe90505,
0xffe90505,
0xffe90505,
0xffe90505,
0xffe90505,
0xffe90505,
0xffe90505,
0xffe90505,
0xffe90505,
0xffe90505,
0xffe90505,
0xffe90505,
0xffe90505,
0xffe90505,
0xffe90505,
0xffe90505,
0xffe90505,
0xffe90505,
0xffe90505,
0xffe90505,
0xffe90505,
0xffe90505,
0xffe90505,
0xffe90505,
0xffe90505,
0xffe90505,
0xffe90505,
0xffe90505,
0xffe90505,
0xffe90505,
0xffe90505,
0xffe90505,
0xffe90505,
0xffe90505,
0xffe90505,
0xffe90505,
0xffe90505,
0xffe90505,
0xffe90505,
0xffe90505,
0xffe90505,
0xffe90505,
0xffe90505,
0xffe90505,
0xffe90505,
0xffe90505,
0xffe90505,
0xffe90505,
0xffe90505,
0xffe90505,
0xffe90505,
0xffe90505,
0xffe90505,
0xffe90505,
0xffe90505,
0xffe90505,
0xffe90505,
0xffe90505,
0xffe90505,
0xffe90505,
0xffe90505,
0xffe90505,
0xffe90505,
0xffe90505,
0xffe90505,
0xffe90505,
0xffe90505,
0xffe90505,
0xffe90505,
0xffe90505,
0xffe90505,
0xffe90505,
0xffe90505,
0xffe90505,
0xffe90505,
0xffe90505,
0xffe90505,
0xffe90505,
0xffe90505,
0xffe90505,
0xffe90505,
0xffe90505,
0xffe90505,
0xffe90505,
0xffe90505,
0xffe90505,
0xffe90505,
0xffe90505,
0xffe90505,
0xffe90505,
0xffe90505,
0xffe90505,
0xffe90505,
0xffe90505,
0xffe90505,
0xffe90505,
0xffe90505,
0xffe90505,
0xffe90505,
0xffe90505,
0xffe90505,
0xffe90505,
0xffe90505,
0xffe90505,
0xffe90505,
0xffe90505,
0xffe90505,
0xffe90505,
0xffe90505,
0xffe90505,
0xffe90505,
0xffe90505,
0xffe90505,
0xffe90505,
0xffe90505,
0xffe90505,
0xffe90505,
0xffe90505,
0xffe90505,
0xffe90505,
0xffe90505,
0xffe90505,
0xffe90505,
0xffe90505,
0xffe90505,
0xffe90505,
0xffe90505,
0xffe90505,
0xffe90505,
0xffe90505,
0xffe90505,
0xffe90505,
0xffe90505,
0xffe90505,
0xffe90505,
0xffe90505,
0xffe90505,
0xffe90505,
0xffe90505,
0xffe90505,
0xffe90505,
0xffe90505,
0xffe90505,
0xffe90505,
0xffe90505,
0xffe90505,
0xffe90505,
0xffe90505,
0xffe90505,
0xffe90505,
0xffe90505,
0xffe90505,
0xffe90505,
0xffe90505,
0xffe90505,
0xffe90505,
0xffe90505,
0xffe90505,
0xffe90505,
0xffe90505,
0xffe90505,
0xffe90505,
0xffe90505,
0xffe90505,
0xffe90505,
0xffe90505,
0xffe90505,
0xffe90505,
0xffe90505,
0xffe90505,
0xffe90505,
0xffe90505,
0xffe90505,
0xffe90505,
0xffe90505,
0xffe90505,
0xffe90505,
0xffe90505,
0xffe90505,
0xffe90505,
0xffe90505,
0xffe90505,
0xffe90505,
0xffe90505,
0xffe90505,
0xffe90505,
0xffe90505,
0xffe90505,
0xffe90505,
0xffe90505,
0xffe90505,
0xffe90505,
0xffe90505,
0xffe90505,
0xffe90505,
0xffe90505,
0xffe90505,
0xffe90505,
0xffe90505,
0xffe90505,
0xffe90505,
0xffe90505,
0xffe90505,
0xffe90505,
0xffe90505,
0xffe90505,
0xffe90505,
0xffe90505,
0xffe90505,
0xffe90505,
0xffe90505,
0xffe90505,
0xffe90505,
0xffe90505,
0xffe90505,
0xffe90505,
0xffe90505,
0xffe90505,
0xffe90505,
0xffe90505,
0xffe90505,
0xffe90505,
0xffe90505,
0xffe90505,
0xffe90505,
0xffe90505,
0xffe90505,
0xffe90505,
0xffe90505,
0xffe90505,
0xffe90505,
0xffe90505,
0xffe90505,
0xffe90505,
0xffe90505,
0xffe90505,
0xffe90505,
0xffe90505,
0xffe90505,
0xffe90505,
0xffe90505,
0xffe90505,
0xffe90505,
0xffe90505,
0xffe90505,
0xffe90505,
0xffe90505,
0xffe90505,
0xffe90505,
0xffe90505,
0xffe90505,
0xffe90505,
0xffe90505,
0xffe90505,
0xffe90505,
0xffe90505,
0xffe90505,
0xffe90505,
0xffe90505,
0xffe90505,
0xffe90505,
0xffe90505,
0xffe90505,
0xffe90505,
0xffe90505,
0xffe90505,
0xffe90505,
0xffe90505,
0xffe90505,
0xffe90505,
0xffe90505,
0xffe90505,
0xffe90505,
0xffe90505,
0xffe90505,
0xffe90505,
0xffe90505,
0xffe90505,
0xffe90505,
0xffe90505,
0xffe90505,
0xffe90505,
0xffe90505,
0xffe90505,
0xffe90505,
0xffe90505,
0xffe90505,
0xffe90505,
0xffe90505,
0xffe90505,
0xffe90505,
0xffe90505,
0xffe90505,
0xffe90505,
0xffe90505,
0xffe90505,
0xffe90505,
0xffe90505,
0xffe90505,
0xffe90505,
0xffe90505,
0xffe90505,
0xffe90505,
0xffe90505,
0xffe90505,
0xffe90505,
0xffe90505,
0xffe90505,
0xffe90505,
0xffe90505,
0xffe90505,
0xffe90505,
0xffe90505,
0xffe90505,
0xffe90505,
0xffe90505,
0xffe90505,
0xffe90505,
0xffe90505,
0xffe90505,
0xffe90505,
0xffe90505,
0xffe90505,
0xffe90505,
0xffe90505,
0xffe90505,
0xffe90505,
0xffe90505,
0xffe90505,
0xffe90505,
0xffe90505,
0xffe90505,
0xffe90505,
0xffe90505,
0xffe90505,
0xffe90505,
0xffe90505,
0xffe90505,
0xffe90505,
0xffe90505,
0xffe90505,
0xffe90505,
0xffe90505,
0xffe90505,
0xffe90505,
0xffe90505,
0xffe90505,
0xffe90505,
0xffe90505,
0xffe90505,
0xffe90505,
0xffe90505,
0xffe90505,
0xffe90505,
0xffe90505,
0xffe90505,
0xffe90505,
0xffe90505,
0xffe90505,
0xffe90505,
0xffe90505,
0xffe90505,
0xffe90505,
0xffe90505,
0xffe90505,
0xffe90505,
0xffe90505,
0xffe90505,
0xffe90505,
0xffe90505,
0xffe90505,
0xffe90505,
0xffe90505,
0xffe90505,
0xffe90505,
0xffe90505,
0xffe90505,
0xffe90505,
0xffe90505,
0xffe90505,
0xffe90505,
0xffe90505,
0xffe90505,
0xffe90505,
0xffe90505,
0xffe90505,
0xffe90505,
0xffe90505,
0xffe90505,
0xffe90505,
0xffe90505,
0xffe90505,
0xffe90505,
0xffe90505,
0xffe90505,
0xffe90505,
0xffe90505,
0xffe90505,
0xffe90505,
0xffe90505,
0xffe90505,
0xffe90505,
0xffe90505,
0xffe90505,
0xffe90505,
0xffe90505,
0xffe90505,
0xffe90505,
0xffe90505,
0xffe90505,
0xffe90505,
0xffe90505,
0xffe90505,
0xffe90505,
0xffe90505,
0xffe90505,
0xffe90505,
0xffe90505,
0xffe90505,
0xffe90505,
0xffe90505,
0xffe90505,
0xffe90505,
0xffe90505,
0xffe90505,
0xffe90505,
0xffe90505,
0xffe90505,
0xffe90505,
0xffe90505,
0xffe90505,
0xffe90505,
0xffe90505,
0xffe90505,
0xffe90505,
0xffe90505,
0xffe90505,
0xffe90505,
0xffe90505,
0xffe90505,
0xffe90505,
0xffe90505,
0xffe90505,
0xffe90505,
0xffe90505,
0xffe90505,
0xffe90505,
0xffe90505,
0xffe90505,
0xffe90505,
0xffe90505,
0xffe90505,
0xffe90505,
0xffe90505,
0xffe90505,
0xffe90505,
0xffe90505,
0xffe90505,
0xffe90505,
0xffe90505,
0xffe90505,
0xffe90505,
0xffe90505,
0xffe90505,
0xffe90505,
0xffe90505,
0xffe90505,
0xffe90505,
0xffe90505,
0xffe90505,
0xffe90505,
0xffe90505,
0xffe90505,
0xffe90505,
0xffe90505,
0xffe90505,
0xffe90505,
0xffe90505,
0xffe90505,
0xffe90505,
0xffe90505,
0xffe90505,
0xffe90505,
0xffe90505,
0xffe90505,
0xffe90505,
0xffe90505,
0xffe90505,
0xffe90505,
0xffe90505,
0xffe90505,
0xffe90505,
0xffe90505,
0xffe90505,
0xffe90505,
0xffe90505,
0xffe90505,
0xffe90505,
0xffe90505,
0xffe90505,
0xffe90505,
0xffe90505,
0xffe90505,
0xffe90505,
0xffe90505,
0xffe90505,
0xffe90505,
0xffe90505,
0xffe90505,
0xffe90505,
0xffe90505,
0xffe90505,
0xffe90505,
0xffe90505,
0xffe90505,
0xffe90505,
0xffe90505,
0xffe90505,
0xffe90505,
0xffe90505,
0xffe90505,
0xffe90505,
0xffe90505,
0xffe90505,
0xffe90505,
0xffe90505,
0xffe90505,
0xffe90505,
0xffe90505,
0xffe90505,
0xffe90505,
0xffe90505,
0xffe90505,
0xffe90505,
0xffe90505,
0xffe90505,
0xffe90505,
0xffe90505,
0xffe90505,
0xffe90505,
0xffe90505,
0xffe90505,
0xffe90505,
0xffe90505,
0xffe90505,
0xffe90505,
0xffe90505,
0xffe90505,
0xffe90505,
0xffe90505,
0xffe90505,
0xffe90505,
0xffe90505,
0xffe90505,
0xffe90505,
0xffe90505,
0xffe90505,
0xffe90505,
0xffe90505,
0xffe90505,
0xffe90505,
0xffe90505,
0xffe90505,
0xffe90505,
0xffe90505,
0xffe90505,
0xffe90505,
0xffe90505,
0xffe90505,
0xffe90505,
0xffe90505,
0xffe90505,
0xffe90505,
0xffe90505,
0xffe90505,
0xffe90505,
0xffe90505,
0xffe90505,
0xffe90505,
0xffe90505,
0xffe90505,
0xffe90505,
0xffe90505,
0xffe90505,
0xffe90505,
0xffe90505,
0xffe90505,
0xffe90505,
0xffe90505,
0xffe90505,
0xffe90505,
0xffe90505,
0xffe90505,
0xffe90505,
0xffe90505,
0xffe90505,
0xffe90505,
0xffe90505,
0xffe90505,
0xffe90505,
0xffe90505,
0xffe90505,
0xffe90505,
0xffe90505,
0xffe90505,
0xffe90505,
0xffe90505,
0xffe90505,
0xffe90505,
0xffe90505,
0xffe90505,
0xffe90505,
0xffe90505,
0xffe90505,
0xffe90505,
0xffe90505,
0xffe90505,
0xffe90505,
0xffe90505,
0xffe90505,
0xffe90505,
0xffe90505,
0xffe90505,
0xffe90505,
0xffe90505,
0xffe90505,
0xffe90505,
0xffe90505,
0xffe90505,
0xffe90505,
0xffe90505,
0xffe90505,
0xffe90505,
0xffe90505,
0xffe90505,
0xffe90505,
0xffe90505,
0xffe90505,
0xffe90505,
0xffe90505,
0xffe90505,
0xffe90505,
0xffe90505,
0xffe90505,
0xffe90505,
0xffe90505,
0xffe90505,
0xffe90505,
0xffe90505,
0xffe90505,
0xffe90505,
0xffe90505,
0xffe90505,
0xffe90505,
0xffe90505,
0xffe90505,
0xffe90505,
0xffe90505,
0xffe90505,
0xffe90505,
0xffe90505,
0xffe90505,
0xffe90505,
0xffe90505,
0xffe90505,
0xffe90505,
0xffe90505,
0xffe90505,
0xffe90505,
0xffe90505,
0xffe90505,
0xffe90505,
0xffe90505,
0xffe90505,
0xffe90505,
0xffe90505,
0xffe90505,
0xffe90505,
0xffe90505,
0xffe90505,
0xffe90505,
0xffe90505,
0xffe90505,
0xffe90505,
0xffe90505,
0xffe90505,
0xffe90505,
0xffe90505,
0xffe90505,
0xffe90505,
0xffe90505,
0xffe90505,
0xffe90505,
0xffe90505,
0xffe90505,
0xffe90505,
0xffe90505,
0xffe90505,
0xffe90505,
0xffe90505,
0xffe90505,
0xffe90505,
0xffe90505,
0xffe90505,
0xffe90505,
0xffe90505,
0xffe90505,
0xffe90505,
0xffe90505,
0xffe90505,
0xffe90505,
0xffe90505,
0xffe90505,
0xffe90505,
0xffe90505,
0xffe90505,
0xffe90505,
0xffe90505,
0xffe90505,
0xffe90505,
0xffe90505,
0xffe90505,
0xffe90505,
0xffe90505,
0xffe90505,
0xffe90505,
0xffe90505,
0xffe90505,
0xffe90505,
0xffe90505,
0xffe90505,
0xffe90505,
0xffe90505,
0xffe90505,
0xffe90505,
0xffe90505,
0xffe90505,
0xffe90505,
0xffe90505,
0xffe90505,
0xffe90505,
0xffe90505,
0xffe90505,
0xffe90505,
0xffe90505,
0xffe90505,
0xffe90505,
0xffe90505,
0xffe90505,
0xffe90505,
0xffe90505,
0xffe90505,
0xffe90505,
0xffe90505,
0xffe90505,
0xffe90505,
0xffe90505,
0xffe90505,
0xffe90505,
0xffe90505,
0xffe90505,
0xffe90505,
0xffe90505,
0xffe90505,
0xffe90505,
0xffe90505,
0xffe90505,
0xffe90505,
0xffe90505,
0xffe90505,
0xffe90505,
0xffe90505,
0xffe90505,
0xffe90505,
0xffe90505,
0xffe90505,
0xffe90505,
0xffe90505,
0xffe90505,
0xffe90505,
0xffe90505,
0xffe90505,
0xffe90505,
0xffe90505,
0xffe90505,
0xffe90505,
0xffe90505,
0xffe90505,
0xffe90505,
0xffe90505,
0xffe90505,
0xffe90505,
0xffe90505,
0xffe90505,
0xffe90505,
0xffe90505,
0xffe90505,
0xffe90505,
0xffe90505,
0xffe90505,
0xffe90505,
0xffe90505,
0xffe90505,
0xffe90505,
0xffe90505,
0xffe90505,
0xffe90505,
0xffe90505,
0xffe90505,
0xffe90505,
0xffe90505,
0xffe90505,
0xffe90505,
0xffe90505,
0xffe90505,
0xffe90505,
0xffe90505,
0xffe90505,
0xffe90505,
0xffe90505,
0xffe90505,
0xffe90505,
0xffe90505,
0xffe90505,
0xffe90505,
0xffe90505,
0xffe90505,
0xffe90505,
0xffe90505,
0xffe90505,
0xffe90505,
0xffe90505,
0xffe90505,
0xffe90505,
0xffe90505,
0xffe90505,
0xffe90505,
0xffe90505,
0xffe90505,
0xffe90505,
0xffe90505,
0xffe90505,
0xffe90505,
0xffe90505,
0xffe90505,
0xffe90505,
0xffe90505,
0xffe90505,
0xffe90505,
0xffe90505,
0xffe90505,
0xffe90505,
0xffe90505,
0xffe90505,
0xffe90505,
0xffe90505,
0xffe90505,
0xffe90505,
0xffe90505,
0xffe90505,
0xffe90505,
0xffe90505,
0xffe90505,
0xffe90505,
0xffe90505,
0xffe90505,
0xffe90505,
0xffe90505,
0xffe90505,
0xffe90505,
0xffe90505,
0xffe90505,
0xffe90505,
0xffe90505,
0xffe90505,
0xffe90505,
0xffe90505,
0xffe90505,
0xffe90505,
0xffe90505,
0xffe90505,
0xffe90505,
0xffe90505,
0xffe90505,
0xffe90505,
0xffe90505,
0xffe90505,
0xffe90505,
0xffe90505,
0xffe90505,
0xffe90505,
0xffe90505,
0xffe90505,
0xffe90505,
0xffe90505,
0xffe90505,
0xffe90505,
0xffe90505,
0xffe90505,
0xffe90505,
0xffe90505,
0xffe90505,
0xffe90505,
0xffe90505,
0xffe90505,
0xffe90505,
0xffe90505,
0xffe90505,
0xffe90505,
0xffe90505,
0xffe90505,
0xffe90505,
0xffe90505,
0xffe90505,
0xffe90505,
0xffe90505,
0xffe90505,
0xffe90505,
0xffe90505,
0xffe90505,
0xffe90505,
0xffe90505,
0xffe90505,
0xffe90505,
0xffe90505,
0xffe90505,
0xffe90505,
0xffe90505,
0xffe90505,
0xffe90505,
0xffe90505,
0xffe90505,
0xffe90505,
0xffe90505,
0xffe90505,
0xffe90505,
0xffe90505,
0xffe90505,
0xffe90505,
0xffe90505,
0xffe90505,
0xffe90505,
0xffe90505,
0xffe90505,
0xffe90505,
0xffe90505,
0xffe90505,
0xffe90505,
0xffe90505,
0xffe90505,
0xffe90505,
0xffe90505,
0xffe90505,
0xffe90505,
0xffe90505,
0xffe90505,
0xffe90505,
0xffe90505,
0xffe90505,
0xffe90505,
0xffe90505,
0xffe90505,
0xffe90505,
0xffe90505,
0xffe90505,
0xffe90505,
0xffe90505,
0xffe90505,
0xffe90505,
0xffe90505,
0xffe90505,
0xffe90505,
0xffe90505,
0xffe90505,
0xffe90505,
0xffe90505,
0xffe90505,
0xffe90505,
0xffe90505,
0xffe90505,
0xffe90505,
0xffe90505,
0xffe90505,
0xffe90505,
0xffe90505,
0xffe90505,
0xffe90505,
0xffe90505,
0xffe90505,
0xffe90505,
0xffe90505,
0xffe90505,
0xffe90505,
0xffe90505,
0xffe90505,
0xffe90505,
0xffe90505,
0xffe90505,
0xffe90505,
0xffe90505,
0xffe90505,
0xffe90505,
0xffe90505,
0xffe90505,
0xffe90505,
0xffe90505,
0xffe90505,
0xffe90505,
0xffe90505,
0xffe90505,
0xffe90505,
0xffe90505,
0xffe90505,
0xffe90505,
0xffe90505,
0xffe90505,
0xffe90505,
0xffe90505,
0xffe90505,
0xffe90505,
0xffe90505,
0xffe90505,
0xffe90505,
0xffe90505,
0xffe90505,
0xffe90505,
0xffe90505,
0xffe90505,
0xffe90505,
0xffe90505,
0xffe90505,
0xffe90505,
0xffe90505,
0xffe90505,
0xffe90505,
0xffe90505,
0xffe90505,
0xffe90505,
0xffe90505,
0xffe90505,
0xffe90505,
0xffe90505,
0xffe90505,
0xffe90505,
0xffe90505,
0xffe90505,
0xffe90505,
0xffe90505,
0xffe90505,
0xffe90505,
0xffe90505,
0xffe90505,
0xffe90505,
0xffe90505,
0xffe90505,
0xffe90505,
0xffe90505,
0xffe90505,
0xffe90505,
0xffe90505,
0xffe90505,
0xffe90505,
0xffe90505,
0xffe90505,
0xffe90505,
0xffe90505,
0xffe90505,
0xffe90505,
0xffe90505,
0xffe90505,
0xffe90505,
0xffe90505,
0xffe90505,
0xffe90505,
0xffe90505,
0xffe90505,
0xffe90505,
0xffe90505,
0xffe90505,
0xffe90505,
0xffe90505,
0xffe90505,
0xffe90505,
0xffe90505,
0xffe90505,
0xffe90505,
0xffe90505,
0xffe90505,
0xffe90505,
0xffe90505,
0xffe90505,
0xffe90505,
0xffe90505,
0xffe90505,
0xffe90505,
0xffe90505,
0xffe90505,
0xffe90505,
0xffe90505,
0xffe90505,
0xffe90505,
0xffe90505,
0xffe90505,
0xffe90505,
0xffe90505,
0xffe90505,
0xffe90505,
0xffe90505,
0xffe90505,
0xffe90505,
0xffe90505,
0xffe90505,
0xffe90505,
0xffe90505,
0xffe90505,
0xffe90505,
0xffe90505,
0xffe90505,
0xffe90505,
0xffe90505,
0xffe90505,
0xffe90505,
0xffe90505,
0xffe90505,
0xffe90505,
0xffe90505,
0xffe90505,
0xffe90505,
0xffe90505,
0xffe90505,
0xffe90505,
0xffe90505,
0xffe90505,
0xffe90505,
0xffe90505,
0xffe90505,
0xffe90505,
0xffe90505,
0xffe90505,
0xffe90505,
0xffe90505,
0xffe90505,
0xffe90505,
0xffe90505,
0xffe90505,
0xffe90505,
0xffe90505,
0xffe90505,
0xffe90505,
0xffe90505,
0xffe90505,
0xffe90505,
0xffe90505,
0xffe90505,
0xffe90505,
0xffe90505,
0xffe90505,
0xffe90505,
0xffe90505,
0xffe90505,
0xffe90505,
0xffe90505,
0xffe90505,
0xffe90505,
0xffe90505,
0xffe90505,
0xffe90505,
0xffe90505,
0xffe90505,
0xffe90505,
0xffe90505,
0xffe90505,
0xffe90505,
0xffe90505,
0xffe90505,
0xffe90505,
0xffe90505,
0xffe90505,
0xffe90505,
0xffe90505,
0xffe90505,
0xffe90505,
0xffe90505,
0xffe90505,
0xffe90505,
0xffe90505,
0xffe90505,
0xffe90505,
0xffe90505,
0xffe90505,
0xffe90505,
0xffe90505,
0xffe90505,
0xffe90505,
0xffe90505,
0xffe90505,
0xffe90505,
0xffe90505,
0xffe90505,
0xffe90505,
0xffe90505,
0xffe90505,
0xffe90505,
0xffe90505,
0xffe90505,
0xffe90505,
0xffe90505,
0xffe90505,
0xffe90505,
0xffe90505,
0xffe90505,
0xffe90505,
0xffe90505,
0xffe90505,
0xffe90505,
0xffe90505,
0xffe90505,
0xffe90505,
0xffe90505,
0xffe90505,
0xffe90505,
0xffe90505,
0xffe90505,
0xffe90505,
0xffe90505,
0xffe90505,
0xffe90505,
0xffe90505,
0xffe90505,
0xffe90505,
0xffe90505,
0xffe90505,
0xffe90505,
0xffe90505,
0xffe90505,
0xffe90505,
0xffe90505,
0xffe90505,
0xffe90505,
0xffe90505,
0xffe90505,
0xffe90505,
0xffe90505,
0xffe90505,
0xffe90505,
0xffe90505,
0xffe90505,
0xffe90505,
0xffe90505,
0xffe90505,
0xffe90505,
0xffe90505,
0xffe90505,
0xffe90505,
0xffe90505,
0xffe90505,
0xffe90505,
0xffe90505,
0xffe90505,
0xffe90505,
0xffe90505,
0xffe90505,
0xffe90505,
0xffe90505,
0xffe90505,
0xffe90505,
0xffe90505,
0xffe90505,
0xffe90505,
0xffe90505,
0xffe90505,
0xffe90505,
0xffe90505,
0xffe90505,
0xffe90505,
0xffe90505,
0xffe90505,
0xffe90505,
0xffe90505,
0xffe90505,
0xffe90505,
0xffe90505,
0xffe90505,
0xffe90505,
0xffe90505,
0xffe90505,
0xffe90505,
0xffe90505,
0xffe90505,
0xffe90505,
0xffe90505,
0xffe90505,
0xffe90505,
0xffe90505,
0xffe90505,
0xffe90505,
0xffe90505,
0xffe90505,
0xffe90505,
0xffe90505,
0xffe90505,
0xffe90505,
0xffe90505,
0xffe90505,
0xffe90505,
0xffe90505,
0xffe90505,
0xffe90505,
0xffe90505,
0xffe90505,
0xffe90505,
0xffe90505,
0xffe90505,
0xffe90505,
0xffe90505,
0xffe90505,
0xffe90505,
0xffe90505,
0xffe90505,
0xffe90505,
0xffe90505,
0xffe90505,
0xffe90505,
0xffe90505,
0xffe90505,
0xffe90505,
0xffe90505,
0xffe90505,
0xffe90505,
0xffe90505,
0xffe90505,
0xffe90505,
0xffe90505,
0xffe90505,
0xffe90505,
0xffe90505,
0xffe90505,
0xffe90505,
0xffe90505,
0xffe90505,
0xffe90505,
0xffe90505,
0xffe90505,
0xffe90505,
0xffe90505,
0xffe90505,
0xffe90505,
0xffe90505,
0xffe90505,
0xffe90505,
0xffe90505,
0xffe90505,
0xffe90505,
0xffe90505,
0xffe90505,
0xffe90505,
0xffe90505,
0xffe90505,
0xffe90505,
0xffe90505,
0xffe90505,
0xffe90505,
0xffe90505,
0xffe90505,
0xffe90505,
0xffe90505,
0xffe90505,
0xffe90505,
0xffe90505,
0xffe90505,
0xffe90505,
0xffe90505,
0xffe90505,
0xffe90505,
0xffe90505,
0xffe90505,
0xffe90505,
0xffe90505,
0xffe90505,
0xffe90505,
0xffe90505,
0xffe90505,
0xffe90505,
0xffe90505,
0xffe90505,
0xffe90505,
0xffe90505,
0xffe90505,
0xffe90505,
0xffe90505,
0xffe90505,
0xffe90505,
0xffe90505,
0xffe90505,
0xffe90505,
0xffe90505,
0xffe90505,
0xffe90505,
0xffe90505,
0xffe90505,
0xffe90505,
0xffe90505,
0xffe90505,
0xffe90505,
0xffe90505,
0xffe90505,
0xffe90505,
0xffe90505,
0xffe90505,
0xffe90505,
0xffe90505,
0xffe90505,
0xffe90505,
0xffe90505,
0xffe90505,
0xffe90505,
0xffe90505,
0xffe90505,
0xffe90505,
0xffe90505,
0xffe90505,
0xffe90505,
0xffe90505,
0xffe90505,
0xffe90505,
0xffe90505,
0xffe90505,
0xffe90505,
0xffe90505,
0xffe90505,
0xffe90505,
0xffe90505,
0xffe90505,
0xffe90505,
0xffe90505,
0xffe90505,
0xffe90505,
0xffe90505,
0xffe90505,
0xffe90505,
0xffe90505,
0xffe90505,
0xffe90505,
0xffe90505,
0xffe90505,
0xffe90505,
0xffe90505,
0xffe90505,
0xffe90505,
0xffe90505,
0xffe90505,
0xffe90505,
0xffe90505,
0xffe90505,
0xffe90505,
0xffe90505,
0xffe90505,
0xffe90505,
0xffe90505,
0xffe90505,
0xffe90505,
0xffe90505,
0xffe90505,
0xffe90505,
0xffe90505,
0xffe90505,
0xffe90505,
0xffe90505,
0xffe90505,
0xffe90505,
0xffe90505,
0xffe90505,
0xffe90505,
0xffe90505,
0xffe90505,
0xffe90505,
0xffe90505,
0xffe90505,
0xffe90505,
0xffe90505,
0xffe90505,
0xffe90505,
0xffe90505,
0xffe90505,
0xffe90505,
0xffe90505,
0xffe90505,
0xffe90505,
0xffe90505,
0xffe90505,
0xffe90505,
0xffe90505,
0xffe90505,
0xffe90505,
0xffe90505,
0xffe90505,
0xffe90505,
0xffe90505,
0xffe90505,
0xffe90505,
0xffe90505,
0xffe90505,
0xffe90505,
0xffe90505,
0xffe90505,
0xffe90505,
0xffe90505,
0xffe90505,
0xffe90505,
0xffe90505,
0xffe90505,
0xffe90505,
0xffe90505,
0xffe90505,
0xffe90505,
0xffe90505,
0xffe90505,
0xffe90505,
0xffe90505,
0xffe90505,
0xffe90505,
0xffe90505,
0xffe90505,
0xffe90505,
0xffe90505,
0xffe90505,
0xffe90505,
0xffe90505,
0xffe90505,
0xffe90505,
0xffe90505,
0xffe90505,
0xffe90505,
0xffe90505,
0xffe90505,
0xffe90505,
0xffe90505,
0xffe90505,
0xffe90505,
0xffe90505,
0xffe90505,
0xffe90505,
0xffe90505,
0xffe90505,
0xffe90505,
0xffe90505,
0xffe90505,
0xffe90505,
0xffe90505,
0xffe90505,
0xffe90505,
0xffe90505,
0xffe90505,
0xffe90505,
0xffe90505,
0xffe90505,
0xffe90505,
0xffe90505,
0xffe90505,
0xffe90505,
0xffe90505,
0xffe90505,
0xffe90505,
0xffe90505,
0xffe90505,
0xffe90505,
0xffe90505,
0xffe90505,
0xffe90505,
0xffe90505,
0xffe90505,
0xffe90505,
0xffe90505,
0xffe90505,
0xffe90505,
0xffe90505,
0xffe90505,
0xffe90505,
0xffe90505,
0xffe90505,
0xffe90505,
0xffe90505,
0xffe90505,
0xffe90505,
0xffe90505,
0xffe90505,
0xffe90505,
0xffe90505,
0xffe90505,
0xffe90505,
0xffe90505,
0xffe90505,
0xffe90505,
0xffe90505,
0xffe90505,
0xffe90505,
0xffe90505,
0xffe90505,
0xffe90505,
0xffe90505,
0xffe90505,
0xffe90505,
0xffe90505,
0xffe90505,
0xffe90505,
0xffe90505,
0xffe90505,
0xffe90505,
0xffe90505,
0xffe90505,
0xffe90505,
0xffe90505,
0xffe90505,
0xffe90505,
0xffe90505,
0xffe90505,
0xffe90505,
0xffe90505,
0xffe90505,
0xffe90505,
0xffe90505,
0xffe90505,
0xffe90505,
0xffe90505,
0xffe90505,
0xffe90505,
0xffe90505,
0xffe90505,
0xffe90505,
0xffe90505,
0xffe90505,
0xffe90505,
0xffe90505,
0xffe90505,
0xffe90505,
0xffe90505,
0xffe90505,
0xffe90505,
0xffe90505,
0xffe90505,
0xffe90505,
0xffe90505,
0xffe90505,
0xffe90505,
0xffe90505,
0xffe90505,
0xffe90505,
0xffe90505,
0xffe90505,
0xffe90505,
0xffe90505,
0xffe90505,
0xffe90505,
0xffe90505,
0xffe90505,
0xffe90505,
0xffe90505,
0xffe90505,
0xffe90505,
0xffe90505,
0xffe90505,
0xffe90505,
0xffe90505,
0xffe90505,
0xffe90505,
0xffe90505,
0xffe90505,
0xffe90505,
0xffe90505,
0xffe90505,
0xffe90505,
0xffe90505,
0xffe90505,
0xffe90505,
0xffe90505,
0xffe90505,
0xffe90505,
0xffe90505,
0xffe90505,
0xffe90505,
0xffe90505,
0xffe90505,
0xffe90505,
0xffe90505,
0xffe90505,
0xffe90505,
0xffe90505,
0xffe90505,
0xffe90505,
0xffe90505,
0xffe90505,
0xffe90505,
0xffe90505,
0xffe90505,
0xffe90505,
0xffe90505,
0xffe90505,
0xffe90505,
0xffe90505,
0xffe90505,
0xffe90505,
0xffe90505,
0xffe90505,
0xffe90505,
0xffe90505,
0xffe90505,
0xffe90505,
0xffe90505,
0xffe90505,
0xffe90505,
0xffe90505,
0xffe90505,
0xffe90505,
0xffe90505,
0xffe90505,
0xffe90505,
0xffe90505,
0xffe90505,
0xffe90505,
0xffe90505,
0xffe90505,
0xffe90505,
0xffe90505,
0xffe90505,
0xffe90505,
0xffe90505,
0xffe90505,
0xffe90505,
0xffe90505,
0xffe90505,
0xffe90505,
0xffe90505,
0xffe90505,
0xffe90505,
0xffe90505,
0xffe90505,
0xffe90505,
0xffe90505,
0xffe90505,
0xffe90505,
0xffe90505,
0xffe90505,
0xffe90505,
0xffe90505,
0xffe90505,
0xffe90505,
0xffe90505,
0xffe90505,
0xffe90505,
0xffe90505,
0xffe90505,
0xffe90505,
0xffe90505,
0xffe90505,
0xffe90505,
0xffe90505,
0xffe90505,
0xffe90505,
0xffe90505,
0xffe90505,
0xffe90505,
0xffe90505,
0xffe90505,
0xffe90505,
0xffe90505,
0xffe90505,
0xffe90505,
0xffe90505,
0xffe90505,
0xffe90505,
0xffe90505,
0xffe90505,
0xffe90505,
0xffe90505,
0xffe90505,
0xffe90505,
0xffe90505,
0xffe90505,
0xffe90505,
0xffe90505,
0xffe90505,
0xffe90505,
0xffe90505,
0xffe90505,
0xffe90505,
0xffe90505,
0xffe90505,
0xffe90505,
0xffe90505,
0xffe90505,
0xffe90505,
0xffe90505,
0xffe90505,
0xffe90505,
0xffe90505,
0xffe90505,
0xffe90505,
0xffe90505,
0xffe90505,
0xffe90505,
0xffe90505,
0xffe90505,
0xffe90505,
0xffe90505,
0xffe90505,
0xffe90505,
0xffe90505,
0xffe90505,
0xffe90505,
0xffe90505,
0xffe90505,
0xffe90505,
0xffe90505,
0xffe90505,
0xffe90505,
0xffe90505,
0xffe90505,
0xffe90505,
0xffe90505,
0xffe90505,
0xffe90505,
0xffe90505,
0xffe90505,
0xffe90505,
0xffe90505,
0xffe90505,
0xffe90505,
0xffe90505,
0xffe90505,
0xffe90505,
0xffe90505,
0xffe90505,
0xffe90505,
0xffe90505,
0xffe90505,
0xffe90505,
0xffe90505,
0xffe90505,
0xffe90505,
0xffe90505,
0xffe90505,
0xffe90505,
0xffe90505,
0xffe90505,
0xffe90505,
0xffe90505,
0xffe90505,
0xffe90505,
0xffe90505,
0xffe90505,
0xffe90505,
0xffe90505,
0xffe90505,
0xffe90505,
0xffe90505,
0xffe90505,
0xffe90505,
0xffe90505,
0xffe90505,
0xffe90505,
0xffe90505,
0xffe90505,
0xffe90505,
0xffe90505,
0xffe90505,
0xffe90505,
0xffe90505,
0xffe90505,
0xffe90505,
0xffe90505,
0xffe90505,
0xffe90505,
0xffe90505,
0xffe90505,
0xffe90505,
0xffe90505,
0xffe90505,
0xffe90505,
0xffe90505,
0xffe90505,
0xffe90505,
0xffe90505,
0xffe90505,
0xffe90505,
0xffe90505,
0xffe90505,
0xffe90505,
0xffe90505,
0xffe90505,
0xffe90505,
0xffe90505,
0xffe90505,
0xffe90505,
0xffe90505,
0xffe90505,
0xffe90505,
0xffe90505,
0xffe90505,
0xffe90505,
0xffe90505,
0xffe90505,
0xffe90505,
0xffe90505,
0xffe90505,
0xffe90505,
0xffe90505,
0xffe90505,
0xffe90505,
0xffe90505,
0xffe90505,
0xffe90505,
0xffe90505,
0xffe90505,
0xffe90505,
0xffe90505,
0xffe90505,
0xffe90505,
0xffe90505,
0xffe90505,
0xffe90505,
0xffe90505,
0xffe90505,
0xffe90505,
0xffe90505,
0xffe90505,
0xffe90505,
0xffe90505,
0xffe90505,
0xffe90505,
0xffe90505,
0xffe90505,
0xffe90505,
0xffe90505,
0xffe90505,
0xffe90505,
0xffe90505,
0xffe90505,
0xffe90505,
0xffe90505,
0xffe90505,
0xffe90505,
0xffe90505,
0xffe90505,
0xffe90505,
0xffe90505,
0xffe90505,
0xffe90505,
0xffe90505,
0xffe90505,
0xffe90505,
0xffe90505,
0xffe90505,
0xffe90505,
0xffe90505,
0xffe90505,
0xffe90505,
0xffe90505,
0xffe90505,
0xffe90505,
0xffe90505,
0xffe90505,
0xffe90505,
0xffe90505,
0xffe90505,
0xffe90505,
0xffe90505,
0xffe90505,
0xffe90505,
0xffe90505,
0xffe90505,
0xffe90505,
0xffe90505,
0xffe90505,
0xffe90505,
0xffe90505,
0xffe90505,
0xffe90505,
0xffe90505,
0xffe90505,
0xffe90505,
0xffe90505,
0xffe90505,
0xffe90505,
0xffe90505,
0xffe90505,
0xffe90505,
0xffe90505,
0xffe90505,
0xffe90505,
0xffe90505,
0xffe90505,
0xffe90505,
0xffe90505,
0xffe90505,
0xffe90505,
0xffe90505,
0xffe90505,
0xffe90505,
0xffe90505,
0xffe90505,
0xffe90505,
0xffe90505,
0xffe90505,
0xffe90505,
0xffe90505,
0xffe90505,
0xffe90505,
0xffe90505,
0xffe90505,
0xffe90505,
0xffe90505,
0xffe90505,
0xffe90505,
0xffe90505,
0xffe90505,
0xffe90505,
0xffe90505,
0xffe90505,
0xffe90505,
0xffe90505,
0xffe90505,
0xffe90505,
0xffe90505,
0xffe90505,
0xffe90505,
0xffe90505,
0xffe90505,
0xffe90505,
0xffe90505,
0xffe90505,
0xffe90505,
0xffe90505,
0xffe90505,
0xffe90505,
0xffe90505,
0xffe90505,
0xffe90505,
0xffe90505,
0xffe90505,
0xffe90505,
0xffe90505,
0xffe90505,
0xffe90505,
0xffe90505,
0xffe90505,
0xffe90505,
0xffe90505,
0xffe90505,
0xffe90505,
0xffe90505,
0xffe90505,
0xffe90505,
0xffe90505,
0xffe90505,
0xffe90505,
0xffe90505,
0xffe90505,
0xffe90505,
0xffe90505,
0xffe90505,
0xffe90505,
0xffe90505,
0xffe90505,
0xffe90505,
0xffe90505,
0xffe90505,
0xffe90505,
0xffe90505,
0xffe90505,
0xffe90505,
0xffe90505,
0xffe90505,
0xffe90505,
0xffe90505,
0xffe90505,
0xffe90505,
0xffe90505,
0xffe90505,
0xffe90505,
0xffe90505,
0xffe90505,
0xffe90505,
0xffe90505,
0xffe90505,
0xffe90505,
0xffe90505,
0xffe90505,
0xffe90505,
0xffe90505,
0xffe90505,
0xffe90505,
0xffe90505,
0xffe90505,
0xffe90505,
0xffe90505,
0xffe90505,
0xffe90505,
0xffe90505,
0xffe90505,
0xffe90505,
0xffe90505,
0xffe90505,
0xffe90505,
0xffe90505,
0xffe90505,
0xffe90505,
0xffe90505,
0xffe90505,
0xffe90505,
0xffe90505,
0xffe90505,
0xffe90505,
0xffe90505,
0xffe90505,
0xffe90505,
0xffe90505,
0xffe90505,
0xffe90505,
0xffe90505,
0xffe90505,
0xffe90505,
0xffe90505,
0xffe90505,
0xffe90505,
0xffe90505,
0xffe90505,
0xffe90505,
0xffe90505,
0xffe90505,
0xffe90505,
0xffe90505,
0xffe90505,
0xffe90505,
0xffe90505,
0xffe90505,
0xffe90505,
0xffe90505,
0xffe90505,
0xffe90505,
0xffe90505,
0xffe90505,
0xffe90505,
0xffe90505,
0xffe90505,
0xffe90505,
0xffe90505,
0xffe90505,
0xffe90505,
0xffe90505,
0xffe90505,
0xffe90505,
0xffe90505,
0xffe90505,
0xffe90505,
0xffe90505,
0xffe90505,
0xffe90505,
0xffe90505,
0xffe90505,
0xffe90505,
0xffe90505,
0xffe90505,
0xffe90505,
0xffe90505,
0xffe90505,
0xffe90505,
0xffe90505,
0xffe90505,
0xffe90505,
0xffe90505,
0xffe90505,
0xffe90505,
0xffe90505,
0xffe90505,
0xffe90505,
0xffe90505,
0xffe90505,
0xffe90505,
0xffe90505,
0xffe90505,
0xffe90505,
0xffe90505,
0xffe90505,
0xffe90505,
0xffe90505,
0xffe90505,
0xffe90505,
0xffe90505,
0xffe90505,
0xffe90505,
0xffe90505,
0xffe90505,
0xffe90505,
0xffe90505,
0xffe90505,
0xffe90505,
0xffe90505,
0xffe90505,
0xffe90505,
0xffe90505,
0xffe90505,
0xffe90505,
0xffe90505,
0xffe90505,
0xffe90505,
0xffe90505,
0xffe90505,
0xffe90505,
0xffe90505,
0xffe90505,
0xffe90505,
0xffe90505,
0xffe90505,
0xffe90505,
0xffe90505,
0xffe90505,
0xffe90505,
0xffe90505,
0xffe90505,
0xffe90505,
0xffe90505,
0xffe90505,
0xffe90505,
0xffe90505,
0xffe90505,
0xffe90505,
0xffe90505,
0xffe90505,
0xffe90505,
0xffe90505,
0xffe90505,
0xffe90505,
0xffe90505,
0xffe90505,
0xffe90505,
0xffe90505,
0xffe90505,
0xffe90505,
0xffe90505,
0xffe90505,
0xffe90505,
0xffe90505,
0xffe90505,
0xffe90505,
0xffe90505,
0xffe90505,
0xffe90505,
0xffe90505,
0xffe90505,
0xffe90505,
0xffe90505,
0xffe90505,
0xffe90505,
0xffe90505,
0xffe90505,
0xffe90505,
0xffe90505,
0xffe90505,
0xffe90505,
0xffe90505,
0xffe90505,
0xffe90505,
0xffe90505,
0xffe90505,
0xffe90505,
0xffe90505,
0xffe90505,
0xffe90505,
0xffe90505,
0xffe90505,
0xffe90505,
0xffe90505,
0xffe90505,
0xffe90505,
0xffe90505,
0xffe90505,
0xffe90505,
0xffe90505,
0xffe90505,
0xffe90505,
0xffe90505,
0xffe90505,
0xffe90505,
0xffe90505,
0xffe90505,
0xffe90505,
0xffe90505,
0xffe90505,
0xffe90505,
0xffe90505,
0xffe90505,
0xffe90505,
0xffe90505,
0xffe90505,
0xffe90505,
0xffe90505,
0xffe90505,
0xffe90505,
0xffe90505,
0xffe90505,
0xffe90505,
0xffe90505,
0xffe90505,
0xffe90505,
0xffe90505,
0xffe90505,
0xffe90505,
0xffe90505,
0xffe90505,
0xffe90505,
0xffe90505,
0xffe90505,
0xffe90505,
0xffe90505,
0xffe90505,
0xffe90505,
0xffe90505,
0xffe90505,
0xffe90505,
0xffe90505,
0xffe90505,
0xffe90505,
0xffe90505,
0xffe90505,
0xffe90505,
0xffe90505,
0xffe90505,
0xffe90505,
0xffe90505,
0xffe90505,
0xffe90505,
0xffe90505,
0xffe90505,
0xffe90505,
0xffe90505,
0xffe90505,
0xffe90505,
0xffe90505,
0xffe90505,
0xffe90505,
0xffe90505,
0xffe90505,
0xffe90505,
0xffe90505,
0xffe90505,
0xffe90505,
0xffe90505,
0xffe90505,
0xffe90505,
0xffe90505,
0xffe90505,
0xffe90505,
0xffe90505,
0xffe90505,
0xffe90505,
0xffe90505,
0xffe90505,
0xffe90505,
0xffe90505,
0xffe90505,
0xffe90505,
0xffe90505,
0xffe90505,
0xffe90505,
0xffe90505,
0xffe90505,
0xffe90505,
0xffe90505,
0xffe90505,
0xffe90505,
0xffe90505,
0xffe90505,
0xffe90505,
0xffe90505,
0xffe90505,
0xffe90505,
0xffe90505,
0xffe90505,
0xffe90505,
0xffe90505,
0xffe90505,
0xffe90505,
0xffe90505,
0xffe90505,
0xffe90505,
0xffe90505,
0xffe90505,
0xffe90505,
0xffe90505,
0xffe90505,
0xffe90505,
0xffe90505,
0xffe90505,
0xffe90505,
0xffe90505,
0xffe90505,
0xffe90505,
0xffe90505,
0xffe90505,
0xffe90505,
0xffe90505,
0xffe90505,
0xffe90505,
0xffe90505,
0xffe90505,
0xffe90505,
0xffe90505,
0xffe90505,
0xffe90505,
0xffe90505,
0xffe90505,
0xffe90505,
0xffe90505,
0xffe90505,
0xffe90505,
0xffe90505,
0xffe90505,
0xffe90505,
0xffe90505,
0xffe90505,
0xffe90505,
0xffe90505,
0xffe90505,
0xffe90505,
0xffe90505,
0xffe90505,
0xffe90505,
0xffe90505,
0xffe90505,
0xffe90505,
0xffe90505,
0xffe90505,
0xffe90505,
0xffe90505,
0xffe90505,
0xffe90505,
0xffe90505,
0xffe90505,
0xffe90505,
0xffe90505,
0xffe90505,
0xffe90505,
0xffe90505,
0xffe90505,
0xffe90505,
0xffe90505,
0xffe90505,
0xffe90505,
0xffe90505,
0xffe90505,
0xffe90505,
0xffe90505,
0xffe90505,
0xffe90505,
0xffe90505,
0xffe90505,
0xffe90505,
0xffe90505,
0xffe90505,
0xffe90505,
0xffe90505,
0xffe90505,
0xffe90505,
0xffe90505,
0xffe90505,
0xffe90505,
0xffe90505,
0xffe90505,
0xffe90505,
0xffe90505,
0xffe90505,
0xffe90505,
0xffe90505,
0xffe90505,
0xffe90505,
0xffe90505,
0xffe90505,
0xffe90505,
0xffe90505,
0xffe90505,
0xffe90505,
0xffe90505,
0xffe90505,
0xffe90505,
0xffe90505,
0xffe90505,
0xffe90505,
0xffe90505,
0xffe90505,
0xffe90505,
0xffe90505,
0xffe90505,
0xffe90505,
0xffe90505,
0xffe90505,
0xffe90505,
0xffe90505,
0xffe90505,
0xffe90505,
0xffe90505,
0xffe90505,
0xffe90505,
0xffe90505,
0xffe90505,
0xffe90505,
0xffe90505,
0xffe90505,
0xffe90505,
0xffe90505,
0xffe90505,
0xffe90505,
0xffe90505,
0xffe90505,
0xffe90505,
0xffe90505,
0xffe90505,
0xffe90505,
0xffe90505,
0xffe90505,
0xffe90505,
0xffe90505,
0xffe90505,
0xffe90505,
0xffe90505,
0xffe90505,
0xffe90505,
0xffe90505,
0xffe90505,
0xffe90505,
0xffe90505,
0xffe90505,
0xffe90505,
0xffe90505,
0xffe90505,
0xffe90505,
0xffe90505,
0xffe90505,
0xffe90505,
0xffe90505,
0xffe90505,
0xffe90505,
0xffe90505,
0xffe90505,
0xffe90505,
0xffe90505,
0xffe90505,
0xffe90505,
0xffe90505,
0xffe90505,
0xffe90505,
0xffe90505,
0xffe90505,
0xffe90505,
0xffe90505,
0xffe90505,
0xffe90505,
0xffe90505,
0xffe90505,
0xffe90505,
0xffe90505,
0xffe90505,
0xffe90505,
0xffe90505,
0xffe90505,
0xffe90505,
0xffe90505,
0xffe90505,
0xffe90505,
0xffe90505,
0xffe90505,
0xffe90505,
0xffe90505,
0xffe90505,
0xffe90505,
0xffe90505,
0xffe90505,
0xffe90505,
0xffe90505,
0xffe90505,
0xffe90505,
0xffe90505,
0xffe90505,
0xffe90505,
0xffe90505,
0xffe90505,
0xffe90505,
0xffe90505,
0xffe90505,
0xffe90505,
0xffe90505,
0xffe90505,
0xffe90505,
0xffe90505,
0xffe90505,
0xffe90505,
0xffe90505,
0xffe90505,
0xffe90505,
0xffe90505,
0xffe90505,
0xffe90505,
0xffe90505,
0xffe90505,
0xffe90505,
0xffe90505,
0xffe90505,
0xffe90505,
0xffe90505,
0xffe90505,
0xffe90505,
0xffe90505,
0xffe90505,
0xffe90505,
0xffe90505,
0xffe90505,
0xffe90505,
0xffe90505,
0xffe90505,
0xffe90505,
0xffe90505,
0xffe90505,
0xffe90505,
0xffe90505,
0xffe90505,
0xffe90505,
0xffe90505,
0xffe90505,
0xffe90505,
0xffe90505,
0xffe90505,
0xffe90505,
0xffe90505,
0xffe90505,
0xffe90505,
0xffe90505,
0xffe90505,
0xffe90505,
0xffe90505,
0xffe90505,
0xffe90505,
0xffe90505,
0xffe90505,
0xffe90505,
0xffe90505,
0xffe90505,
0xffe90505,
0xffe90505,
0xffe90505,
0xffe90505,
0xffe90505,
0xffe90505,
0xffe90505,
0xffe90505,
0xffe90505,
0xffe90505,
0xffe90505,
0xffe90505,
0xffe90505,
0xffe90505,
0xffe90505,
0xffe90505,
0xffe90505,
0xffe90505,
0xffe90505,
0xffe90505,
0xffe90505,
0xffe90505,
0xffe90505,
0xffe90505,
0xffe90505,
0xffe90505,
0xffe90505,
0xffe90505,
0xffe90505,
0xffe90505,
0xffe90505,
0xffe90505,
0xffe90505,
0xffe90505,
0xffe90505,
0xffe90505,
0xffe90505,
0xffe90505,
0xffe90505,
0xffe90505,
0xffe90505,
0xffe90505,
0xffe90505,
0xffe90505,
0xffe90505,
0xffe90505,
0xffe90505,
0xffe90505,
0xffe90505,
0xffe90505,
0xffe90505,
0xffe90505,
0xffe90505,
0xffe90505,
0xffe90505,
0xffe90505,
0xffe90505,
0xffe90505,
0xffe90505,
0xffe90505,
0xffe90505,
0xffe90505,
0xffe90505,
0xffe90505,
0xffe90505,
0xffe90505,
0xffe90505,
0xffe90505,
0xffe90505,
0xffe90505,
0xffe90505,
0xffe90505,
0xffe90505,
0xffe90505,
0xffe90505,
0xffe90505,
0xffe90505,
0xffe90505,
0xffe90505,
0xffe90505,
0xffe90505,
0xffe90505,
0xffe90505,
0xffe90505,
0xffe90505,
0xffe90505,
0xffe90505,
0xffe90505,
0xffe90505,
0xffe90505,
0xffe90505,
0xffe90505,
0xffe90505,
0xffe90505,
0xffe90505,
0xffe90505,
0xffe90505,
0xffe90505,
0xffe90505,
0xffe90505,
0xffe90505,
0xffe90505,
0xffe90505,
0xffe90505,
0xffe90505,
0xffe90505,
0xffe90505,
0xffe90505,
0xffe90505,
0xffe90505,
0xffe90505,
0xffe90505,
0xffe90505,
0xffe90505,
0xffe90505,
0xffe90505,
0xffe90505,
0xffe90505,
0xffe90505,
0xffe90505,
0xffe90505,
0xffe90505,
0xffe90505,
0xffe90505,
0xffe90505,
0xffe90505,
0xffe90505,
0xffe90505,
0xffe90505,
0xffe90505,
0xffe90505,
0xffe90505,
0xffe90505,
0xffe90505,
0xffe90505,
0xffe90505,
0xffe90505,
0xffe90505,
0xffe90505,
0xffe90505,
0xffe90505,
0xffe90505,
0xffe90505,
0xffe90505,
0xffe90505,
0xffe90505,
0xffe90505,
0xffe90505,
0xffe90505,
0xffe90505,
0xffe90505,
0xffe90505,
0xffe90505,
0xffe90505,
0xffe90505,
0xffe90505,
0xffe90505,
0xffe90505,
0xffe90505,
0xffe90505,
0xffe90505,
0xffe90505,
0xffe90505,
0xffe90505,
0xffe90505,
0xffe90505,
0xffe90505,
0xffe90505,
0xffe90505,
0xffe90505,
0xffe90505,
0xffe90505,
0xffe90505,
0xffe90505,
0xffe90505,
0xffe90505,
0xffe90505,
0xffe90505,
0xffe90505,
0xffe90505,
0xffe90505,
0xffe90505,
0xffe90505,
0xffe90505,
0xffe90505,
0xffe90505,
0xffe90505,
0xffe90505,
0xffe90505,
0xffe90505,
0xffe90505,
0xffe90505,
0xffe90505,
0xffe90505,
0xffe90505,
0xffe90505,
0xffe90505,
0xffe90505,
0xffe90505,
0xffe90505,
0xffe90505,
0xffe90505,
0xffe90505,
0xffe90505,
0xffe90505,
0xffe90505,
0xffe90505,
0xffe90505,
0xffe90505,
0xffe90505,
0xffe90505,
0xffe90505,
0xffe90505,
0xffe90505,
0xffe90505,
0xffe90505,
0xffe90505,
0xffe90505,
0xffe90505,
0xffe90505,
0xffe90505,
0xffe90505,
0xffe90505,
0xffe90505,
0xffe90505,
0xffe90505,
0xffe90505,
0xffe90505,
0xffe90505,
0xffe90505,
0xffe90505,
0xffe90505,
0xffe90505,
0xffe90505,
0xffe90505,
0xffe90505,
0xffe90505,
0xffe90505,
0xffe90505,
0xffe90505,
0xffe90505,
0xffe90505,
0xffe90505,
0xffe90505,
0xffe90505,
0xffe90505,
0xffe90505,
0xffe90505,
0xffe90505,
0xffe90505,
0xffe90505,
0xffe90505,
0xffe90505,
0xffe90505,
0xffe90505,
0xffe90505,
0xffe90505,
0xffe90505,
0xffe90505,
0xffe90505,
0xffe90505,
0xffe90505,
0xffe90505,
0xffe90505,
0xffe90505,
0xffe90505,
0xffe90505,
0xffe90505,
0xffe90505,
0xffe90505,
0xffe90505,
0xffe90505,
0xffe90505,
0xffe90505,
0xffe90505,
0xffe90505,
0xffe90505,
0xffe90505,
0xffe90505,
0xffe90505,
0xffe90505,
0xffe90505,
0xffe90505,
0xffe90505,
0xffe90505,
0xffe90505,
0xffe90505,
0xffe90505,
0xffe90505,
0xffe90505,
0xffe90505,
0xffe90505,
0xffe90505,
0xffe90505,
0xffe90505,
0xffe90505,
0xffe90505,
0xffe90505,
0xffe90505,
0xffe90505,
0xffe90505,
0xffe90505,
0xffe90505,
0xffe90505,
0xffe90505,
0xffe90505,
0xffe90505,
0xffe90505,
0xffe90505,
0xffe90505,
0xffe90505,
0xffe90505,
0xffe90505,
0xffe90505,
0xffe90505,
0xffe90505,
0xffe90505,
0xffe90505,
0xffe90505,
0xffe90505,
0xffe90505,
0xffe90505,
0xffe90505,
0xffe90505,
0xffe90505,
0xffe90505,
0xffe90505,
0xffe90505,
0xffe90505,
0xffe90505,
0xffe90505,
0xffe90505,
0xffe90505,
0xffe90505,
0xffe90505,
0xffe90505,
0xffe90505,
0xffe90505,
0xffe90505,
0xffe90505,
0xffe90505,
0xffe90505,
0xffe90505,
0xffe90505,
0xffe90505,
0xffe90505,
0xffe90505,
0xffe90505,
0xffe90505,
0xffe90505,
0xffe90505,
0xffe90505,
0xffe90505,
0xffe90505,
0xffe90505,
0xffe90505,
0xffe90505,
0xffe90505,
0xffe90505,
0xffe90505,
0xffe90505,
0xffe90505,
0xffe90505,
0xffe90505,
0xffe90505,
0xffe90505,
0xffe90505,
0xffe90505,
0xffe90505,
0xffe90505,
0xffe90505,
0xffe90505,
0xffe90505,
0xffe90505,
0xffe90505,
0xffe90505,
0xffe90505,
0xffe90505,
0xffe90505,
0xffe90505,
0xffe90505,
0xffe90505,
0xffe90505,
0xffe90505,
0xffe90505,
0xffe90505,
0xffe90505,
0xffe90505,
0xffe90505,
0xffe90505,
0xffe90505,
0xffe90505,
0xffe90505,
0xffe90505,
0xffe90505,
0xffe90505,
0xffe90505,
0xffe90505,
0xffe90505,
0xffe90505,
0xffe90505,
0xffe90505,
0xffe90505,
0xffe90505,
0xffe90505,
0xffe90505,
0xffe90505,
0xffe90505,
0xffe90505,
0xffe90505,
0xffe90505,
0xffe90505,
0xffe90505,
0xffe90505,
0xffe90505,
0xffe90505,
0xffe90505,
0xffe90505,
0xffe90505,
0xffe90505,
0xffe90505,
0xffe90505,
0xffe90505,
0xffe90505,
0xffe90505,
0xffe90505,
0xffe90505,
0xffe90505,
0xffe90505,
0xffe90505,
0xffe90505,
0xffe90505,
0xffe90505,
0xffe90505,
0xffe90505,
0xffe90505,
0xffe90505,
0xffe90505,
0xffe90505,
0xffe90505,
0xffe90505,
0xffe90505,
0xffe90505,
0xffe90505,
0xffe90505,
0xffe90505,
0xffe90505,
0xffe90505,
0xffe90505,
0xffe90505,
0xffe90505,
0xffe90505,
0xffe90505,
0xffe90505,
0xffe90505,
0xffe90505,
0xffe90505,
0xffe90505,
0xffe90505,
0xffe90505,
0xffe90505,
0xffe90505,
0xffe90505,
0xffe90505,
0xffe90505,
0xffe90505,
0xffe90505,
0xffe90505,
0xffe90505,
0xffe90505,
0xffe90505,
0xffe90505,
0xffe90505,
0xffe90505,
0xffe90505,
0xffe90505,
0xffe90505,
0xffe90505,
0xffe90505,
0xffe90505,
0xffe90505,
0xffe90505,
0xffe90505,
0xffe90505,
0xffe90505,
0xffe90505,
0xffe90505,
0xffe90505,
0xffe90505,
0xffe90505,
0xffe90505,
0xffe90505,
0xffe90505,
0xffe90505,
0xffe90505,
0xffe90505,
0xffe90505,
0xffe90505,
0xffe90505,
0xffe90505,
0xffe90505,
0xffe90505,
0xffe90505,
0xffe90505,
0xffe90505,
0xffe90505,
0xffe90505,
0xffe90505,
0xffe90505,
0xffe90505,
0xffe90505,
0xffe90505,
0xffe90505,
0xffe90505,
0xffe90505,
0xffe90505,
0xffe90505,
0xffe90505,
0xffe90505,
0xffe90505,
0xffe90505,
0xffe90505,
0xffe90505,
0xffe90505,
0xffe90505,
0xffe90505,
0xffe90505,
0xffe90505,
0xffe90505,
0xffe90505,
0xffe90505,
0xffe90505,
0xffe90505,
0xffe90505,
0xffe90505,
0xffe90505,
0xffe90505,
0xffe90505,
0xffe90505,
0xffe90505,
0xffe90505,
0xffe90505,
0xffe90505,
0xffe90505,
0xffe90505,
0xffe90505,
0xffe90505,
0xffe90505,
0xffe90505,
0xffe90505,
0xffe90505,
0xffe90505,
0xffe90505,
0xffe90505,
0xffe90505,
0xffe90505,
0xffe90505,
0xffe90505,
0xffe90505,
0xffe90505,
0xffe90505,
0xffe90505,
0xffe90505,
0xffe90505,
0xffe90505,
0xffe90505,
0xffe90505,
0xffe90505,
0xffe90505,
0xffe90505,
0xffe90505,
0xffe90505,
0xffe90505,
0xffe90505,
0xffe90505,
0xffe90505,
0xffe90505,
0xffe90505,
0xffe90505,
0xffe90505,
0xffe90505,
0xffe90505,
0xffe90505,
0xffe90505,
0xffe90505,
0xffe90505,
0xffe90505,
0xffe90505,
0xffe90505,
0xffe90505,
0xffe90505,
0xffe90505,
0xffe90505,
0xffe90505,
0xffe90505,
0xffe90505,
0xffe90505,
0xffe90505,
0xffe90505,
0xffe90505,
0xffe90505,
0xffe90505,
0xffe90505,
0xffe90505,
0xffe90505,
0xffe90505,
0xffe90505,
0xffe90505,
0xffe90505,
0xffe90505,
0xffe90505,
0xffe90505,
0xffe90505,
0xffe90505,
0xffe90505,
0xffe90505,
0xffe90505,
0xffe90505,
0xffe90505,
0xffe90505,
0xffe90505,
0xffe90505,
0xffe90505,
0xffe90505,
0xffe90505,
0xffe90505,
0xffe90505,
0xffe90505,
0xffe90505,
0xffe90505,
0xffe90505,
0xffe90505,
0xffe90505,
0xffe90505,
0xffe90505,
0xffe90505,
0xffe90505,
0xffe90505,
0xffe90505,
0xffe90505,
0xffe90505,
0xffe90505,
0xffe90505,
0xffe90505,
0xffe90505,
0xffe90505,
0xffe90505,
0xffe90505,
0xffe90505,
0xffe90505,
0xffe90505,
0xffe90505,
0xffe90505,
0xffe90505,
0xffe90505,
0xffe90505,
0xffe90505,
0xffe90505,
0xffe90505,
0xffe90505,
0xffe90505,
0xffe90505,
0xffe90505,
0xffe90505,
0xffe90505,
0xffe90505,
0xffe90505,
0xffe90505,
0xffe90505,
0xffe90505,
0xffe90505,
0xffe90505,
0xffe90505,
0xffe90505,
0xffe90505,
0xffe90505,
0xffe90505,
0xffe90505,
0xffe90505,
0xffe90505,
0xffe90505,
0xffe90505,
0xffe90505,
0xffe90505,
0xffe90505,
0xffe90505,
0xffe90505,
0xffe90505,
0xffe90505,
0xffe90505,
0xffe90505,
0xffe90505,
0xffe90505,
0xffe90505,
0xffe90505,
0xffe90505,
0xffe90505,
0xffe90505,
0xffe90505,
0xffe90505,
0xffe90505,
0xffe90505,
0xffe90505,
0xffe90505,
0xffe90505,
0xffe90505,
0xffe90505,
0xffe90505,
0xffe90505,
0xffe90505,
0xffe90505,
0xffe90505,
0xffe90505,
0xffe90505,
0xffe90505,
0xffe90505,
0xffe90505,
0xffe90505,
0xffe90505,
0xffe90505,
0xffe90505,
0xffe90505,
0xffe90505,
0xffe90505,
0xffe90505,
0xffe90505,
0xffe90505,
0xffe90505,
0xffe90505,
0xffe90505,
0xffe90505,
0xffe90505,
0xffe90505,
0xffe90505,
0xffe90505,
0xffe90505,
0xffe90505,
0xffe90505,
0xffe90505,
0xffe90505,
0xffe90505,
0xffe90505,
0xffe90505,
0xffe90505,
0xffe90505,
0xffe90505,
0xffe90505,
0xffe90505,
0xffe90505,
0xffe90505,
0xffe90505,
0xffe90505,
0xffe90505,
0xffe90505,
0xffe90505,
0xffe90505,
0xffe90505,
0xffe90505,
0xffe90505,
0xffe90505,
0xffe90505,
0xffe90505,
0xffe90505,
0xffe90505,
0xffe90505,
0xffe90505,
0xffe90505,
0xffe90505,
0xffe90505,
0xffe90505,
0xffe90505,
0xffe90505,
0xffe90505,
0xffe90505,
0xffe90505,
0xffe90505,
0xffe90505,
0xffe90505,
0xffe90505,
0xffe90505,
0xffe90505,
0xffe90505,
0xffe90505,
0xffe90505,
0xffe90505,
0xffe90505,
0xffe90505,
0xffe90505,
0xffe90505,
0xffe90505,
0xffe90505,
0xffe90505,
0xffe90505,
0xffe90505,
0xffe90505,
0xffe90505,
0xffe90505,
0xffe90505,
0xffe90505,
0xffe90505,
0xffe90505,
0xffe90505,
0xffe90505,
0xffe90505,
0xffe90505,
0xffe90505,
0xffe90505,
0xffe90505,
0xffe90505,
0xffe90505,
0xffe90505,
0xffe90505,
0xffe90505,
0xffe90505,
0xffe90505,
0xffe90505,
0xffe90505,
0xffe90505,
0xffe90505,
0xffe90505,
0xffe90505,
0xffe90505,
0xffe90505,
0xffe90505,
0xffe90505,
0xffe90505,
0xffe90505,
0xffe90505,
0xffe90505,
0xffe90505,
0xffe90505,
0xffe90505,
0xffe90505,
0xffe90505,
0xffe90505,
0xffe90505,
0xffe90505,
0xffe90505,
0xffe90505,
0xffe90505,
0xffe90505,
0xffe90505,
0xffe90505,
0xffe90505,
0xffe90505,
0xffe90505,
0xffe90505,
0xffe90505,
0xffe90505,
0xffe90505,
0xffe90505,
0xffe90505,
0xffe90505,
0xffe90505,
0xffe90505,
0xffe90505,
0xffe90505,
0xffe90505,
0xffe90505,
0xffe90505,
0xffe90505,
0xffe90505,
0xffe90505,
0xffe90505,
0xffe90505,
0xffe90505,
0xffe90505,
0xffe90505,
0xffe90505,
0xffe90505,
0xffe90505,
0xffe90505,
0xffe90505,
0xffe90505,
0xffe90505,
0xffe90505,
0xffe90505,
0xffe90505,
0xffe90505,
0xffe90505,
0xffe90505,
0xffe90505,
0xffe90505,
0xffe90505,
0xffe90505,
0xffe90505,
0xffe90505,
0xffe90505,
0xffe90505,
0xffe90505,
0xffe90505,
0xffe90505,
0xffe90505,
0xffe90505,
0xffe90505,
0xffe90505,
0xffe90505,
0xffe90505,
0xffe90505,
0xffe90505,
0xffe90505,
0xffe90505,
0xffe90505,
0xffe90505,
0xffe90505,
0xffe90505,
0xffe90505,
0xffe90505,
0xffe90505,
0xffe90505,
0xffe90505,
0xffe90505,
0xffe90505,
0xffe90505,
0xffe90505,
0xffe90505,
0xffe90505,
0xffe90505,
0xffe90505,
0xffe90505,
0xffe90505,
0xffe90505,
0xffe90505,
0xffe90505,
0xffe90505,
0xffe90505,
0xffe90505,
0xffe90505,
0xffe90505,
0xffe90505,
0xffe90505,
0xffe90505,
0xffe90505,
0xffe90505,
0xffe90505,
0xffe90505,
0xffe90505,
0xffe90505,
0xffe90505,
0xffe90505,
0xffe90505,
0xffe90505,
0xffe90505,
0xffe90505,
0xffe90505,
0xffe90505,
0xffe90505,
0xffe90505,
0xffe90505,
0xffe90505,
0xffe90505,
0xffe90505,
0xffe90505,
0xffe90505,
0xffe90505,
0xffe90505,
0xffe90505,
0xffe90505,
0xffe90505,
0xffe90505,
0xffe90505,
0xffe90505,
0xffe90505,
0xffe90505,
0xffe90505,
0xffe90505,
0xffe90505,
0xffe90505,
0xffe90505,
0xffe90505,
0xffe90505,
0xffe90505,
0xffe90505,
0xffe90505,
0xffe90505,
0xffe90505,
0xffe90505,
0xffe90505,
0xffe90505,
0xffe90505,
0xffe90505,
0xffe90505,
0xffe90505,
0xffe90505,
0xffe90505,
0xffe90505,
0xffe90505,
0xffe90505,
0xffe90505,
0xffe90505,
0xffe90505,
0xffe90505,
0xffe90505,
0xffe90505,
0xffe90505,
0xffe90505,
0xffe90505,
0xffe90505,
0xffe90505,
0xffe90505,
0xffe90505,
0xffe90505,
0xffe90505,
0xffe90505,
0xffe90505,
0xffe90505,
0xffe90505,
0xffe90505,
0xffe90505,
0xffe90505,
0xffe90505,
0xffe90505,
0xffe90505,
0xffe90505,
0xffe90505,
0xffe90505,
0xffe90505,
0xffe90505,
0xffe90505,
0xffe90505,
0xffe90505,
0xffe90505,
0xffe90505,
0xffe90505,
0xffe90505,
0xffe90505,
0xffe90505,
0xffe90505,
0xffe90505,
0xffe90505,
0xffe90505,
0xffe90505,
0xffe90505,
0xffe90505,
0xffe90505,
0xffe90505,
0xffe90505,
0xffe90505,
0xffe90505,
0xffe90505,
0xffe90505,
0xffe90505,
0xffe90505,
0xffe90505,
0xffe90505,
0xffe90505,
0xffe90505,
0xffe90505,
0xffe90505,
0xffe90505,
0xffe90505,
0xffe90505,
0xffe90505,
0xffe90505,
0xffe90505,
0xffe90505,
0xffe90505,
0xffe90505,
0xffe90505,
0xffe90505,
0xffe90505,
0xffe90505,
0xffe90505,
0xffe90505,
0xffe90505,
0xffe90505,
0xffe90505,
0xffe90505,
0xffe90505,
0xffe90505,
0xffe90505,
0xffe90505,
0xffe90505,
0xffe90505,
0xffe90505,
0xffe90505,
0xffe90505,
0xffe90505,
0xffe90505,
0xffe90505,
0xffe90505,
0xffe90505,
0xffe90505,
0xffe90505,
0xffe90505,
0xffe90505,
0xffe90505,
0xffe90505,
0xffe90505,
0xffe90505,
0xffe90505,
0xffe90505,
0xffe90505,
0xffe90505,
0xffe90505,
0xffe90505,
0xffe90505,
0xffe90505,
0xffe90505,
0xffe90505,
0xffe90505,
0xffe90505,
0xffe90505,
0xffe90505,
0xffe90505,
0xffe90505,
0xffe90505,
0xffe90505,
0xffe90505,
0xffe90505,
0xffe90505,
0xffe90505,
0xffe90505,
0xffe90505,
0xffe90505,
0xffe90505,
0xffe90505,
0xffe90505,
0xffe90505,
0xffe90505,
0xffe90505,
0xffe90505,
0xffe90505,
0xffe90505,
0xffe90505,
0xffe90505,
0xffe90505,
0xffe90505,
0xffe90505,
0xffe90505,
0xffe90505,
0xffe90505,
0xffe90505,
0xffe90505,
0xffe90505,
0xffe90505,
0xffe90505,
0xffe90505,
0xffe90505,
0xffe90505,
0xffe90505,
0xffe90505,
0xffe90505,
0xffe90505,
0xffe90505,
0xffe90505,
0xffe90505,
0xffe90505,
0xffe90505,
0xffe90505,
0xffe90505,
0xffe90505,
0xffe90505,
0xffe90505,
0xffe90505,
0xffe90505,
0xffe90505,
0xffe90505,
0xffe90505,
0xffe90505,
0xffe90505,
0xffe90505,
0xffe90505,
0xffe90505,
0xffe90505,
0xffe90505,
0xffe90505,
0xffe90505,
0xffe90505,
0xffe90505,
0xffe90505,
0xffe90505,
0xffe90505,
0xffe90505,
0xffe90505,
0xffe90505,
0xffe90505,
0xffe90505,
0xffe90505,
0xffe90505,
0xffe90505,
0xffe90505,
0xffe90505,
0xffe90505,
0xffe90505,
0xffe90505,
0xffe90505,
0xffe90505,
0xffe90505,
0xffe90505,
0xffe90505,
0xffe90505,
0xffe90505,
0xffe90505,
0xffe90505,
0xffe90505,
0xffe90505,
0xffe90505,
0xffe90505,
0xffe90505,
0xffe90505,
0xffe90505,
0xffe90505,
0xffe90505,
0xffe90505,
0xffe90505,
0xffe90505,
0xffe90505,
0xffe90505,
0xffe90505,
0xffe90505,
0xffe90505,
0xffe90505,
0xffe90505,
0xffe90505,
0xffe90505,
0xffe90505,
0xffe90505,
0xffe90505,
0xffe90505,
0xffe90505,
0xffe90505,
0xffe90505,
0xffe90505,
0xffe90505,
0xffe90505,
0xffe90505,
0xffe90505,
0xffe90505,
0xffe90505,
0xffe90505,
0xffe90505,
0xffe90505,
0xffe90505,
0xffe90505,
0xffe90505,
0xffe90505,
0xffe90505,
0xffe90505,
0xffe90505,
0xffe90505,
0xffe90505,
0xffe90505,
0xffe90505,
0xffe90505,
0xffe90505,
0xffe90505,
0xffe90505,
0xffe90505,
0xffe90505,
0xffe90505,
0xffe90505,
0xffe90505,
0xffe90505,
0xffe90505,
0xffe90505,
0xffe90505,
0xffe90505,
0xffe90505,
0xffe90505,
0xffe90505,
0xffe90505,
0xffe90505,
0xffe90505,
0xffe90505,
0xffe90505,
0xffe90505,
0xffe90505,
0xffe90505,
0xffe90505,
0xffe90505,
0xffe90505,
0xffe90505,
0xffe90505,
0xffe90505,
0xffe90505,
0xffe90505,
0xffe90505,
0xffe90505,
0xffe90505,
0xffe90505,
0xffe90505,
0xffe90505,
0xffe90505,
0xffe90505,
0xffe90505,
0xffe90505,
0xffe90505,
0xffe90505,
0xffe90505,
0xffe90505,
0xffe90505,
0xffe90505,
0xffe90505,
0xffe90505,
0xffe90505,
0xffe90505,
0xffe90505,
0xffe90505,
0xffe90505,
0xffe90505,
0xffe90505,
0xffe90505,
0xffe90505,
0xffe90505,
0xffe90505,
0xffe90505,
0xffe90505,
0xffe90505,
0xffe90505,
0xffe90505,
0xffe90505,
0xffe90505,
0xffe90505,
0xffe90505,
0xffe90505,
0xffe90505,
0xffe90505,
0xffe90505,
0xffe90505,
0xffe90505,
0xffe90505,
0xffe90505,
0xffe90505,
0xffe90505,
0xffe90505,
0xffe90505,
0xffe90505,
0xffe90505,
0xffe90505,
0xffe90505,
0xffe90505,
0xffe90505,
0xffe90505,
0xffe90505,
0xffe90505,
0xffe90505,
0xffe90505,
0xffe90505,
0xffe90505,
0xffe90505,
0xffe90505,
0xffe90505,
0xffe90505,
0xffe90505,
0xffe90505,
0xffe90505,
0xffe90505,
0xffe90505,
0xffe90505,
0xffe90505,
0xffe90505,
0xffe90505,
0xffe90505,
0xffe90505,
0xffe90505,
0xffe90505,
0xffe90505,
0xffe90505,
0xffe90505,
0xffe90505,
0xffe90505,
0xffe90505,
0xffe90505,
0xffe90505,
0xffe90505,
0xffe90505,
0xffe90505,
0xffe90505,
0xffe90505,
0xffe90505,
0xffe90505,
0xffe90505,
0xffe90505,
0xffe90505,
0xffe90505,
0xffe90505,
0xffe90505,
0xffe90505,
0xffe90505,
0xffe90505,
0xffe90505,
0xffe90505,
0xffe90505,
0xffe90505,
0xffe90505,
0xffe90505,
0xffe90505,
0xffe90505,
0xffe90505,
0xffe90505,
0xffe90505,
0xffe90505,
0xffe90505,
0xffe90505,
0xffe90505,
0xffe90505,
0xffe90505,
0xffe90505,
0xffe90505,
0xffe90505,
0xffe90505,
0xffe90505,
0xffe90505,
0xffe90505,
0xffe90505,
0xffe90505,
0xffe90505,
0xffe90505,
0xffe90505,
0xffe90505,
0xffe90505,
0xffe90505,
0xffe90505,
0xffe90505,
0xffe90505,
0xffe90505,
0xffe90505,
0xffe90505,
0xffe90505,
0xffe90505,
0xffe90505,
0xffe90505,
0xffe90505,
0xffe90505,
0xffe90505,
0xffe90505,
0xffe90505,
0xffe90505,
0xffe90505,
0xffe90505,
0xffe90505,
0xffe90505,
0xffe90505,
0xffe90505,
0xffe90505,
0xffe90505,
0xffe90505,
0xffe90505,
0xffe90505,
0xffe90505,
0xffe90505,
0xffe90505,
0xffe90505,
0xffe90505,
0xffe90505,
0xffe90505,
0xffe90505,
0xffe90505,
0xffe90505,
0xffe90505,
0xffe90505,
0xffe90505,
0xffe90505,
0xffe90505,
0xffe90505,
0xffe90505,
0xffe90505,
0xffe90505,
0xffe90505,
0xffe90505,
0xffe90505,
0xffe90505,
0xffe90505,
0xffe90505,
0xffe90505,
0xffe90505,
0xffe90505,
0xffe90505,
0xffe90505,
0xffe90505,
0xffe90505,
0xffe90505,
0xffe90505,
0xffe90505,
0xffe90505,
0xffe90505,
0xffe90505,
0xffe90505,
0xffe90505,
0xffe90505,
0xffe90505,
0xffe90505,
0xffe90505,
0xffe90505,
0xffe90505,
0xffe90505,
0xffe90505,
0xffe90505,
0xffe90505,
0xffe90505,
0xffe90505,
0xffe90505,
0xffe90505,
0xffe90505,
0xffe90505,
0xffe90505,
0xffe90505,
0xffe90505,
0xffe90505,
0xffe90505,
0xffe90505,
0xffe90505,
0xffe90505,
0xffe90505,
0xffe90505,
0xffe90505,
0xffe90505,
0xffe90505,
0xffe90505,
0xffe90505,
0xffe90505,
0xffe90505,
0xffe90505,
0xffe90505,
0xffe90505,
0xffe90505,
0xffe90505,
0xffe90505,
0xffe90505,
0xffe90505,
0xffe90505,
0xffe90505,
0xffe90505,
0xffe90505,
0xffe90505,
0xffe90505,
0xffe90505,
0xffe90505,
0xffe90505,
0xffe90505,
0xffe90505,
0xffe90505,
0xffe90505,
0xffe90505,
0xffe90505,
0xffe90505,
0xffe90505,
0xffe90505,
0xffe90505,
0xffe90505,
0xffe90505,
0xffe90505,
0xffe90505,
0xffe90505,
0xffe90505,
0xffe90505,
0xffe90505,
0xffe90505,
0xffe90505,
0xffe90505,
0xffe90505,
0xffe90505,
0xffe90505,
0xffe90505,
0xffe90505,
0xffe90505,
0xffe90505,
0xffe90505,
0xffe90505,
0xffe90505,
0xffe90505,
0xffe90505,
0xffe90505,
0xffe90505,
0xffe90505,
0xffe90505,
0xffe90505,
0xffe90505,
0xffe90505,
0xffe90505,
0xffe90505,
0xffe90505,
0xffe90505,
0xffe90505,
0xffe90505,
0xffe90505,
0xffe90505,
0xffe90505,
0xffe90505,
0xffe90505,
0xffe90505,
0xffe90505,
0xffe90505,
0xffe90505,
0xffe90505,
0xffe90505,
0xffe90505,
0xffe90505,
0xffe90505,
0xffe90505,
0xffe90505,
0xffe90505,
0xffe90505,
0xffe90505,
0xffe90505,
0xffe90505,
0xffe90505,
0xffe90505,
0xffe90505,
0xffe90505,
0xffe90505,
0xffe90505,
0xffe90505,
0xffe90505,
0xffe90505,
0xffe90505,
0xffe90505,
0xffe90505,
0xffe90505,
0xffe90505,
0xffe90505,
0xffe90505,
0xffe90505,
0xffe90505,
0xffe90505,
0xffe90505,
0xffe90505,
0xffe90505,
0xffe90505,
0xffe90505,
0xffe90505,
0xffe90505,
0xffe90505,
0xffe90505,
0xffe90505,
0xffe90505,
0xffe90505,
0xffe90505,
0xffe90505,
0xffe90505,
0xffe90505,
0xffe90505,
0xffe90505,
0xffe90505,
0xffe90505,
0xffe90505,
0xffe90505,
0xffe90505,
0xffe90505,
0xffe90505,
0xffe90505,
0xffe90505,
0xffe90505,
0xffe90505,
0xffe90505,
0xffe90505,
0xffe90505,
0xffe90505,
0xffe90505,
0xffe90505,
0xffe90505,
0xffe90505,
0xffe90505,
0xffe90505,
0xffe90505,
0xffe90505,
0xffe90505,
0xffe90505,
0xffe90505,
0xffe90505,
0xffe90505,
0xffe90505,
0xffe90505,
0xffe90505,
0xffe90505,
0xffe90505,
0xffe90505,
0xffe90505,
0xffe90505,
0xffe90505,
0xffe90505,
0xffe90505,
0xffe90505,
0xffe90505,
0xffe90505,
0xffe90505,
0xffe90505,
0xffe90505,
0xffe90505,
0xffe90505,
0xffe90505,
0xffe90505,
0xffe90505,
0xffe90505,
0xffe90505,
0xffe90505,
0xffe90505,
0xffe90505,
0xffe90505,
0xffe90505,
0xffe90505,
0xffe90505,
0xffe90505,
0xffe90505,
0xffe90505,
0xffe90505,
0xffe90505,
0xffe90505,
0xffe90505,
0xffe90505,
0xffe90505,
0xffe90505,
0xffe90505,
0xffe90505,
0xffe90505,
0xffe90505,
0xffe90505,
0xffe90505,
0xffe90505,
0xffe90505,
0xffe90505,
0xffe90505,
0xffe90505,
0xffe90505,
0xffe90505,
0xffe90505,
0xffe90505,
0xffe90505,
0xffe90505,
0xffe90505,
0xffe90505,
0xffe90505,
0xffe90505,
0xffe90505,
0xffe90505,
0xffe90505,
0xffe90505,
0xffe90505,
0xffe90505,
0xffe90505,
0xffe90505,
0xffe90505,
0xffe90505,
0xffe90505,
0xffe90505,
0xffe90505,
0xffe90505,
0xffe90505,
0xffe90505,
0xffe90505,
0xffe90505,
0xffe90505,
0xffe90505,
0xffe90505,
0xffe90505,
0xffe90505,
0xffe90505,
0xffe90505,
0xffe90505,
0xffe90505,
0xffe90505,
0xffe90505,
0xffe90505,
0xffe90505,
0xffe90505,
0xffe90505,
0xffe90505,
0xffe90505,
0xffe90505,
0xffe90505,
0xffe90505,
0xffe90505,
0xffe90505,
0xffe90505,
0xffe90505,
0xffe90505,
0xffe90505,
0xffe90505,
0xffe90505,
0xffe90505,
0xffe90505,
0xffe90505,
0xffe90505,
0xffe90505,
0xffe90505,
0xffe90505,
0xffe90505,
0xffe90505,
0xffe90505,
0xffe90505,
0xffe90505,
0xffe90505,
0xffe90505,
0xffe90505,
0xffe90505,
0xffe90505,
0xffe90505,
0xffe90505,
0xffe90505,
0xffe90505,
0xffe90505,
0xffe90505,
0xffe90505,
0xffe90505,
0xffe90505,
0xffe90505,
0xffe90505,
0xffe90505,
0xffe90505,
0xffe90505,
0xffe90505,
0xffe90505,
0xffe90505,
0xffe90505,
0xffe90505,
0xffe90505,
0xffe90505,
0xffe90505,
0xffe90505,
0xffe90505,
0xffe90505,
0xffe90505,
0xffe90505,
0xffe90505,
0xffe90505,
0xffe90505,
0xffe90505,
0xffe90505,
0xffe90505,
0xffe90505,
0xffe90505,
0xffe90505,
0xffe90505,
0xffe90505,
0xffe90505,
0xffe90505,
0xffe90505,
0xffe90505,
0xffe90505,
0xffe90505,
0xffe90505,
0xffe90505,
0xffe90505,
0xffe90505,
0xffe90505,
0xffe90505,
0xffe90505,
0xffe90505,
0xffe90505,
0xffe90505,
0xffe90505,
0xffe90505,
0xffe90505,
0xffe90505,
0xffe90505,
0xffe90505,
0xffe90505,
0xffe90505,
0xffe90505,
0xffe90505,
0xffe90505,
0xffe90505,
0xffe90505,
0xffe90505,
0xffe90505,
0xffe90505,
0xffe90505,
0xffe90505,
0xffe90505,
0xffe90505,
0xffe90505,
0xffe90505,
0xffe90505,
0xffe90505,
0xffe90505,
0xffe90505,
0xffe90505,
0xffe90505,
0xffe90505,
0xffe90505,
0xffe90505,
0xffe90505,
0xffe90505,
0xffe90505,
0xffe90505,
0xffe90505,
0xffe90505,
0xffe90505,
0xffe90505,
0xffe90505,
0xffe90505,
0xffe90505,
0xffe90505,
0xffe90505,
0xffe90505,
0xffe90505,
0xffe90505,
0xffe90505,
0xffe90505,
0xffe90505,
0xffe90505,
0xffe90505,
0xffe90505,
0xffe90505,
0xffe90505,
0xffe90505,
0xffe90505,
0xffe90505,
0xffe90505,
0xffe90505,
0xffe90505,
0xffe90505,
0xffe90505,
0xffe90505,
0xffe90505,
0xffe90505,
0xffe90505,
0xffe90505,
0xffe90505,
0xffe90505,
0xffe90505,
0xffe90505,
0xffe90505,
0xffe90505,
0xffe90505,
0xffe90505,
0xffe90505,
0xffe90505,
0xffe90505,
0xffe90505,
0xffe90505,
0xffe90505,
0xffe90505,
0xffe90505,
0xffe90505,
0xffe90505,
0xffe90505,
0xffe90505,
0xffe90505,
0xffe90505,
0xffe90505,
0xffe90505,
0xffe90505,
0xffe90505,
0xffe90505,
0xffe90505,
0xffe90505,
0xffe90505,
0xffe90505,
0xffe90505,
0xffe90505,
0xffe90505,
0xffe90505,
0xffe90505,
0xffe90505,
0xffe90505,
0xffe90505,
0xffe90505,
0xffe90505,
0xffe90505,
0xffe90505,
0xffe90505,
0xffe90505,
0xffe90505,
0xffe90505,
0xffe90505,
0xffe90505,
0xffe90505,
0xffe90505,
0xffe90505,
0xffe90505,
0xffe90505,
0xffe90505,
0xffe90505,
0xffe90505,
0xffe90505,
0xffe90505,
0xffe90505,
0xffe90505,
0xffe90505,
0xffe90505,
0xffe90505,
0xffe90505,
0xffe90505,
0xffe90505,
0xffe90505,
0xffe90505,
0xffe90505,
0xffe90505,
0xffe90505,
0xffe90505,
0xffe90505,
0xffe90505,
0xffe90505,
0xffe90505,
0xffe90505,
0xffe90505,
0xffe90505,
0xffe90505,
0xffe90505,
0xffe90505,
0xffe90505,
0xffe90505,
0xffe90505,
0xffe90505,
0xffe90505,
0xffe90505,
0xffe90505,
0xffe90505,
0xffe90505,
0xffe90505,
0xffe90505,
0xffe90505,
0xffe90505,
0xffe90505,
0xffe90505,
0xffe90505,
0xffe90505,
0xffe90505,
0xffe90505,
0xffe90505,
0xffe90505,
0xffe90505,
0xffe90505,
0xffe90505,
0xffe90505,
0xffe90505,
0xffe90505,
0xffe90505,
0xffe90505,
0xffe90505,
0xffe90505,
0xffe90505,
0xffe90505,
0xffe90505,
0xffe90505,
0xffe90505,
0xffe90505,
0xffe90505,
0xffe90505,
0xffe90505,
0xffe90505,
0xffe90505,
0xffe90505,
0xffe90505,
0xffe90505,
0xffe90505,
0xffe90505,
0xffe90505,
0xffe90505,
0xffe90505,
0xffe90505,
0xffe90505,
0xffe90505,
0xffe90505,
0xffe90505,
0xffe90505,
0xffe90505,
0xffe90505,
0xffe90505,
0xffe90505,
0xffe90505,
0xffe90505,
0xffe90505,
0xffe90505,
0xffe90505,
0xffe90505,
0xffe90505,
0xffe90505,
0xffe90505,
0xffe90505,
0xffe90505,
0xffe90505,
0xffe90505,
0xffe90505,
0xffe90505,
0xffe90505,
0xffe90505,
0xffe90505,
0xffe90505,
0xffe90505,
0xffe90505,
0xffe90505,
0xffe90505,
0xffe90505,
0xffe90505,
0xffe90505,
0xffe90505,
0xffe90505,
0xffe90505,
0xffe90505,
0xffe90505,
0xffe90505,
0xffe90505,
0xffe90505,
0xffe90505,
0xffe90505,
0xffe90505,
0xffe90505,
0xffe90505,
0xffe90505,
0xffe90505,
0xffe90505,
0xffe90505,
0xffe90505,
0xffe90505,
0xffe90505,
0xffe90505,
0xffe90505,
0xffe90505,
0xffe90505,
0xffe90505,
0xffe90505,
0xffe90505,
0xffe90505,
0xffe90505,
0xffe90505,
0xffe90505,
0xffe90505,
0xffe90505,
0xffe90505,
0xffe90505,
0xffe90505,
0xffe90505,
0xffe90505,
0xffe90505,
0xffe90505,
0xffe90505,
0xffe90505,
0xffe90505,
0xffe90505,
0xffe90505,
0xffe90505,
0xffe90505,
0xffe90505,
0xffe90505,
0xffe90505,
0xffe90505,
0xffe90505,
0xffe90505,
0xffe90505,
0xffe90505,
0xffe90505,
0xffe90505,
0xffe90505,
0xffe90505,
0xffe90505,
0xffe90505,
0xffe90505,
0xffe90505,
0xffe90505,
0xffe90505,
0xffe90505,
0xffe90505,
0xffe90505,
0xffe90505,
0xffe90505,
0xffe90505,
0xffe90505,
0xffe90505,
0xffe90505,
0xffe90505,
0xffe90505,
0xffe90505,
0xffe90505,
0xffe90505,
0xffe90505,
0xffe90505,
0xffe90505,
0xffe90505,
0xffe90505,
0xffe90505,
0xffe90505,
0xffe90505,
0xffe90505,
0xffe90505,
0xffe90505,
0xffe90505,
0xffe90505,
0xffe90505,
0xffe90505,
0xffe90505,
0xffe90505,
0xffe90505,
0xffe90505,
0xffe90505,
0xffe90505,
0xffe90505,
0xffe90505,
0xffe90505,
0xffe90505,
0xffe90505,
0xffe90505,
0xffe90505,
0xffe90505,
0xffe90505,
0xffe90505,
0xffe90505,
0xffe90505,
0xffe90505,
0xffe90505,
0xffe90505,
0xffe90505,
0xffe90505,
0xffe90505,
0xffe90505,
0xffe90505,
0xffe90505,
0xffe90505,
0xffe90505,
0xffe90505,
0xffe90505,
0xffe90505,
0xffe90505,
0xffe90505,
0xffe90505,
0xffe90505,
0xffe90505,
0xffe90505,
0xffe90505,
0xffe90505,
0xffe90505,
0xffe90505,
0xffe90505,
0xffe90505,
0xffe90505,
0xffe90505,
0xffe90505,
0xffe90505,
0xffe90505,
0xffe90505,
0xffe90505,
0xffe90505,
0xffe90505,
0xffe90505,
0xffe90505,
0xffe90505,
0xffe90505,
0xffe90505,
0xffe90505,
0xffe90505,
0xffe90505,
0xffe90505,
0xffe90505,
0xffe90505,
0xffe90505,
0xffe90505,
0xffe90505,
0xffe90505,
0xffe90505,
0xffe90505,
0xffe90505,
0xffe90505,
0xffe90505,
0xffe90505,
0xffe90505,
0xffe90505,
0xffe90505,
0xffe90505,
0xffe90505,
0xffe90505,
0xffe90505,
0xffe90505,
0xffe90505,
0xffe90505,
0xffe90505,
0xffe90505,
0xffe90505,
0xffe90505,
0xffe90505,
0xffe90505,
0xffe90505,
0xffe90505,
0xffe90505,
0xffe90505,
0xffe90505,
0xffe90505,
0xffe90505,
0xffe90505,
0xffe90505,
0xffe90505,
0xffe90505,
0xffe90505,
0xffe90505,
0xffe90505,
0xffe90505,
0xffe90505,
0xffe90505,
0xffe90505,
0xffe90505,
0xffe90505,
0xffe90505,
0xffe90505,
0xffe90505,
0xffe90505,
0xffe90505,
0xffe90505,
0xffe90505,
0xffe90505,
0xffe90505,
0xffe90505,
0xffe90505,
0xffe90505,
0xffe90505,
0xffe90505,
0xffe90505,
0xffe90505,
0xffe90505,
0xffe90505,
0xffe90505,
0xffe90505,
0xffe90505,
0xffe90505,
0xffe90505,
0xffe90505,
0xffe90505,
0xffe90505,
0xffe90505,
0xffe90505,
0xffe90505,
0xffe90505,
0xffe90505,
0xffe90505,
0xffe90505,
0xffe90505,
0xffe90505,
0xffe90505,
0xffe90505,
0xffe90505,
0xffe90505,
0xffe90505,
0xffe90505,
0xffe90505,
0xffe90505,
0xffe90505,
0xffe90505,
0xffe90505,
0xffe90505,
0xffe90505,
0xffe90505,
0xffe90505,
0xffe90505,
0xffe90505,
0xffe90505,
0xffe90505,
0xffe90505,
0xffe90505,
0xffe90505,
0xffe90505,
0xffe90505,
0xffe90505,
0xffe90505,
0xffe90505,
0xffe90505,
0xffe90505,
0xffe90505,
0xffe90505,
0xffe90505,
0xffe90505,
0xffe90505,
0xffe90505,
0xffe90505,
0xffe90505,
0xffe90505,
0xffe90505,
0xffe90505,
0xffe90505,
0xffe90505,
0xffe90505,
0xffe90505,
0xffe90505,
0xffe90505,
0xffe90505,
0xffe90505,
0xffe90505,
0xffe90505,
0xffe90505,
0xffe90505,
0xffe90505,
0xffe90505,
0xffe90505,
0xffe90505,
0xffe90505,
0xffe90505,
0xffe90505,
0xffe90505,
0xffe90505,
0xffe90505,
0xffe90505,
0xffe90505,
0xffe90505,
0xffe90505,
0xffe90505,
0xffe90505,
0xffe90505,
0xffe90505,
0xffe90505,
0xffe90505,
0xffe90505,
0xffe90505,
0xffe90505,
0xffe90505,
0xffe90505,
0xffe90505,
0xffe90505,
0xffe90505,
0xffe90505,
0xffe90505,
0xffe90505,
0xffe90505,
0xffe90505,
0xffe90505,
0xffe90505,
0xffe90505,
0xffe90505,
0xffe90505,
0xffe90505,
0xffe90505,
0xffe90505,
0xffe90505,
0xffe90505,
0xffe90505,
0xffe90505,
0xffe90505,
0xffe90505,
0xffe90505,
0xffe90505,
0xffe90505,
0xffe90505,
0xffe90505,
0xffe90505,
0xffe90505,
0xffe90505,
0xffe90505,
0xffe90505,
0xffe90505,
0xffe90505,
0xffe90505,
0xffe90505,
0xffe90505,
0xffe90505,
0xffe90505,
0xffe90505,
0xffe90505,
0xffe90505,
0xffe90505,
0xffe90505,
0xffe90505,
0xffe90505,
0xffe90505,
0xffe90505,
0xffe90505,
0xffe90505,
0xffe90505,
0xffe90505,
0xffe90505,
0xffe90505,
0xffe90505,
0xffe90505,
0xffe90505,
0xffe90505,
0xffe90505,
0xffe90505,
0xffe90505,
0xffe90505,
0xffe90505,
0xffe90505,
0xffe90505,
0xffe90505,
0xffe90505,
0xffe90505,
0xffe90505,
0xffe90505,
0xffe90505,
0xffe90505,
0xffe90505,
0xffe90505,
0xffe90505,
0xffe90505,
0xffe90505,
0xffe90505,
0xffe90505,
0xffe90505,
0xffe90505,
0xffe90505,
0xffe90505,
0xffe90505,
0xffe90505,
0xffe90505,
0xffe90505,
0xffe90505,
0xffe90505,
0xffe90505,
0xffe90505,
0xffe90505,
0xffe90505,
0xffe90505,
0xffe90505,
0xffe90505,
0xffe90505,
0xffe90505,
0xffe90505,
0xffe90505,
0xffe90505,
0xffe90505,
0xffe90505,
0xffe90505,
0xffe90505,
0xffe90505,
0xffe90505,
0xffe90505,
0xffe90505,
0xffe90505,
0xffe90505,
0xffe90505,
0xffe90505,
0xffe90505,
0xffe90505,
0xffe90505,
0xffe90505,
0xffe90505,
0xffe90505,
0xffe90505,
0xffe90505,
0xffe90505,
0xffe90505,
0xffe90505,
0xffe90505,
0xffe90505,
0xffe90505,
0xffe90505,
0xffe90505,
0xffe90505,
0xffe90505,
0xffe90505,
0xffe90505,
0xffe90505,
0xffe90505,
0xffe90505,
0xffe90505,
0xffe90505,
0xffe90505,
0xffe90505,
0xffe90505,
0xffe90505,
0xffe90505,
0xffe90505,
0xffe90505,
0xffe90505,
0xffe90505,
0xffe90505,
0xffe90505,
0xffe90505,
0xffe90505,
0xffe90505,
0xffe90505,
0xffe90505,
0xffe90505,
0xffe90505,
0xffe90505,
0xffe90505,
0xffe90505,
0xffe90505,
0xffe90505,
0xffe90505,
0xffe90505,
0xffe90505,
0xffe90505,
0xffe90505,
0xffe90505,
0xffe90505,
0xffe90505,
0xffe90505,
0xffe90505,
0xffe90505,
0xffe90505,
0xffe90505,
0xffe90505,
0xffe90505,
0xffe90505,
0xffe90505,
0xffe90505,
0xffe90505,
0xffe90505,
0xffe90505,
0xffe90505,
0xffe90505,
0xffe90505,
0xffe90505,
0xffe90505,
0xffe90505,
0xffe90505,
0xffe90505,
0xffe90505,
0xffe90505,
0xffe90505,
0xffe90505,
0xffe90505,
0xffe90505,
0xffe90505,
0xffe90505,
0xffe90505,
0xffe90505,
0xffe90505,
0xffe90505,
0xffe90505,
0xffe90505,
0xffe90505,
0xffe90505,
0xffe90505,
0xffe90505,
0xffe90505,
0xffe90505,
0xffe90505,
0xffe90505,
0xffe90505,
0xffe90505,
0xffe90505,
0xffe90505,
0xffe90505,
0xffe90505,
0xffe90505,
0xffe90505,
0xffe90505,
0xffe90505,
0xffe90505,
0xffe90505,
0xffe90505,
0xffe90505,
0xffe90505,
0xffe90505,
0xffe90505,
0xffe90505,
0xffe90505,
0xffe90505,
0xffe90505,
0xffe90505,
0xffe90505,
0xffe90505,
0xffe90505,
0xffe90505,
0xffe90505,
0xffe90505,
0xffe90505,
0xffe90505,
0xffe90505,
0xffe90505,
0xffe90505,
0xffe90505,
0xffe90505,
0xffe90505,
0xffe90505,
0xffe90505,
0xffe90505,
0xffe90505,
0xffe90505,
0xffe90505,
0xffe90505,
0xffe90505,
0xffe90505,
0xffe90505,
0xffe90505,
0xffe90505,
0xffe90505,
0xffe90505,
0xffe90505,
0xffe90505,
0xffe90505,
0xffe90505,
0xffe90505,
0xffe90505,
0xffe90505,
0xffe90505,
0xffe90505,
0xffe90505,
0xffe90505,
0xffe90505,
0xffe90505,
0xffe90505,
0xffe90505,
0xffe90505,
0xffe90505,
0xffe90505,
0xffe90505,
0xffe90505,
0xffe90505,
0xffe90505,
0xffe90505,
0xffe90505,
0xffe90505,
0xffe90505,
0xffe90505,
0xffe90505,
0xffe90505,
0xffe90505,
0xffe90505,
0xffe90505,
0xffe90505,
0xffe90505,
0xffe90505,
0xffe90505,
0xffe90505,
0xffe90505,
0xffe90505,
0xffe90505,
0xffe90505,
0xffe90505,
0xffe90505,
0xffe90505,
0xffe90505,
0xffe90505,
0xffe90505,
0xffe90505,
0xffe90505,
0xffe90505,
0xffe90505,
0xffe90505,
0xffe90505,
0xffe90505,
0xffe90505,
0xffe90505,
0xffe90505,
0xffe90505,
0xffe90505,
0xffe90505,
0xffe90505,
0xffe90505,
0xffe90505,
0xffe90505,
0xffe90505,
0xffe90505,
0xffe90505,
0xffe90505,
0xffe90505,
0xffe90505,
0xffe90505,
0xffe90505,
0xffe90505,
0xffe90505,
0xffe90505,
0xffe90505,
0xffe90505,
0xffe90505,
0xffe90505,
0xffe90505,
0xffe90505,
0xffe90505,
0xffe90505,
0xffe90505,
0xffe90505,
0xffe90505,
0xffe90505,
0xffe90505,
0xffe90505,
0xffe90505,
0xffe90505,
0xffe90505,
0xffe90505,
0xffe90505,
0xffe90505,
0xffe90505,
0xffe90505,
0xffe90505,
0xffe90505,
0xffe90505,
0xffe90505,
0xffe90505,
0xffe90505,
0xffe90505,
0xffe90505,
0xffe90505,
0xffe90505,
0xffe90505,
0xffe90505,
0xffe90505,
0xffe90505,
0xffe90505,
0xffe90505,
0xffe90505,
0xffe90505,
0xffe90505,
0xffe90505,
0xffe90505,
0xffe90505,
0xffe90505,
0xffe90505,
0xffe90505,
0xffe90505,
0xffe90505,
0xffe90505,
0xffe90505,
0xffe90505,
0xffe90505,
0xffe90505,
0xffe90505,
0xffe90505,
0xffe90505,
0xffe90505,
0xffe90505,
0xffe90505,
0xffe90505,
0xffe90505,
0xffe90505,
0xffe90505,
0xffe90505,
0xffe90505,
0xffe90505,
0xffe90505,
0xffe90505,
0xffe90505,
0xffe90505,
0xffe90505,
0xffe90505,
0xffe90505,
0xffe90505,
0xffe90505,
0xffe90505,
0xffe90505,
0xffe90505,
0xffe90505,
0xffe90505,
0xffe90505,
0xffe90505,
0xffe90505,
0xffe90505,
0xffe90505,
0xffe90505,
0xffe90505,
0xffe90505,
0xffe90505,
0xffe90505,
0xffe90505,
0xffe90505,
0xffe90505,
0xffe90505,
0xffe90505,
0xffe90505,
0xffe90505,
0xffe90505,
0xffe90505,
0xffe90505,
0xffe90505,
0xffe90505,
0xffe90505,
0xffe90505,
0xffe90505,
0xffe90505,
0xffe90505,
0xffe90505,
0xffe90505,
0xffe90505,
0xffe90505,
0xffe90505,
0xffe90505,
0xffe90505,
0xffe90505,
0xffe90505,
0xffe90505,
0xffe90505,
0xffe90505,
0xffe90505,
0xffe90505,
0xffe90505,
0xffe90505,
0xffe90505,
0xffe90505,
0xffe90505,
0xffe90505,
0xffe90505,
0xffe90505,
0xffe90505,
0xffe90505,
0xffe90505,
0xffe90505,
0xffe90505,
0xffe90505,
0xffe90505,
0xffe90505,
0xffe90505,
0xffe90505,
0xffe90505,
0xffe90505,
0xffe90505,
0xffe90505,
0xffe90505,
0xffe90505,
0xffe90505,
0xffe90505,
0xffe90505,
0xffe90505,
0xffe90505,
0xffe90505,
0xffe90505,
0xffe90505,
0xffe90505,
0xffe90505,
0xffe90505,
0xffe90505,
0xffe90505,
0xffe90505,
0xffe90505,
0xffe90505,
0xffe90505,
0xffe90505,
0xffe90505,
0xffe90505,
0xffe90505,
0xffe90505,
0xffe90505,
0xffe90505,
0xffe90505,
0xffe90505,
0xffe90505,
0xffe90505,
0xffe90505,
0xffe90505,
0xffe90505,
0xffe90505,
0xffe90505,
0xffe90505,
0xffe90505,
0xffe90505,
0xffe90505,
0xffe90505,
0xffe90505,
0xffe90505,
0xffe90505,
0xffe90505,
0xffe90505,
0xffe90505,
0xffe90505,
0xffe90505,
0xffe90505,
0xffe90505,
0xffe90505,
0xffe90505,
0xffe90505,
0xffe90505,
0xffe90505,
0xffe90505,
0xffe90505,
0xffe90505,
0xffe90505,
0xffe90505,
0xffe90505,
0xffe90505,
0xffe90505,
0xffe90505,
0xffe90505,
0xffe90505,
0xffe90505,
0xffe90505,
0xffe90505,
0xffe90505,
0xffe90505,
0xffe90505,
0xffe90505,
0xffe90505,
0xffe90505,
0xffe90505,
0xffe90505,
0xffe90505,
0xffe90505,
0xffe90505,
0xffe90505,
0xffe90505,
0xffe90505,
0xffe90505,
0xffe90505,
0xffe90505,
0xffe90505,
0xffe90505,
0xffe90505,
0xffe90505,
0xffe90505,
0xffe90505,
0xffe90505,
0xffe90505,
0xffe90505,
0xffe90505,
0xffe90505,
0xffe90505,
0xffe90505,
0xffe90505,
0xffe90505,
0xffe90505,
0xffe90505,
0xffe90505,
0xffe90505,
0xffe90505,
0xffe90505,
0xffe90505,
0xffe90505,
0xffe90505,
0xffe90505,
0xffe90505,
0xffe90505,
0xffe90505,
0xffe90505,
0xffe90505,
0xffe90505,
0xffe90505,
0xffe90505,
0xffe90505,
0xffe90505,
0xffe90505,
0xffe90505,
0xffe90505,
0xffe90505,
0xffe90505,
0xffe90505,
0xffe90505,
0xffe90505,
0xffe90505,
0xffe90505,
0xffe90505,
0xffe90505,
0xffe90505,
0xffe90505,
0xffe90505,
0xffe90505,
0xffe90505,
0xffe90505,
0xffe90505,
0xffe90505,
0xffe90505,
0xffe90505,
0xffe90505,
0xffe90505,
0xffe90505,
0xffe90505,
0xffe90505,
0xffe90505,
0xffe90505,
0xffe90505,
0xffe90505,
0xffe90505,
0xffe90505,
0xffe90505,
0xffe90505,
0xffe90505,
0xffe90505,
0xffe90505,
0xffe90505,
0xffe90505,
0xffe90505,
0xffe90505,
0xffe90505,
0xffe90505,
0xffe90505,
0xffe90505,
0xffe90505,
0xffe90505,
0xffe90505,
0xffe90505,
0xffe90505,
0xffe90505,
0xffe90505,
0xffe90505,
0xffe90505,
0xffe90505,
0xffe90505,
0xffe90505,
0xffe90505,
0xffe90505,
0xffe90505,
0xffe90505,
0xffe90505,
0xffe90505,
0xffe90505,
0xffe90505,
0xffe90505,
0xffe90505,
0xffe90505,
0xffe90505,
0xffe90505,
0xffe90505,
0xffe90505,
0xffe90505,
0xffe90505,
0xffe90505,
0xffe90505,
0xffe90505,
0xffe90505,
0xffe90505,
0xffe90505,
0xffe90505,
0xffe90505,
0xffe90505,
0xffe90505,
0xffe90505,
0xffe90505,
0xffe90505,
0xffe90505,
0xffe90505,
0xffe90505,
0xffe90505,
0xffe90505,
0xffe90505,
0xffe90505,
0xffe90505,
0xffe90505,
0xffe90505,
0xffe90505,
0xffe90505,
0xffe90505,
0xffe90505,
0xffe90505,
0xffe90505,
0xffe90505,
0xffe90505,
0xffe90505,
0xffe90505,
0xffe90505,
0xffe90505,
0xffe90505,
0xffe90505,
0xffe90505,
0xffe90505,
0xffe90505,
0xffe90505,
0xffe90505,
0xffe90505,
0xffe90505,
0xffe90505,
0xffe90505,
0xffe90505,
0xffe90505,
0xffe90505,
0xffe90505,
0xffe90505,
0xffe90505,
0xffe90505,
0xffe90505,
0xffe90505,
0xffe90505,
0xffe90505,
0xffe90505,
0xffe90505,
0xffe90505,
0xffe90505,
0xffe90505,
0xffe90505,
0xffe90505,
0xffe90505,
0xffe90505,
0xffe90505,
0xffe90505,
0xffe90505,
0xffe90505,
0xffe90505,
0xffe90505,
0xffe90505,
0xffe90505,
0xffe90505,
0xffe90505,
0xffe90505,
0xffe90505,
0xffe90505,
0xffe90505,
0xffe90505,
0xffe90505,
0xffe90505,
0xffe90505,
0xffe90505,
0xffe90505,
0xffe90505,
0xffe90505,
0xffe90505,
0xffe90505,
0xffe90505,
0xffe90505,
0xffe90505,
0xffe90505,
0xffe90505,
0xffe90505,
0xffe90505,
0xffe90505,
0xffe90505,
0xffe90505,
0xffe90505,
0xffe90505,
0xffe90505,
0xffe90505,
0xffe90505,
0xffe90505,
0xffe90505,
0xffe90505,
0xffe90505,
0xffe90505,
0xffe90505,
0xffe90505,
0xffe90505,
0xffe90505,
0xffe90505,
0xffe90505,
0xffe90505,
0xffe90505,
0xffe90505,
0xffe90505,
0xffe90505,
0xffe90505,
0xffe90505,
0xffe90505,
0xffe90505,
0xffe90505,
0xffe90505,
0xffe90505,
0xffe90505,
0xffe90505,
0xffe90505,
0xffe90505,
0xffe90505,
0xffe90505,
0xffe90505,
0xffe90505,
0xffe90505,
0xffe90505,
0xffe90505,
0xffe90505,
0xffe90505,
0xffe90505,
0xffe90505,
0xffe90505,
0xffe90505,
0xffe90505,
0xffe90505,
0xffe90505,
0xffe90505,
0xffe90505,
0xffe90505,
0xffe90505,
0xffe90505,
0xffe90505,
0xffe90505,
0xffe90505,
0xffe90505,
0xffe90505,
0xffe90505,
0xffe90505,
0xffe90505,
0xffe90505,
0xffe90505,
0xffe90505,
0xffe90505,
0xffe90505,
0xffe90505,
0xffe90505,
0xffe90505,
0xffe90505,
0xffe90505,
0xffe90505,
0xffe90505,
0xffe90505,
0xffe90505,
0xffe90505,
0xffe90505,
0xffe90505,
0xffe90505,
0xffe90505,
0xffe90505,
0xffe90505,
0xffe90505,
0xffe90505,
0xffe90505,
0xffe90505,
0xffe90505,
0xffe90505,
0xffe90505,
0xffe90505,
0xffe90505,
0xffe90505,
0xffe90505,
0xffe90505,
0xffe90505,
0xffe90505,
0xffe90505,
0xffe90505,
0xffe90505,
0xffe90505,
0xffe90505,
0xffe90505,
0xffe90505,
0xffe90505,
0xffe90505,
0xffe90505,
0xffe90505,
0xffe90505,
0xffe90505,
0xffe90505,
0xffe90505,
0xffe90505,
0xffe90505,
0xffe90505,
0xffe90505,
0xffe90505,
0xffe90505,
0xffe90505,
0xffe90505,
0xffe90505,
0xffe90505,
0xffe90505,
0xffe90505,
0xffe90505,
0xffe90505,
0xffe90505,
0xffe90505,
0xffe90505,
0xffe90505,
0xffe90505,
0xffe90505,
0xffe90505,
0xffe90505,
0xffe90505,
0xffe90505,
0xffe90505,
0xffe90505,
0xffe90505,
0xffe90505,
0xffe90505,
0xffe90505,
0xffe90505,
0xffe90505,
0xffe90505,
0xffe90505,
0xffe90505,
0xffe90505,
0xffe90505,
0xffe90505,
0xffe90505,
0xffe90505,
0xffe90505,
0xffe90505,
0xffe90505,
0xffe90505,
0xffe90505,
0xffe90505,
0xffe90505,
0xffe90505,
0xffe90505,
0xffe90505,
0xffe90505,
0xffe90505,
0xffe90505,
0xffe90505,
0xffe90505,
0xffe90505,
0xffe90505,
0xffe90505,
0xffe90505,
0xffe90505,
0xffe90505,
0xffe90505,
0xffe90505,
0xffe90505,
0xffe90505,
0xffe90505,
0xffe90505,
0xffe90505,
0xffe90505,
0xffe90505,
0xffe90505,
0xffe90505,
0xffe90505,
0xffe90505,
0xffe90505,
0xffe90505,
0xffe90505,
0xffe90505,
0xffe90505,
0xffe90505,
0xffe90505,
0xffe90505,
0xffe90505,
0xffe90505,
0xffe90505,
0xffe90505,
0xffe90505,
0xffe90505,
0xffe90505,
0xffe90505,
0xffe90505,
0xffe90505,
0xffe90505,
0xffe90505,
0xffe90505,
0xffe90505,
0xffe90505,
0xffe90505,
0xffe90505,
0xffe90505,
0xffe90505,
0xffe90505,
0xffe90505,
0xffe90505,
0xffe90505,
0xffe90505,
0xffe90505,
0xffe90505,
0xffe90505,
0xffe90505,
0xffe90505,
0xffe90505,
0xffe90505,
0xffe90505,
0xffe90505,
0xffe90505,
0xffe90505,
0xffe90505,
0xffe90505,
0xffe90505,
0xffe90505,
0xffe90505,
0xffe90505,
0xffe90505,
0xffe90505,
0xffe90505,
0xffe90505,
0xffe90505,
0xffe90505,
0xffe90505,
0xffe90505,
0xffe90505,
0xffe90505,
0xffe90505,
0xffe90505,
0xffe90505,
0xffe90505,
0xffe90505,
0xffe90505,
0xffe90505,
0xffe90505,
0xffe90505,
0xffe90505,
0xffe90505,
0xffe90505,
0xffe90505,
0xffe90505,
0xffe90505,
0xffe90505,
0xffe90505,
0xffe90505,
0xffe90505,
0xffe90505,
0xffe90505,
0xffe90505,
0xffe90505,
0xffe90505,
0xffe90505,
0xffe90505,
0xffe90505,
0xffe90505,
0xffe90505,
0xffe90505,
0xffe90505,
0xffe90505,
0xffe90505,
0xffe90505,
0xffe90505,
0xffe90505,
0xffe90505,
0xffe90505,
0xffe90505,
0xffe90505,
0xffe90505,
0xffe90505,
0xffe90505,
0xffe90505,
0xffe90505,
0xffe90505,
0xffe90505,
0xffe90505,
0xffe90505,
0xffe90505,
0xffe90505,
0xffe90505,
0xffe90505,
0xffe90505,
0xffe90505,
0xffe90505,
0xffe90505,
0xffe90505,
0xffe90505,
0xffe90505,
0xffe90505,
0xffe90505,
0xffe90505,
0xffe90505,
0xffe90505,
0xffe90505,
0xffe90505,
0xffe90505,
0xffe90505,
0xffe90505,
0xffe90505,
0xffe90505,
0xffe90505,
0xffe90505,
0xffe90505,
0xffe90505,
0xffe90505,
0xffe90505,
0xffe90505,
0xffe90505,
0xffe90505,
0xffe90505,
0xffe90505,
0xffe90505,
0xffe90505,
0xffe90505,
0xffe90505,
0xffe90505,
0xffe90505,
0xffe90505,
0xffe90505,
0xffe90505,
0xffe90505,
0xffe90505,
0xffe90505,
0xffe90505,
0xffe90505,
0xffe90505,
0xffe90505,
0xffe90505,
0xffe90505,
0xffe90505,
0xffe90505,
0xffe90505,
0xffe90505,
0xffe90505,
0xffe90505,
0xffe90505,
0xffe90505,
0xffe90505,
0xffe90505,
0xffe90505,
0xffe90505,
0xffe90505,
0xffe90505,
0xffe90505,
0xffe90505,
0xffe90505,
0xffe90505,
0xffe90505,
0xffe90505,
0xffe90505,
0xffe90505,
0xffe90505,
0xffe90505,
0xffe90505,
0xffe90505,
0xffe90505,
0xffe90505,
0xffe90505,
0xffe90505,
0xffe90505,
0xffe90505,
0xffe90505,
0xffe90505,
0xffe90505,
0xffe90505,
0xffe90505,
0xffe90505,
0xffe90505,
0xffe90505,
0xffe90505,
0xffe90505,
0xffe90505,
0xffe90505,
0xffe90505,
0xffe90505,
0xffe90505,
0xffe90505,
0xffe90505,
0xffe90505,
0xffe90505,
0xffe90505,
0xffe90505,
0xffe90505,
0xffe90505,
0xffe90505,
0xffe90505,
0xffe90505,
0xffe90505,
0xffe90505,
0xffe90505,
0xffe90505,
0xffe90505,
0xffe90505,
0xffe90505,
0xffe90505,
0xffe90505,
0xffe90505,
0xffe90505,
0xffe90505,
0xffe90505,
0xffe90505,
0xffe90505,
0xffe90505,
0xffe90505,
0xffe90505,
0xffe90505,
0xffe90505,
0xffe90505,
0xffe90505,
0xffe90505,
0xffe90505,
0xffe90505,
0xffe90505,
0xffe90505,
0xffe90505,
0xffe90505,
0xffe90505,
0xffe90505,
0xffe90505,
0xffe90505,
0xffe90505,
0xffe90505,
0xffe90505,
0xffe90505,
0xffe90505,
0xffe90505,
0xffe90505,
0xffe90505,
0xffe90505,
0xffe90505,
0xffe90505,
0xffe90505,
0xffe90505,
0xffe90505,
0xffe90505,
0xffe90505,
0xffe90505,
0xffe90505,
0xffe90505,
0xffe90505,
0xffe90505,
0xffe90505,
0xffe90505,
0xffe90505,
0xffe90505,
0xffe90505,
0xffe90505,
0xffe90505,
0xffe90505,
0xffe90505,
0xffe90505,
0xffe90505,
0xffe90505,
0xffe90505,
0xffe90505,
0xffe90505,
0xffe90505,
0xffe90505,
0xffe90505,
0xffe90505,
0xffe90505,
0xffe90505,
0xffe90505,
0xffe90505,
0xffe90505,
0xffe90505,
0xffe90505,
0xffe90505,
0xffe90505,
0xffe90505,
0xffe90505,
0xffe90505,
0xffe90505,
0xffe90505,
0xffe90505,
0xffe90505,
0xffe90505,
0xffe90505,
0xffe90505,
0xffe90505,
0xffe90505,
0xffe90505,
0xffe90505,
0xffe90505,
0xffe90505,
0xffe90505,
0xffe90505,
0xffe90505,
0xffe90505,
0xffe90505,
0xffe90505,
0xffe90505,
0xffe90505,
0xffe90505,
0xffe90505,
0xffe90505,
0xffe90505,
0xffe90505,
0xffe90505,
0xffe90505,
0xffe90505,
0xffe90505,
0xffe90505,
0xffe90505,
0xffe90505,
0xffe90505,
0xffe90505,
0xffe90505,
0xffe90505,
0xffe90505,
0xffe90505,
0xffe90505,
0xffe90505,
0xffe90505,
0xffe90505,
0xffe90505,
0xffe90505,
0xffe90505,
0xffe90505,
0xffe90505,
0xffe90505,
0xffe90505,
0xffe90505,
0xffe90505,
0xffe90505,
0xffe90505,
0xffe90505,
0xffe90505,
0xffe90505,
0xffe90505,
0xffe90505,
0xffe90505,
0xffe90505,
0xffe90505,
0xffe90505,
0xffe90505,
0xffe90505,
0xffe90505,
0xffe90505,
0xffe90505,
0xffe90505,
0xffe90505,
0xffe90505,
0xffe90505,
0xffe90505,
0xffe90505,
0xffe90505,
0xffe90505,
0xffe90505,
0xffe90505,
0xffe90505,
0xffe90505,
0xffe90505,
0xffe90505,
0xffe90505,
0xffe90505,
0xffe90505,
0xffe90505,
0xffe90505,
0xffe90505,
0xffe90505,
0xffe90505,
0xffe90505,
0xffe90505,
0xffe90505,
0xffe90505,
0xffe90505,
0xffe90505,
0xffe90505,
0xffe90505,
0xffe90505,
0xffe90505,
0xffe90505,
0xffe90505,
0xffe90505,
0xffe90505,
0xffe90505,
0xffe90505,
0xffe90505,
0xffe90505,
0xffe90505,
0xffe90505,
0xffe90505,
0xffe90505,
0xffe90505,
0xffe90505,
0xffe90505,
0xffe90505,
0xffe90505,
0xffe90505,
0xffe90505,
0xffe90505,
0xffe90505,
0xffe90505,
0xffe90505,
0xffe90505,
0xffe90505,
0xffe90505,
0xffe90505,
0xffe90505,
0xffe90505,
0xffe90505,
0xffe90505,
0xffe90505,
0xffe90505,
0xffe90505,
0xffe90505,
0xffe90505,
0xffe90505,
0xffe90505,
0xffe90505,
0xffe90505,
0xffe90505,
0xffe90505,
0xffe90505,
0xffe90505,
0xffe90505,
0xffe90505,
0xffe90505,
0xffe90505,
0xffe90505,
0xffe90505,
0xffe90505,
0xffe90505,
0xffe90505,
0xffe90505,
0xffe90505,
0xffe90505,
0xffe90505,
0xffe90505,
0xffe90505,
0xffe90505,
0xffe90505,
0xffe90505,
0xffe90505,
0xffe90505,
0xffe90505,
0xffe90505,
0xffe90505,
0xffe90505,
0xffe90505,
0xffe90505,
0xffe90505,
0xffe90505,
0xffe90505,
0xffe90505,
0xffe90505,
0xffe90505,
0xffe90505,
0xffe90505,
0xffe90505,
0xffe90505,
0xffe90505,
0xffe90505,
0xffe90505,
0xffe90505,
0xffe90505,
0xffe90505,
0xffe90505,
0xffe90505,
0xffe90505,
0xffe90505,
0xffe90505,
0xffe90505,
0xffe90505,
0xffe90505,
0xffe90505,
0xffe90505,
0xffe90505,
0xffe90505,
0xffe90505,
0xffe90505,
0xffe90505,
0xffe90505,
0xffe90505,
0xffe90505,
0xffe90505,
0xffe90505,
0xffe90505,
0xffe90505,
0xffe90505,
0xffe90505,
0xffe90505,
0xffe90505,
0xffe90505,
0xffe90505,
0xffe90505,
0xffe90505,
0xffe90505,
0xffe90505,
0xffe90505,
0xffe90505,
0xffe90505,
0xffe90505,
0xffe90505,
0xffe90505,
0xffe90505,
0xffe90505,
0xffe90505,
0xffe90505,
0xffe90505,
0xffe90505,
0xffe90505,
0xffe90505,
0xffe90505,
0xffe90505,
0xffe90505,
0xffe90505,
0xffe90505,
0xffe90505,
0xffe90505,
0xffe90505,
0xffe90505,
0xffe90505,
0xffe90505,
0xffe90505,
0xffe90505,
0xffe90505,
0xffe90505,
0xffe90505,
0xffe90505,
0xffe90505,
0xffe90505,
0xffe90505,
0xffe90505,
0xffe90505,
0xffe90505,
0xffe90505,
0xffe90505,
0xffe90505,
0xffe90505,
0xffe90505,
0xffe90505,
0xffe90505,
0xffe90505,
0xffe90505,
0xffe90505,
0xffe90505,
0xffe90505,
0xffe90505,
0xffe90505,
0xffe90505,
0xffe90505,
0xffe90505,
0xffe90505,
0xffe90505,
0xffe90505,
0xffe90505,
0xffe90505,
0xffe90505,
0xffe90505,
0xffe90505,
0xffe90505,
0xffe90505,
0xffe90505,
0xffe90505,
0xffe90505,
0xffe90505,
0xffe90505,
0xffe90505,
0xffe90505,
0xffe90505,
0xffe90505,
0xffe90505,
0xffe90505,
0xffe90505,
0xffe90505,
0xffe90505,
0xffe90505,
0xffe90505,
0xffe90505,
0xffe90505,
0xffe90505,
0xffe90505,
0xffe90505,
0xffe90505,
0xffe90505,
0xffe90505,
0xffe90505,
0xffe90505,
0xffe90505,
0xffe90505,
0xffe90505,
0xffe90505,
0xffe90505,
0xffe90505,
0xffe90505,
0xffe90505,
0xffe90505,
0xffe90505,
0xffe90505,
0xffe90505,
0xffe90505,
0xffe90505,
0xffe90505,
0xffe90505,
0xffe90505,
0xffe90505,
0xffe90505,
0xffe90505,
0xffe90505,
0xffe90505,
0xffe90505,
0xffe90505,
0xffe90505,
0xffe90505,
0xffe90505,
0xffe90505,
0xffe90505,
0xffe90505,
0xffe90505,
0xffe90505,
0xffe90505,
0xffe90505,
0xffe90505,
0xffe90505,
0xffe90505,
0xffe90505,
0xffe90505,
0xffe90505,
0xffe90505,
0xffe90505,
0xffe90505,
0xffe90505,
0xffe90505,
0xffe90505,
0xffe90505,
0xffe90505,
0xffe90505,
0xffe90505,
0xffe90505,
0xffe90505,
0xffe90505,
0xffe90505,
0xffe90505,
0xffe90505,
0xffe90505,
0xffe90505,
0xffe90505,
0xffe90505,
0xffe90505,
0xffe90505,
0xffe90505,
0xffe90505,
0xffe90505,
0xffe90505,
0xffe90505,
0xffe90505,
0xffe90505,
0xffe90505,
0xffe90505,
0xffe90505,
0xffe90505,
0xffe90505,
0xffe90505,
0xffe90505,
0xffe90505,
0xffe90505,
0xffe90505,
0xffe90505,
0xffe90505,
0xffe90505,
0xffe90505,
0xffe90505,
0xffe90505,
0xffe90505,
0xffe90505,
0xffe90505,
0xffe90505,
0xffe90505,
0xffe90505,
0xffe90505,
0xffe90505,
0xffe90505,
0xffe90505,
0xffe90505,
0xffe90505,
0xffe90505,
0xffe90505,
0xffe90505,
0xffe90505,
0xffe90505,
0xffe90505,
0xffe90505,
0xffe90505,
0xffe90505,
0xffe90505,
0xffe90505,
0xffe90505,
0xffe90505,
0xffe90505,
0xffe90505,
0xffe90505,
0xffe90505,
0xffe90505,
0xffe90505,
0xffe90505,
0xffe90505,
0xffe90505,
0xffe90505,
0xffe90505,
0xffe90505,
0xffe90505,
0xffe90505,
0xffe90505,
0xffe90505,
0xffe90505,
0xffe90505,
0xffe90505,
0xffe90505,
0xffe90505,
0xffe90505,
0xffe90505,
0xffe90505,
0xffe90505,
0xffe90505,
0xffe90505,
0xffe90505,
0xffe90505,
0xffe90505,
0xffe90505,
0xffe90505,
0xffe90505,
0xffe90505,
0xffe90505,
0xffe90505,
0xffe90505,
0xffe90505,
0xffe90505,
0xffe90505,
0xffe90505,
0xffe90505,
0xffe90505,
0xffe90505,
0xffe90505,
0xffe90505,
0xffe90505,
0xffe90505,
0xffe90505,
0xffe90505,
0xffe90505,
0xffe90505,
0xffe90505,
0xffe90505,
0xffe90505,
0xffe90505,
0xffe90505,
0xffe90505,
0xffe90505,
0xffe90505,
0xffe90505,
0xffe90505,
0xffe90505,
0xffe90505,
0xffe90505,
0xffe90505,
0xffe90505,
0xffe90505,
0xffe90505,
0xffe90505,
0xffe90505,
0xffe90505,
0xffe90505,
0xffe90505,
0xffe90505,
0xffe90505,
0xffe90505,
0xffe90505,
0xffe90505,
0xffe90505,
0xffe90505,
0xffe90505,
0xffe90505,
0xffe90505,
0xffe90505,
0xffe90505,
0xffe90505,
0xffe90505,
0xffe90505,
0xffe90505,
0xffe90505,
0xffe90505,
0xffe90505,
0xffe90505,
0xffe90505,
0xffe90505,
0xffe90505,
0xffe90505,
0xffe90505,
0xffe90505,
0xffe90505,
0xffe90505,
0xffe90505,
0xffe90505,
0xffe90505,
0xffe90505,
0xffe90505,
0xffe90505,
0xffe90505,
0xffe90505,
0xffe90505,
0xffe90505,
0xffe90505,
0xffe90505,
0xffe90505,
0xffe90505,
0xffe90505,
0xffe90505,
0xffe90505,
0xffe90505,
0xffe90505,
0xffe90505,
0xffe90505,
0xffe90505,
0xffe90505,
0xffe90505,
0xffe90505,
0xffe90505,
0xffe90505,
0xffe90505,
0xffe90505,
0xffe90505,
0xffe90505,
0xffe90505,
0xffe90505,
0xffe90505,
0xffe90505,
0xffe90505,
0xffe90505,
0xffe90505,
0xffe90505,
0xffe90505,
0xffe90505,
0xffe90505,
0xffe90505,
0xffe90505,
0xffe90505,
0xffe90505,
0xffe90505,
0xffe90505,
0xffe90505,
0xffe90505,
0xffe90505,
0xffe90505,
0xffe90505,
0xffe90505,
0xffe90505,
0xffe90505,
0xffe90505,
0xffe90505,
0xffe90505,
0xffe90505,
0xffe90505,
0xffe90505,
0xffe90505,
0xffe90505,
0xffe90505,
0xffe90505,
0xffe90505,
0xffe90505,
0xffe90505,
0xffe90505,
0xffe90505,
0xffe90505,
0xffe90505,
0xffe90505,
0xffe90505,
0xffe90505,
0xffe90505,
0xffe90505,
0xffe90505,
0xffe90505,
0xffe90505,
0xffe90505,
0xffe90505,
0xffe90505,
0xffe90505,
0xffe90505,
0xffe90505,
0xffe90505,
0xffe90505,
0xffe90505,
0xffe90505,
0xffe90505,
0xffe90505,
0xffe90505,
0xffe90505,
0xffe90505,
0xffe90505,
0xffe90505,
0xffe90505,
0xffe90505,
0xffe90505,
0xffe90505,
0xffe90505,
0xffe90505,
0xffe90505,
0xffe90505,
0xffe90505,
0xffe90505,
0xffe90505,
0xffe90505,
0xffe90505,
0xffe90505,
0xffe90505,
0xffe90505,
0xffe90505,
0xffe90505,
0xffe90505,
0xffe90505,
0xffe90505,
0xffe90505,
0xffe90505,
0xffe90505,
0xffe90505,
0xffe90505,
0xffe90505,
0xffe90505,
0xffe90505,
0xffe90505,
0xffe90505,
0xffe90505,
0xffe90505,
0xffe90505,
0xffe90505,
0xffe90505,
0xffe90505,
0xffe90505,
0xffe90505,
0xffe90505,
0xffe90505,
0xffe90505,
0xffe90505,
0xffe90505,
0xffe90505,
0xffe90505,
0xffe90505,
0xffe90505,
0xffe90505,
0xffe90505,
0xffe90505,
0xffe90505,
0xffe90505,
0xffe90505,
0xffe90505,
0xffe90505,
0xffe90505,
0xffe90505,
0xffe90505,
0xffe90505,
0xffe90505,
0xffe90505,
0xffe90505,
0xffe90505,
0xffe90505,
0xffe90505,
0xffe90505,
0xffe90505,
0xffe90505,
0xffe90505,
0xffe90505,
0xffe90505,
0xffe90505,
0xffe90505,
0xffe90505,
0xffe90505,
0xffe90505,
0xffe90505,
0xffe90505,
0xffe90505,
0xffe90505,
0xffe90505,
0xffe90505,
0xffe90505,
0xffe90505,
0xffe90505,
0xffe90505,
0xffe90505,
0xffe90505,
0xffe90505,
0xffe90505,
0xffe90505,
0xffe90505,
0xffe90505,
0xffe90505,
0xffe90505,
0xffe90505,
0xffe90505,
0xffe90505,
0xffe90505,
0xffe90505,
0xffe70505,
0xffe80505,
0xffe80505,
0xffe90505,
0xffe80505,
0xffe90505,
0xffe90505,
0xffe90505,
0xffe90505,
0xffe90505,
0xffe90505,
0xffe90505,
0xffe90505,
0xffe90505,
0xffe90505,
0xffe90505,
0xffe90505,
0xffe90505,
0xffe90505,
0xffe90505,
0xffe90505,
0xffe90505,
0xffe90505,
0xffe90505,
0xffe90505,
0xffe90505,
0xffe90505,
0xffe90505,
0xffe90505,
0xffe90505,
0xffe90505,
0xffe90505,
0xffe90505,
0xffe90505,
0xffe90505,
0xffe90505,
0xffe90505,
0xffe90505,
0xffe90505,
0xffe90505,
0xffe90505,
0xffe90505,
0xffe90505,
0xffe90505,
0xffe90505,
0xffe90505,
0xffe90505,
0xffe90505,
0xffe90505,
0xffe90505,
0xffe90505,
0xffe90505,
0xffe90505,
0xffe90505,
0xffe90505,
0xffe90505,
0xffe90505,
0xffe90505,
0xffe90505,
0xffe90505,
0xffe90505,
0xffe90505,
0xffe90505,
0xffe90505,
0xffe90505,
0xffe90505,
0xffe90505,
0xffe90505,
0xffe90505,
0xffe90505,
0xffe90505,
0xffe90505,
0xffe90505,
0xffe90505,
0xffe90505,
0xffe90505,
0xffe90505,
0xffe90505,
0xffe90505,
0xffe90505,
0xffe90505,
0xffe90505,
0xffe90505,
0xffe90505,
0xffe90505,
0xffe90505,
0xffe90505,
0xffe90505,
0xffe90505,
0xffe90505,
0xffe90505,
0xffe90505,
0xffe90505,
0xffe90505,
0xffe90505,
0xffe90505,
0xffe90505,
0xffe90505,
0xffe90505,
0xffe90505,
0xffe90505,
0xffe90505,
0xffe90505,
0xffe90505,
0xffe90505,
0xffe90505,
0xffe90505,
0xffe90505,
0xffe90505,
0xffe90505,
0xffe90505,
0xffe90505,
0xffe90505,
0xffe90505,
0xffe90505,
0xffe90505,
0xffe90505,
0xffe90505,
0xffe90505,
0xffe90505,
0xffe90505,
0xffe90505,
0xffe90505,
0xffe90505,
0xffe90505,
0xffe90505,
0xffe90505,
0xffe90505,
0xffe90505,
0xffe90505,
0xffe90505,
0xffe90505,
0xffe90505,
0xffe90505,
0xffe90505,
0xffe90505,
0xffe90505,
0xffe90505,
0xffe90505,
0xffe90505,
0xffe90505,
0xffe90505,
0xffe90505,
0xffe90505,
0xffe90505,
0xffe90505,
0xffe90505,
0xffe90505,
0xffe90505,
0xffe90505,
0xffe90505,
0xffe90505,
0xffe90505,
0xffe90505,
0xffe90505,
0xffe90505,
0xffe90505,
0xffe90505,
0xffe90505,
0xffe90505,
0xffe90505,
0xffe90505,
0xffe90505,
0xffe90505,
0xffe90505,
0xffe90505,
0xffe90505,
0xffe90505,
0xffe90505,
0xffe90505,
0xffe90505,
0xffe90505,
0xffe90505,
0xffe90505,
0xffe90505,
0xffe90505,
0xffe90505,
0xffe90505,
0xffe90505,
0xffe90505,
0xffe90505,
0xffe90505,
0xffe90505,
0xffe90505,
0xffe90505,
0xffe90505,
0xffe90505,
0xffe90505,
0xffe90505,
0xffe90505,
0xffe90505,
0xffe90505,
0xffe90505,
0xffe90505,
0xffe90505,
0xffe90505,
0xffe90505,
0xffe90505,
0xffe90505,
0xffe90505,
0xffe90505,
0xffe90505,
0xffe90505,
0xffe90505,
0xffe90505,
0xffe90505,
0xffe90505,
0xffe90505,
0xffe90505,
0xffe90505,
0xffe90505,
0xffe90505,
0xffe90505,
0xffe90505,
0xffe90505,
0xffe90505,
0xffe90505,
0xffe90505,
0xffe90505,
0xffe90505,
0xffe90505,
0xffe90505,
0xffe90505,
0xffe90505,
0xffe90505,
0xffe90505,
0xffe90505,
0xffe90505,
0xffe90505,
0xffe90505,
0xffe90505,
0xffe90505,
0xffe90505,
0xffe90505,
0xffe90505,
0xffe90505,
0xffe90505,
0xffe90505,
0xffe90505,
0xffe80505,
0xffe70505,
0xffda100e,
0xffd41c1a,
0xffe60606,
0xffe80505,
0xffe90505,
0xffe90505,
0xffe90505,
0xffe90505,
0xffe90505,
0xffe90505,
0xffe90505,
0xffe90505,
0xffe90505,
0xffe90505,
0xffe90505,
0xffe90505,
0xffe90505,
0xffe90505,
0xffe90505,
0xffe90505,
0xffe90505,
0xffe90505,
0xffe90505,
0xffe90505,
0xffe90505,
0xffe90505,
0xffe90505,
0xffe90505,
0xffe90505,
0xffe90505,
0xffe90505,
0xffe90505,
0xffe90505,
0xffe90505,
0xffe90505,
0xffe90505,
0xffe90505,
0xffe90505,
0xffe90505,
0xffe90505,
0xffe90505,
0xffe90505,
0xffe90505,
0xffe90505,
0xffe90505,
0xffe90505,
0xffe90505,
0xffe90505,
0xffe90505,
0xffe90505,
0xffe90505,
0xffe90505,
0xffe90505,
0xffe90505,
0xffe90505,
0xffe90505,
0xffe90505,
0xffe90505,
0xffe90505,
0xffe90505,
0xffe90505,
0xffe90505,
0xffe90505,
0xffe90505,
0xffe90505,
0xffe90505,
0xffe90505,
0xffe90505,
0xffe90505,
0xffe90505,
0xffe90505,
0xffe90505,
0xffe90505,
0xffe90505,
0xffe90505,
0xffe90505,
0xffe90505,
0xffe90505,
0xffe90505,
0xffe90505,
0xffe90505,
0xffe90505,
0xffe90505,
0xffe90505,
0xffe90505,
0xffe90505,
0xffe90505,
0xffe90505,
0xffe90505,
0xffe90505,
0xffe90505,
0xffe90505,
0xffe90505,
0xffe90505,
0xffe90505,
0xffe90505,
0xffe90505,
0xffe90505,
0xffe90505,
0xffe90505,
0xffe90505,
0xffe90505,
0xffe90505,
0xffe90505,
0xffe90505,
0xffe90505,
0xffe90505,
0xffe90505,
0xffe90505,
0xffe90505,
0xffe90505,
0xffe90505,
0xffe90505,
0xffe90505,
0xffe90505,
0xffe90505,
0xffe90505,
0xffe90505,
0xffe90505,
0xffe90505,
0xffe90505,
0xffe90505,
0xffe90505,
0xffe90505,
0xffe90505,
0xffe90505,
0xffe90505,
0xffe90505,
0xffe90505,
0xffe90505,
0xffe90505,
0xffe90505,
0xffe90505,
0xffe90505,
0xffe90505,
0xffe90505,
0xffe90505,
0xffe90505,
0xffe90505,
0xffe90505,
0xffe90505,
0xffe90505,
0xffe90505,
0xffe90505,
0xffe90505,
0xffe90505,
0xffe90505,
0xffe90505,
0xffe90505,
0xffe90505,
0xffe90505,
0xffe90505,
0xffe90505,
0xffe90505,
0xffe90505,
0xffe90505,
0xffe90505,
0xffe90505,
0xffe90505,
0xffe90505,
0xffe90505,
0xffe90505,
0xffe90505,
0xffe90505,
0xffe90505,
0xffe90505,
0xffe90505,
0xffe90505,
0xffe90505,
0xffe90505,
0xffe90505,
0xffe90505,
0xffe90505,
0xffe90505,
0xffe90505,
0xffe90505,
0xffe90505,
0xffe90505,
0xffe90505,
0xffe90505,
0xffe90505,
0xffe90505,
0xffe90505,
0xffe90505,
0xffe90505,
0xffe90505,
0xffe90505,
0xffe90505,
0xffe90505,
0xffe90505,
0xffe90505,
0xffe90505,
0xffe90505,
0xffe90505,
0xffe90505,
0xffe90505,
0xffe90505,
0xffe90505,
0xffe90505,
0xffe90505,
0xffe90505,
0xffe90505,
0xffe90505,
0xffe90505,
0xffe90505,
0xffe90505,
0xffe90505,
0xffe90505,
0xffe90505,
0xffe90505,
0xffe90505,
0xffe90505,
0xffe90505,
0xffe90505,
0xffe90505,
0xffe90505,
0xffe90505,
0xffe90505,
0xffe90505,
0xffe90505,
0xffe90505,
0xffe90505,
0xffe90505,
0xffe90505,
0xffe90505,
0xffe90505,
0xffe90505,
0xffe90505,
0xffe90505,
0xffe90505,
0xffe90505,
0xffe90505,
0xffe90505,
0xffe90505,
0xffe90505,
0xffe90505,
0xffe90505,
0xffe90505,
0xffe90505,
0xffe20606,
0xffdd6348,
0xfff4cb94,
0xffdb1a15,
0xffe80505,
0xffe80505,
0xffe90505,
0xffe90505,
0xffe90505,
0xffe90505,
0xffe90505,
0xffe90505,
0xffe90505,
0xffe90505,
0xffe90505,
0xffe90505,
0xffe90505,
0xffe90505,
0xffe90505,
0xffe90505,
0xffe90505,
0xffe90505,
0xffe90505,
0xffe90505,
0xffe90505,
0xffe90505,
0xffe90505,
0xffe90505,
0xffe90505,
0xffe90505,
0xffe90505,
0xffe90505,
0xffe90505,
0xffe90505,
0xffe90505,
0xffe90505,
0xffe90505,
0xffe90505,
0xffe90505,
0xffe90505,
0xffe90505,
0xffe90505,
0xffe90505,
0xffe90505,
0xffe90505,
0xffe90505,
0xffe90505,
0xffe90505,
0xffe90505,
0xffe90505,
0xffe90505,
0xffe90505,
0xffe90505,
0xffe90505,
0xffe90505,
0xffe90505,
0xffe90505,
0xffe90505,
0xffe90505,
0xffe90505,
0xffe90505,
0xffe90505,
0xffe90505,
0xffe90505,
0xffe90505,
0xffe90505,
0xffe90505,
0xffe90505,
0xffe90505,
0xffe90505,
0xffe90505,
0xffe90505,
0xffe90505,
0xffe90505,
0xffe90505,
0xffe90505,
0xffe90505,
0xffe90505,
0xffe90505,
0xffe90505,
0xffe90505,
0xffe90505,
0xffe90505,
0xffe90505,
0xffe90505,
0xffe90505,
0xffe90505,
0xffe90505,
0xffe90505,
0xffe90505,
0xffe90505,
0xffe90505,
0xffe90505,
0xffe90505,
0xffe90505,
0xffe90505,
0xffe90505,
0xffe90505,
0xffe90505,
0xffe90505,
0xffe90505,
0xffe90505,
0xffe90505,
0xffe90505,
0xffe90505,
0xffe90505,
0xffe90505,
0xffe90505,
0xffe90505,
0xffe90505,
0xffe90505,
0xffe90505,
0xffe90505,
0xffe90505,
0xffe90505,
0xffe90505,
0xffe90505,
0xffe90505,
0xffe90505,
0xffe90505,
0xffe90505,
0xffe90505,
0xffe90505,
0xffe90505,
0xffe90505,
0xffe90505,
0xffe90505,
0xffe90505,
0xffe90505,
0xffe90505,
0xffe90505,
0xffe90505,
0xffe90505,
0xffe90505,
0xffe90505,
0xffe90505,
0xffe90505,
0xffe90505,
0xffe90505,
0xffe90505,
0xffe90505,
0xffe90505,
0xffe90505,
0xffe90505,
0xffe90505,
0xffe90505,
0xffe90505,
0xffe90505,
0xffe90505,
0xffe90505,
0xffe90505,
0xffe90505,
0xffe90505,
0xffe90505,
0xffe90505,
0xffe90505,
0xffe90505,
0xffe90505,
0xffe90505,
0xffe90505,
0xffe90505,
0xffe90505,
0xffe90505,
0xffe90505,
0xffe90505,
0xffe90505,
0xffe90505,
0xffe90505,
0xffe90505,
0xffe90505,
0xffe90505,
0xffe90505,
0xffe90505,
0xffe90505,
0xffe90505,
0xffe90505,
0xffe90505,
0xffe90505,
0xffe90505,
0xffe90505,
0xffe90505,
0xffe90505,
0xffe90505,
0xffe90505,
0xffe90505,
0xffe90505,
0xffe90505,
0xffe90505,
0xffe90505,
0xffe90505,
0xffe90505,
0xffe90505,
0xffe90505,
0xffe90505,
0xffe90505,
0xffe90505,
0xffe90505,
0xffe90505,
0xffe90505,
0xffe90505,
0xffe90505,
0xffe90505,
0xffe90505,
0xffe90505,
0xffe90505,
0xffe90505,
0xffe90505,
0xffe90505,
0xffe90505,
0xffe90505,
0xffe90505,
0xffe90505,
0xffe90505,
0xffe90505,
0xffe90505,
0xffe90505,
0xffe90505,
0xffe90505,
0xffe90505,
0xffe90505,
0xffe90505,
0xffe90505,
0xffe90505,
0xffe90505,
0xffe90505,
0xffe90505,
0xffe90505,
0xffe90505,
0xffe90505,
0xffe90505,
0xffe90505,
0xffe90505,
0xffe90505,
0xffe90505,
0xffe90505,
0xffe90505,
0xffe90505,
0xffe90505,
0xffe90505,
0xffe90505,
0xffde0908,
0xffd36726,
0xfffea23b,
0xffe35636,
0xffe40606,
0xffe90505,
0xffe90505,
0xffe90505,
0xffe90505,
0xffe90505,
0xffe90505,
0xffe90505,
0xffe90505,
0xffe90505,
0xffe90505,
0xffe90505,
0xffe90505,
0xffe90505,
0xffe90505,
0xffe90505,
0xffe90505,
0xffe90505,
0xffe90505,
0xffe90505,
0xffe90505,
0xffe90505,
0xffe90505,
0xffe90505,
0xffe90505,
0xffe90505,
0xffe90505,
0xffe90505,
0xffe90505,
0xffe90505,
0xffe90505,
0xffe90505,
0xffe90505,
0xffe90505,
0xffe90505,
0xffe90505,
0xffe90505,
0xffe90505,
0xffe90505,
0xffe90505,
0xffe90505,
0xffe90505,
0xffe90505,
0xffe90505,
0xffe90505,
0xffe90505,
0xffe90505,
0xffe90505,
0xffe90505,
0xffe90505,
0xffe90505,
0xffe90505,
0xffe90505,
0xffe90505,
0xffe90505,
0xffe90505,
0xffe90505,
0xffe90505,
0xffe90505,
0xffe90505,
0xffe90505,
0xffe90505,
0xffe90505,
0xffe90505,
0xffe90505,
0xffe90505,
0xffe90505,
0xffe90505,
0xffe90505,
0xffe90505,
0xffe90505,
0xffe90505,
0xffe90505,
0xffe90505,
0xffe90505,
0xffe90505,
0xffe90505,
0xffe90505,
0xffe90505,
0xffe90505,
0xffe90505,
0xffe90505,
0xffe90505,
0xffe90505,
0xffe90505,
0xffe90505,
0xffe90505,
0xffe90505,
0xffe90505,
0xffe90505,
0xffe90505,
0xffe90505,
0xffe90505,
0xffe90505,
0xffe90505,
0xffe90505,
0xffe90505,
0xffe90505,
0xffe90505,
0xffe90505,
0xffe90505,
0xffe90505,
0xffe90505,
0xffe90505,
0xffe90505,
0xffe90505,
0xffe90505,
0xffe90505,
0xffe90505,
0xffe90505,
0xffe90505,
0xffe90505,
0xffe90505,
0xffe90505,
0xffe90505,
0xffe90505,
0xffe90505,
0xffe90505,
0xffe90505,
0xffe90505,
0xffe90505,
0xffe90505,
0xffe90505,
0xffe90505,
0xffe90505,
0xffe90505,
0xffe90505,
0xffe90505,
0xffe90505,
0xffe90505,
0xffe90505,
0xffe90505,
0xffe90505,
0xffe90505,
0xffe90505,
0xffe90505,
0xffe90505,
0xffe90505,
0xffe90505,
0xffe90505,
0xffe90505,
0xffe90505,
0xffe90505,
0xffe90505,
0xffe90505,
0xffe90505,
0xffe90505,
0xffe90505,
0xffe90505,
0xffe90505,
0xffe90505,
0xffe90505,
0xffe90505,
0xffe90505,
0xffe90505,
0xffe90505,
0xffe90505,
0xffe90505,
0xffe90505,
0xffe90505,
0xffe90505,
0xffe90505,
0xffe90505,
0xffe90505,
0xffe90505,
0xffe90505,
0xffe90505,
0xffe90505,
0xffe90505,
0xffe90505,
0xffe90505,
0xffe90505,
0xffe90505,
0xffe90505,
0xffe90505,
0xffe90505,
0xffe90505,
0xffe90505,
0xffe90505,
0xffe90505,
0xffe90505,
0xffe90505,
0xffe90505,
0xffe90505,
0xffe90505,
0xffe90505,
0xffe90505,
0xffe90505,
0xffe90505,
0xffe90505,
0xffe90505,
0xffe90505,
0xffe90505,
0xffe90505,
0xffe90505,
0xffe90505,
0xffe90505,
0xffe90505,
0xffe90505,
0xffe90505,
0xffe90505,
0xffe90505,
0xffe90505,
0xffe90505,
0xffe90505,
0xffe90505,
0xffe90505,
0xffe90505,
0xffe90505,
0xffe90505,
0xffe90505,
0xffe90505,
0xffe90505,
0xffe90505,
0xffe90505,
0xffe90505,
0xffe90505,
0xffe90505,
0xffe90505,
0xffe90505,
0xffe90505,
0xffe90505,
0xffe90505,
0xffe90505,
0xffe90505,
0xffe90505,
0xffe90505,
0xffe90505,
0xffe90505,
0xffe90505,
0xffe90505,
0xffe90505,
0xffe90505,
0xffe90505,
0xffe90505,
0xffe80505,
0xffe31e17,
0xfff89142,
0xfffa830a,
0xfff79744,
0xffe1120f,
0xffe90505,
0xffe80505,
0xffe90505,
0xffe90505,
0xffe90505,
0xffe90505,
0xffe90505,
0xffe90505,
0xffe90505,
0xffe90505,
0xffe90505,
0xffe90505,
0xffe90505,
0xffe90505,
0xffe90505,
0xffe90505,
0xffe90505,
0xffe90505,
0xffe90505,
0xffe90505,
0xffe90505,
0xffe90505,
0xffe90505,
0xffe90505,
0xffe90505,
0xffe90505,
0xffe90505,
0xffe90505,
0xffe90505,
0xffe90505,
0xffe90505,
0xffe90505,
0xffe90505,
0xffe90505,
0xffe90505,
0xffe90505,
0xffe90505,
0xffe90505,
0xffe90505,
0xffe90505,
0xffe90505,
0xffe90505,
0xffe90505,
0xffe90505,
0xffe90505,
0xffe90505,
0xffe90505,
0xffe90505,
0xffe90505,
0xffe90505,
0xffe90505,
0xffe90505,
0xffe90505,
0xffe90505,
0xffe90505,
0xffe90505,
0xffe90505,
0xffe90505,
0xffe90505,
0xffe90505,
0xffe90505,
0xffe90505,
0xffe90505,
0xffe90505,
0xffe90505,
0xffe90505,
0xffe90505,
0xffe90505,
0xffe90505,
0xffe90505,
0xffe90505,
0xffe90505,
0xffe90505,
0xffe90505,
0xffe90505,
0xffe90505,
0xffe90505,
0xffe90505,
0xffe90505,
0xffe90505,
0xffe90505,
0xffe90505,
0xffe90505,
0xffe90505,
0xffe90505,
0xffe90505,
0xffe90505,
0xffe90505,
0xffe90505,
0xffe90505,
0xffe90505,
0xffe90505,
0xffe90505,
0xffe90505,
0xffe90505,
0xffe90505,
0xffe90505,
0xffe90505,
0xffe90505,
0xffe90505,
0xffe90505,
0xffe90505,
0xffe90505,
0xffe90505,
0xffe90505,
0xffe90505,
0xffe90505,
0xffe90505,
0xffe90505,
0xffe90505,
0xffe90505,
0xffe90505,
0xffe90505,
0xffe90505,
0xffe90505,
0xffe90505,
0xffe90505,
0xffe90505,
0xffe90505,
0xffe90505,
0xffe90505,
0xffe90505,
0xffe90505,
0xffe90505,
0xffe90505,
0xffe90505,
0xffe90505,
0xffe90505,
0xffe90505,
0xffe90505,
0xffe90505,
0xffe90505,
0xffe90505,
0xffe90505,
0xffe90505,
0xffe90505,
0xffe90505,
0xffe90505,
0xffe90505,
0xffe90505,
0xffe90505,
0xffe90505,
0xffe90505,
0xffe90505,
0xffe90505,
0xffe90505,
0xffe90505,
0xffe90505,
0xffe90505,
0xffe90505,
0xffe90505,
0xffe90505,
0xffe90505,
0xffe90505,
0xffe90505,
0xffe90505,
0xffe90505,
0xffe90505,
0xffe90505,
0xffe90505,
0xffe90505,
0xffe90505,
0xffe90505,
0xffe90505,
0xffe90505,
0xffe90505,
0xffe90505,
0xffe90505,
0xffe90505,
0xffe90505,
0xffe90505,
0xffe90505,
0xffe90505,
0xffe90505,
0xffe90505,
0xffe90505,
0xffe90505,
0xffe90505,
0xffe90505,
0xffe90505,
0xffe90505,
0xffe90505,
0xffe90505,
0xffe90505,
0xffe90505,
0xffe90505,
0xffe90505,
0xffe90505,
0xffe90505,
0xffe90505,
0xffe90505,
0xffe90505,
0xffe90505,
0xffe90505,
0xffe90505,
0xffe90505,
0xffe90505,
0xffe90505,
0xffe90505,
0xffe90505,
0xffe90505,
0xffe90505,
0xffe90505,
0xffe90505,
0xffe90505,
0xffe90505,
0xffe90505,
0xffe90505,
0xffe90505,
0xffe90505,
0xffe90505,
0xffe90505,
0xffe90505,
0xffe90505,
0xffe90505,
0xffe90505,
0xffe90505,
0xffe90505,
0xffe90505,
0xffe90505,
0xffe90505,
0xffe90505,
0xffe90505,
0xffe90505,
0xffe90505,
0xffe90505,
0xffe90505,
0xffe90505,
0xffe90505,
0xffe90505,
0xffe90505,
0xffe90505,
0xffe90505,
0xffe90505,
0xffe50505,
0xffce3629,
0xfffa9a44,
0xfff97d05,
0xfffda136,
0xffe7432f,
0xffe60606,
0xffe90505,
0xffe90505,
0xffe90505,
0xffe90505,
0xffe90505,
0xffe90505,
0xffe90505,
0xffe90505,
0xffe90505,
0xffe90505,
0xffe90505,
0xffe90505,
0xffe90505,
0xffe90505,
0xffe90505,
0xffe90505,
0xffe90505,
0xffe90505,
0xffe90505,
0xffe90505,
0xffe90505,
0xffe90505,
0xffe90505,
0xffe90505,
0xffe90505,
0xffe90505,
0xffe90505,
0xffe90505,
0xffe90505,
0xffe90505,
0xffe90505,
0xffe90505,
0xffe90505,
0xffe90505,
0xffe90505,
0xffe90505,
0xffe90505,
0xffe90505,
0xffe90505,
0xffe90505,
0xffe90505,
0xffe90505,
0xffe90505,
0xffe90505,
0xffe90505,
0xffe90505,
0xffe90505,
0xffe90505,
0xffe90505,
0xffe90505,
0xffe90505,
0xffe90505,
0xffe90505,
0xffe90505,
0xffe90505,
0xffe90505,
0xffe90505,
0xffe90505,
0xffe90505,
0xffe90505,
0xffe90505,
0xffe90505,
0xffe90505,
0xffe90505,
0xffe90505,
0xffe90505,
0xffe90505,
0xffe90505,
0xffe90505,
0xffe90505,
0xffe90505,
0xffe90505,
0xffe90505,
0xffe90505,
0xffe90505,
0xffe90505,
0xffe90505,
0xffe90505,
0xffe90505,
0xffe90505,
0xffe90505,
0xffe90505,
0xffe90505,
0xffe90505,
0xffe90505,
0xffe90505,
0xffe90505,
0xffe90505,
0xffe90505,
0xffe90505,
0xffe90505,
0xffe90505,
0xffe90505,
0xffe90505,
0xffe90505,
0xffe90505,
0xffe90505,
0xffe90505,
0xffe90505,
0xffe90505,
0xffe90505,
0xffe90505,
0xffe90505,
0xffe90505,
0xffe90505,
0xffe90505,
0xffe90505,
0xffe90505,
0xffe90505,
0xffe90505,
0xffe90505,
0xffe90505,
0xffe90505,
0xffe90505,
0xffe90505,
0xffe90505,
0xffe90505,
0xffe90505,
0xffe90505,
0xffe90505,
0xffe90505,
0xffe90505,
0xffe90505,
0xffe90505,
0xffe90505,
0xffe90505,
0xffe90505,
0xffe90505,
0xffe90505,
0xffe90505,
0xffe90505,
0xffe90505,
0xffe90505,
0xffe90505,
0xffe90505,
0xffe90505,
0xffe90505,
0xffe90505,
0xffe90505,
0xffe90505,
0xffe90505,
0xffe90505,
0xffe90505,
0xffe90505,
0xffe90505,
0xffe90505,
0xffe90505,
0xffe90505,
0xffe90505,
0xffe90505,
0xffe90505,
0xffe90505,
0xffe90505,
0xffe90505,
0xffe90505,
0xffe90505,
0xffe90505,
0xffe90505,
0xffe90505,
0xffe90505,
0xffe90505,
0xffe90505,
0xffe90505,
0xffe90505,
0xffe90505,
0xffe90505,
0xffe90505,
0xffe90505,
0xffe90505,
0xffe90505,
0xffe90505,
0xffe90505,
0xffe90505,
0xffe90505,
0xffe90505,
0xffe90505,
0xffe90505,
0xffe90505,
0xffe90505,
0xffe90505,
0xffe90505,
0xffe90505,
0xffe90505,
0xffe90505,
0xffe90505,
0xffe90505,
0xffe90505,
0xffe90505,
0xffe90505,
0xffe90505,
0xffe90505,
0xffe90505,
0xffe90505,
0xffe90505,
0xffe90505,
0xffe90505,
0xffe90505,
0xffe90505,
0xffe90505,
0xffe90505,
0xffe90505,
0xffe90505,
0xffe90505,
0xffe90505,
0xffe90505,
0xffe90505,
0xffe90505,
0xffe90505,
0xffe90505,
0xffe90505,
0xffe90505,
0xffe90505,
0xffe90505,
0xffe90505,
0xffe90505,
0xffe90505,
0xffe90505,
0xffe90505,
0xffe90505,
0xffe90505,
0xffe90505,
0xffe90505,
0xffe90505,
0xffe90505,
0xffe90505,
0xffe90505,
0xffe90505,
0xffe90505,
0xffe90505,
0xffe90505,
0xffe90505,
0xffe90505,
0xffe90505,
0xffe10605,
0xffe36e4e,
0xfff28122,
0xfff77d0c,
0xfffd9622,
0xffde753b,
0xffe00908,
0xffe90505,
0xffe90505,
0xffe90505,
0xffe90505,
0xffe90505,
0xffe90505,
0xffe90505,
0xffe90505,
0xffe90505,
0xffe90505,
0xffe90505,
0xffe90505,
0xffe90505,
0xffe90505,
0xffe90505,
0xffe90505,
0xffe90505,
0xffe90505,
0xffe90505,
0xffe90505,
0xffe90505,
0xffe90505,
0xffe90505,
0xffe90505,
0xffe90505,
0xffe90505,
0xffe90505,
0xffe90505,
0xffe90505,
0xffe90505,
0xffe90505,
0xffe90505,
0xffe90505,
0xffe90505,
0xffe90505,
0xffe90505,
0xffe90505,
0xffe90505,
0xffe90505,
0xffe90505,
0xffe90505,
0xffe90505,
0xffe90505,
0xffe90505,
0xffe90505,
0xffe90505,
0xffe90505,
0xffe90505,
0xffe90505,
0xffe90505,
0xffe90505,
0xffe90505,
0xffe90505,
0xffe90505,
0xffe90505,
0xffe90505,
0xffe90505,
0xffe90505,
0xffe90505,
0xffe90505,
0xffe90505,
0xffe90505,
0xffe90505,
0xffe90505,
0xffe90505,
0xffe90505,
0xffe90505,
0xffe90505,
0xffe90505,
0xffe90505,
0xffe90505,
0xffe90505,
0xffe90505,
0xffe90505,
0xffe90505,
0xffe90505,
0xffe90505,
0xffe90505,
0xffe90505,
0xffe90505,
0xffe90505,
0xffe90505,
0xffe90505,
0xffe90505,
0xffe90505,
0xffe90505,
0xffe90505,
0xffe90505,
0xffe90505,
0xffe90505,
0xffe90505,
0xffe90505,
0xffe90505,
0xffe90505,
0xffe90505,
0xffe90505,
0xffe90505,
0xffe90505,
0xffe90505,
0xffe90505,
0xffe90505,
0xffe90505,
0xffe90505,
0xffe90505,
0xffe90505,
0xffe90505,
0xffe90505,
0xffe90505,
0xffe90505,
0xffe90505,
0xffe90505,
0xffe90505,
0xffe90505,
0xffe90505,
0xffe90505,
0xffe90505,
0xffe90505,
0xffe90505,
0xffe90505,
0xffe90505,
0xffe90505,
0xffe90505,
0xffe90505,
0xffe90505,
0xffe90505,
0xffe90505,
0xffe90505,
0xffe90505,
0xffe90505,
0xffe90505,
0xffe90505,
0xffe90505,
0xffe90505,
0xffe90505,
0xffe90505,
0xffe90505,
0xffe90505,
0xffe90505,
0xffe90505,
0xffe90505,
0xffe90505,
0xffe90505,
0xffe90505,
0xffe90505,
0xffe90505,
0xffe90505,
0xffe90505,
0xffe90505,
0xffe90505,
0xffe90505,
0xffe90505,
0xffe90505,
0xffe90505,
0xffe90505,
0xffe90505,
0xffe90505,
0xffe90505,
0xffe90505,
0xffe90505,
0xffe90505,
0xffe90505,
0xffe90505,
0xffe90505,
0xffe90505,
0xffe90505,
0xffe90505,
0xffe90505,
0xffe90505,
0xffe90505,
0xffe90505,
0xffe90505,
0xffe90505,
0xffe90505,
0xffe90505,
0xffe90505,
0xffe90505,
0xffe90505,
0xffe90505,
0xffe90505,
0xffe90505,
0xffe90505,
0xffe90505,
0xffe90505,
0xffe90505,
0xffe90505,
0xffe90505,
0xffe90505,
0xffe90505,
0xffe90505,
0xffe90505,
0xffe90505,
0xffe90505,
0xffe90505,
0xffe90505,
0xffe90505,
0xffe90505,
0xffe90505,
0xffe90505,
0xffe90505,
0xffe90505,
0xffe90505,
0xffe90505,
0xffe90505,
0xffe90505,
0xffe90505,
0xffe90505,
0xffe90505,
0xffe90505,
0xffe90505,
0xffe90505,
0xffe90505,
0xffe90505,
0xffe90505,
0xffe90505,
0xffe90505,
0xffe90505,
0xffe90505,
0xffe90505,
0xffe90505,
0xffe90505,
0xffe90505,
0xffe90505,
0xffe90505,
0xffe90505,
0xffe90505,
0xffe90505,
0xffe90505,
0xffe90505,
0xffe90505,
0xffe90505,
0xffe90505,
0xffe80505,
0xffe80505,
0xffe11612,
0xfff7a053,
0xfff0810e,
0xfffa8007,
0xfffa830e,
0xfff89c3f,
0xffde3423,
0xffe70605,
0xffe80505,
0xffe90505,
0xffe90505,
0xffe90505,
0xffe90505,
0xffe90505,
0xffe90505,
0xffe90505,
0xffe90505,
0xffe90505,
0xffe90505,
0xffe90505,
0xffe90505,
0xffe90505,
0xffe90505,
0xffe90505,
0xffe90505,
0xffe90505,
0xffe90505,
0xffe90505,
0xffe90505,
0xffe90505,
0xffe90505,
0xffe90505,
0xffe90505,
0xffe90505,
0xffe90505,
0xffe90505,
0xffe90505,
0xffe90505,
0xffe90505,
0xffe90505,
0xffe90505,
0xffe90505,
0xffe90505,
0xffe90505,
0xffe90505,
0xffe90505,
0xffe90505,
0xffe90505,
0xffe90505,
0xffe90505,
0xffe90505,
0xffe90505,
0xffe90505,
0xffe90505,
0xffe90505,
0xffe90505,
0xffe90505,
0xffe90505,
0xffe90505,
0xffe90505,
0xffe90505,
0xffe90505,
0xffe90505,
0xffe90505,
0xffe90505,
0xffe90505,
0xffe90505,
0xffe90505,
0xffe90505,
0xffe90505,
0xffe90505,
0xffe90505,
0xffe90505,
0xffe90505,
0xffe90505,
0xffe90505,
0xffe90505,
0xffe90505,
0xffe90505,
0xffe90505,
0xffe90505,
0xffe90505,
0xffe90505,
0xffe90505,
0xffe90505,
0xffe90505,
0xffe90505,
0xffe90505,
0xffe90505,
0xffe90505,
0xffe90505,
0xffe90505,
0xffe90505,
0xffe90505,
0xffe90505,
0xffe90505,
0xffe90505,
0xffe90505,
0xffe90505,
0xffe90505,
0xffe90505,
0xffe90505,
0xffe90505,
0xffe90505,
0xffe90505,
0xffe90505,
0xffe90505,
0xffe90505,
0xffe90505,
0xffe90505,
0xffe90505,
0xffe90505,
0xffe90505,
0xffe90505,
0xffe90505,
0xffe90505,
0xffe90505,
0xffe90505,
0xffe90505,
0xffe90505,
0xffe90505,
0xffe90505,
0xffe90505,
0xffe90505,
0xffe90505,
0xffe90505,
0xffe90505,
0xffe90505,
0xffe90505,
0xffe90505,
0xffe90505,
0xffe90505,
0xffe90505,
0xffe90505,
0xffe90505,
0xffe90505,
0xffe90505,
0xffe90505,
0xffe90505,
0xffe90505,
0xffe90505,
0xffe90505,
0xffe90505,
0xffe90505,
0xffe90505,
0xffe90505,
0xffe90505,
0xffe90505,
0xffe90505,
0xffe90505,
0xffe90505,
0xffe90505,
0xffe90505,
0xffe90505,
0xffe90505,
0xffe90505,
0xffe90505,
0xffe90505,
0xffe90505,
0xffe90505,
0xffe90505,
0xffe90505,
0xffe90505,
0xffe90505,
0xffe90505,
0xffe90505,
0xffe90505,
0xffe90505,
0xffe90505,
0xffe90505,
0xffe90505,
0xffe90505,
0xffe90505,
0xffe90505,
0xffe90505,
0xffe90505,
0xffe90505,
0xffe90505,
0xffe90505,
0xffe90505,
0xffe90505,
0xffe90505,
0xffe90505,
0xffe90505,
0xffe90505,
0xffe90505,
0xffe90505,
0xffe90505,
0xffe90505,
0xffe90505,
0xffe90505,
0xffe90505,
0xffe90505,
0xffe90505,
0xffe90505,
0xffe90505,
0xffe90505,
0xffe90505,
0xffe90505,
0xffe90505,
0xffe90505,
0xffe90505,
0xffe90505,
0xffe90505,
0xffe90505,
0xffe90505,
0xffe90505,
0xffe90505,
0xffe90505,
0xffe90505,
0xffe90505,
0xffe90505,
0xffe90505,
0xffe90505,
0xffe90505,
0xffe90505,
0xffe90505,
0xffe90505,
0xffe90505,
0xffe90505,
0xffe90505,
0xffe90505,
0xffe90505,
0xffe90505,
0xffe90505,
0xffe90505,
0xffe90505,
0xffe90505,
0xffe90505,
0xffe90505,
0xffe90505,
0xffe90505,
0xffe90505,
0xffe90505,
0xffe90505,
0xffe90505,
0xffe90505,
0xffe90505,
0xffe80505,
0xffe40505,
0xffd43c21,
0xfffb8e21,
0xfffb8a0c,
0xfffc8605,
0xfff97e02,
0xfffb8e1b,
0xfff7ae61,
0xffe51310,
0xffe90505,
0xffe80505,
0xffe90505,
0xffe80505,
0xffe80505,
0xffe90505,
0xffe90505,
0xffe90505,
0xffe90505,
0xffe90505,
0xffe90505,
0xffe90505,
0xffe90505,
0xffe90505,
0xffe90505,
0xffe90505,
0xffe90505,
0xffe90505,
0xffe90505,
0xffe90505,
0xffe90505,
0xffe90505,
0xffe90505,
0xffe90505,
0xffe90505,
0xffe90505,
0xffe90505,
0xffe90505,
0xffe90505,
0xffe90505,
0xffe90505,
0xffe90505,
0xffe90505,
0xffe90505,
0xffe90505,
0xffe90505,
0xffe90505,
0xffe90505,
0xffe90505,
0xffe90505,
0xffe90505,
0xffe90505,
0xffe90505,
0xffe90505,
0xffe90505,
0xffe90505,
0xffe90505,
0xffe90505,
0xffe90505,
0xffe90505,
0xffe90505,
0xffe90505,
0xffe90505,
0xffe90505,
0xffe90505,
0xffe90505,
0xffe90505,
0xffe90505,
0xffe90505,
0xffe90505,
0xffe90505,
0xffe90505,
0xffe90505,
0xffe90505,
0xffe90505,
0xffe90505,
0xffe90505,
0xffe90505,
0xffe90505,
0xffe90505,
0xffe90505,
0xffe90505,
0xffe90505,
0xffe90505,
0xffe90505,
0xffe90505,
0xffe90505,
0xffe90505,
0xffe90505,
0xffe90505,
0xffe90505,
0xffe90505,
0xffe90505,
0xffe90505,
0xffe90505,
0xffe90505,
0xffe90505,
0xffe90505,
0xffe90505,
0xffe90505,
0xffe90505,
0xffe90505,
0xffe90505,
0xffe90505,
0xffe90505,
0xffe90505,
0xffe90505,
0xffe90505,
0xffe90505,
0xffe90505,
0xffe90505,
0xffe90505,
0xffe90505,
0xffe90505,
0xffe90505,
0xffe90505,
0xffe90505,
0xffe90505,
0xffe90505,
0xffe90505,
0xffe90505,
0xffe90505,
0xffe90505,
0xffe90505,
0xffe90505,
0xffe90505,
0xffe90505,
0xffe90505,
0xffe90505,
0xffe90505,
0xffe90505,
0xffe90505,
0xffe90505,
0xffe90505,
0xffe90505,
0xffe90505,
0xffe90505,
0xffe90505,
0xffe90505,
0xffe90505,
0xffe90505,
0xffe90505,
0xffe90505,
0xffe90505,
0xffe90505,
0xffe90505,
0xffe90505,
0xffe90505,
0xffe90505,
0xffe90505,
0xffe90505,
0xffe90505,
0xffe90505,
0xffe90505,
0xffe90505,
0xffe90505,
0xffe90505,
0xffe90505,
0xffe90505,
0xffe90505,
0xffe90505,
0xffe90505,
0xffe90505,
0xffe90505,
0xffe90505,
0xffe90505,
0xffe90505,
0xffe90505,
0xffe90505,
0xffe90505,
0xffe90505,
0xffe90505,
0xffe90505,
0xffe90505,
0xffe90505,
0xffe90505,
0xffe90505,
0xffe90505,
0xffe90505,
0xffe90505,
0xffe90505,
0xffe90505,
0xffe90505,
0xffe90505,
0xffe90505,
0xffe90505,
0xffe90505,
0xffe90505,
0xffe90505,
0xffe90505,
0xffe90505,
0xffe90505,
0xffe90505,
0xffe90505,
0xffe90505,
0xffe90505,
0xffe90505,
0xffe90505,
0xffe90505,
0xffe90505,
0xffe90505,
0xffe90505,
0xffe90505,
0xffe90505,
0xffe90505,
0xffe90505,
0xffe90505,
0xffe90505,
0xffe90505,
0xffe90505,
0xffe90505,
0xffe90505,
0xffe90505,
0xffe90505,
0xffe90505,
0xffe90505,
0xffe90505,
0xffe90505,
0xffe90505,
0xffe90505,
0xffe90505,
0xffe90505,
0xffe90505,
0xffe90505,
0xffe90505,
0xffe90505,
0xffe90505,
0xffe90505,
0xffe90505,
0xffe90505,
0xffe90505,
0xffe90505,
0xffe90505,
0xffe90505,
0xffe90505,
0xffe90505,
0xffe90505,
0xffe90505,
0xffe90505,
0xffe90505,
0xffe90505,
0xffe1110e,
0xfff3924e,
0xfffb8211,
0xfffe8b12,
0xfffd890b,
0xffff8301,
0xfffc860b,
0xfffca330,
0xffd86632,
0xffdf0a07,
0xffe70505,
0xffd80f0c,
0xffe11b17,
0xffe80505,
0xffe80505,
0xffe90505,
0xffe90505,
0xffe90505,
0xffe90505,
0xffe90505,
0xffe90505,
0xffe90505,
0xffe90505,
0xffe90505,
0xffe90505,
0xffe90505,
0xffe90505,
0xffe90505,
0xffe90505,
0xffe90505,
0xffe90505,
0xffe90505,
0xffe90505,
0xffe90505,
0xffe90505,
0xffe90505,
0xffe90505,
0xffe90505,
0xffe90505,
0xffe90505,
0xffe90505,
0xffe90505,
0xffe90505,
0xffe90505,
0xffe90505,
0xffe90505,
0xffe90505,
0xffe90505,
0xffe90505,
0xffe90505,
0xffe90505,
0xffe90505,
0xffe90505,
0xffe90505,
0xffe90505,
0xffe90505,
0xffe90505,
0xffe90505,
0xffe90505,
0xffe90505,
0xffe90505,
0xffe90505,
0xffe90505,
0xffe90505,
0xffe90505,
0xffe90505,
0xffe90505,
0xffe90505,
0xffe90505,
0xffe90505,
0xffe90505,
0xffe90505,
0xffe90505,
0xffe90505,
0xffe90505,
0xffe90505,
0xffe90505,
0xffe90505,
0xffe90505,
0xffe90505,
0xffe90505,
0xffe90505,
0xffe90505,
0xffe90505,
0xffe90505,
0xffe90505,
0xffe90505,
0xffe90505,
0xffe90505,
0xffe90505,
0xffe90505,
0xffe90505,
0xffe90505,
0xffe90505,
0xffe90505,
0xffe90505,
0xffe90505,
0xffe90505,
0xffe90505,
0xffe90505,
0xffe90505,
0xffe90505,
0xffe90505,
0xffe90505,
0xffe90505,
0xffe90505,
0xffe90505,
0xffe90505,
0xffe90505,
0xffe90505,
0xffe90505,
0xffe90505,
0xffe90505,
0xffe90505,
0xffe90505,
0xffe90505,
0xffe90505,
0xffe90505,
0xffe90505,
0xffe90505,
0xffe90505,
0xffe90505,
0xffe90505,
0xffe90505,
0xffe90505,
0xffe90505,
0xffe90505,
0xffe90505,
0xffe90505,
0xffe90505,
0xffe90505,
0xffe90505,
0xffe90505,
0xffe90505,
0xffe90505,
0xffe90505,
0xffe90505,
0xffe90505,
0xffe90505,
0xffe90505,
0xffe90505,
0xffe90505,
0xffe90505,
0xffe90505,
0xffe90505,
0xffe90505,
0xffe90505,
0xffe90505,
0xffe90505,
0xffe90505,
0xffe90505,
0xffe90505,
0xffe90505,
0xffe90505,
0xffe90505,
0xffe90505,
0xffe90505,
0xffe90505,
0xffe90505,
0xffe90505,
0xffe90505,
0xffe90505,
0xffe90505,
0xffe90505,
0xffe90505,
0xffe90505,
0xffe90505,
0xffe90505,
0xffe90505,
0xffe90505,
0xffe90505,
0xffe90505,
0xffe90505,
0xffe90505,
0xffe90505,
0xffe90505,
0xffe90505,
0xffe90505,
0xffe90505,
0xffe90505,
0xffe90505,
0xffe90505,
0xffe90505,
0xffe90505,
0xffe90505,
0xffe90505,
0xffe90505,
0xffe90505,
0xffe90505,
0xffe90505,
0xffe90505,
0xffe90505,
0xffe90505,
0xffe90505,
0xffe90505,
0xffe90505,
0xffe90505,
0xffe90505,
0xffe90505,
0xffe90505,
0xffe90505,
0xffe90505,
0xffe90505,
0xffe90505,
0xffe90505,
0xffe90505,
0xffe90505,
0xffe90505,
0xffe90505,
0xffe90505,
0xffe90505,
0xffe90505,
0xffe90505,
0xffe90505,
0xffe90505,
0xffe90505,
0xffe90505,
0xffe90505,
0xffe90505,
0xffe90505,
0xffe90505,
0xffe90505,
0xffe90505,
0xffe90505,
0xffe90505,
0xffe90505,
0xffe90505,
0xffe90505,
0xffe90505,
0xffe90505,
0xffe90505,
0xffe90505,
0xffe90505,
0xffe90505,
0xffe90505,
0xffe80505,
0xffe80505,
0xffe50808,
0xffe40605,
0xffe10606,
0xffd7502e,
0xfff88b28,
0xfffc7f0e,
0xffff8d1d,
0xfffb8c17,
0xfffb850d,
0xfffe8813,
0xfff58e13,
0xfff8ab31,
0xffdd6e39,
0xffd83520,
0xffe68542,
0xfff4a46c,
0xffe20f0c,
0xffe90505,
0xffe90505,
0xffe90505,
0xffe90505,
0xffe90505,
0xffe90505,
0xffe90505,
0xffe90505,
0xffe90505,
0xffe90505,
0xffe90505,
0xffe90505,
0xffe90505,
0xffe90505,
0xffe90505,
0xffe90505,
0xffe90505,
0xffe90505,
0xffe90505,
0xffe90505,
0xffe90505,
0xffe90505,
0xffe90505,
0xffe90505,
0xffe90505,
0xffe90505,
0xffe90505,
0xffe90505,
0xffe90505,
0xffe90505,
0xffe90505,
0xffe90505,
0xffe90505,
0xffe90505,
0xffe90505,
0xffe90505,
0xffe90505,
0xffe90505,
0xffe90505,
0xffe90505,
0xffe90505,
0xffe90505,
0xffe90505,
0xffe90505,
0xffe90505,
0xffe90505,
0xffe90505,
0xffe90505,
0xffe90505,
0xffe90505,
0xffe90505,
0xffe90505,
0xffe90505,
0xffe90505,
0xffe90505,
0xffe90505,
0xffe90505,
0xffe90505,
0xffe90505,
0xffe90505,
0xffe90505,
0xffe90505,
0xffe90505,
0xffe90505,
0xffe90505,
0xffe90505,
0xffe90505,
0xffe90505,
0xffe90505,
0xffe90505,
0xffe90505,
0xffe90505,
0xffe90505,
0xffe90505,
0xffe90505,
0xffe90505,
0xffe90505,
0xffe90505,
0xffe90505,
0xffe90505,
0xffe90505,
0xffe90505,
0xffe90505,
0xffe90505,
0xffe90505,
0xffe90505,
0xffe90505,
0xffe90505,
0xffe90505,
0xffe90505,
0xffe90505,
0xffe90505,
0xffe90505,
0xffe90505,
0xffe90505,
0xffe90505,
0xffe90505,
0xffe90505,
0xffe90505,
0xffe90505,
0xffe90505,
0xffe90505,
0xffe90505,
0xffe90505,
0xffe90505,
0xffe90505,
0xffe90505,
0xffe90505,
0xffe90505,
0xffe90505,
0xffe90505,
0xffe90505,
0xffe90505,
0xffe90505,
0xffe90505,
0xffe90505,
0xffe90505,
0xffe90505,
0xffe90505,
0xffe90505,
0xffe90505,
0xffe90505,
0xffe90505,
0xffe90505,
0xffe90505,
0xffe90505,
0xffe90505,
0xffe90505,
0xffe90505,
0xffe90505,
0xffe90505,
0xffe90505,
0xffe90505,
0xffe90505,
0xffe90505,
0xffe90505,
0xffe90505,
0xffe90505,
0xffe90505,
0xffe90505,
0xffe90505,
0xffe90505,
0xffe90505,
0xffe90505,
0xffe90505,
0xffe90505,
0xffe90505,
0xffe90505,
0xffe90505,
0xffe90505,
0xffe90505,
0xffe90505,
0xffe90505,
0xffe90505,
0xffe90505,
0xffe90505,
0xffe90505,
0xffe90505,
0xffe90505,
0xffe90505,
0xffe90505,
0xffe90505,
0xffe90505,
0xffe90505,
0xffe90505,
0xffe90505,
0xffe90505,
0xffe90505,
0xffe90505,
0xffe90505,
0xffe90505,
0xffe90505,
0xffe90505,
0xffe90505,
0xffe90505,
0xffe90505,
0xffe90505,
0xffe90505,
0xffe90505,
0xffe90505,
0xffe90505,
0xffe90505,
0xffe90505,
0xffe90505,
0xffe90505,
0xffe90505,
0xffe90505,
0xffe90505,
0xffe90505,
0xffe90505,
0xffe90505,
0xffe90505,
0xffe90505,
0xffe90505,
0xffe90505,
0xffe90505,
0xffe90505,
0xffe90505,
0xffe90505,
0xffe90505,
0xffe90505,
0xffe90505,
0xffe90505,
0xffe90505,
0xffe90505,
0xffe90505,
0xffe90505,
0xffe90505,
0xffe90505,
0xffe90505,
0xffe90505,
0xffe90505,
0xffe90505,
0xffe90505,
0xffe90505,
0xffe90505,
0xffe90505,
0xffe90505,
0xffe90505,
0xffe90505,
0xffe90505,
0xffe90505,
0xffde0908,
0xffda5b3e,
0xffe75a3b,
0xffe7603a,
0xfff89733,
0xfff5820f,
0xfff97f10,
0xffff8b18,
0xfffa8c17,
0xfff88715,
0xfffd8615,
0xfffb8d11,
0xfff19412,
0xfffdb03f,
0xfffbb445,
0xfffea320,
0xfffcb151,
0xffe83128,
0xffe80505,
0xffe90505,
0xffe90505,
0xffe90505,
0xffe90505,
0xffe90505,
0xffe90505,
0xffe90505,
0xffe90505,
0xffe90505,
0xffe90505,
0xffe90505,
0xffe90505,
0xffe90505,
0xffe90505,
0xffe90505,
0xffe90505,
0xffe90505,
0xffe90505,
0xffe90505,
0xffe90505,
0xffe90505,
0xffe90505,
0xffe90505,
0xffe90505,
0xffe90505,
0xffe90505,
0xffe90505,
0xffe90505,
0xffe90505,
0xffe90505,
0xffe90505,
0xffe90505,
0xffe90505,
0xffe90505,
0xffe90505,
0xffe90505,
0xffe90505,
0xffe90505,
0xffe90505,
0xffe90505,
0xffe90505,
0xffe90505,
0xffe90505,
0xffe90505,
0xffe90505,
0xffe90505,
0xffe90505,
0xffe90505,
0xffe90505,
0xffe90505,
0xffe90505,
0xffe90505,
0xffe90505,
0xffe90505,
0xffe90505,
0xffe90505,
0xffe90505,
0xffe90505,
0xffe90505,
0xffe90505,
0xffe90505,
0xffe90505,
0xffe90505,
0xffe90505,
0xffe90505,
0xffe90505,
0xffe90505,
0xffe90505,
0xffe90505,
0xffe90505,
0xffe90505,
0xffe90505,
0xffe90505,
0xffe90505,
0xffe90505,
0xffe90505,
0xffe90505,
0xffe90505,
0xffe90505,
0xffe90505,
0xffe90505,
0xffe90505,
0xffe90505,
0xffe90505,
0xffe90505,
0xffe90505,
0xffe90505,
0xffe90505,
0xffe90505,
0xffe90505,
0xffe90505,
0xffe90505,
0xffe90505,
0xffe90505,
0xffe90505,
0xffe90505,
0xffe90505,
0xffe90505,
0xffe90505,
0xffe90505,
0xffe90505,
0xffe90505,
0xffe90505,
0xffe90505,
0xffe90505,
0xffe90505,
0xffe90505,
0xffe90505,
0xffe90505,
0xffe90505,
0xffe90505,
0xffe90505,
0xffe90505,
0xffe90505,
0xffe90505,
0xffe90505,
0xffe90505,
0xffe90505,
0xffe90505,
0xffe90505,
0xffe90505,
0xffe90505,
0xffe90505,
0xffe90505,
0xffe90505,
0xffe90505,
0xffe90505,
0xffe90505,
0xffe90505,
0xffe90505,
0xffe90505,
0xffe90505,
0xffe90505,
0xffe90505,
0xffe90505,
0xffe90505,
0xffe90505,
0xffe90505,
0xffe90505,
0xffe90505,
0xffe90505,
0xffe90505,
0xffe90505,
0xffe90505,
0xffe90505,
0xffe90505,
0xffe90505,
0xffe90505,
0xffe90505,
0xffe90505,
0xffe90505,
0xffe90505,
0xffe90505,
0xffe90505,
0xffe90505,
0xffe90505,
0xffe90505,
0xffe90505,
0xffe90505,
0xffe90505,
0xffe90505,
0xffe90505,
0xffe90505,
0xffe90505,
0xffe90505,
0xffe90505,
0xffe90505,
0xffe90505,
0xffe90505,
0xffe90505,
0xffe90505,
0xffe90505,
0xffe90505,
0xffe90505,
0xffe90505,
0xffe90505,
0xffe90505,
0xffe90505,
0xffe90505,
0xffe90505,
0xffe90505,
0xffe90505,
0xffe90505,
0xffe90505,
0xffe90505,
0xffe90505,
0xffe90505,
0xffe90505,
0xffe90505,
0xffe90505,
0xffe90505,
0xffe90505,
0xffe90505,
0xffe90505,
0xffe90505,
0xffe90505,
0xffe90505,
0xffe90505,
0xffe90505,
0xffe90505,
0xffe90505,
0xffe90505,
0xffe90505,
0xffe90505,
0xffe90505,
0xffe90505,
0xffe90505,
0xffe90505,
0xffe90505,
0xffe90505,
0xffe90505,
0xffe90505,
0xffe90505,
0xffe90505,
0xffe90505,
0xffe90505,
0xffe90505,
0xffe90505,
0xffe90505,
0xffe90505,
0xffe70505,
0xffd3241a,
0xfff2983c,
0xfffa9b25,
0xfff6961d,
0xfff78e0f,
0xfffa8d12,
0xfff0810b,
0xfffb890b,
0xfffa8a0c,
0xfff5850e,
0xfffe8811,
0xfffd8c10,
0xfffd9312,
0xfffd9b1f,
0xffff981a,
0xfffd900b,
0xfffeab3c,
0xffe65d3c,
0xffe30606,
0xffe90505,
0xffe90505,
0xffe90505,
0xffe90505,
0xffe90505,
0xffe90505,
0xffe90505,
0xffe90505,
0xffe90505,
0xffe90505,
0xffe90505,
0xffe90505,
0xffe90505,
0xffe90505,
0xffe90505,
0xffe90505,
0xffe90505,
0xffe90505,
0xffe90505,
0xffe90505,
0xffe90505,
0xffe90505,
0xffe90505,
0xffe90505,
0xffe90505,
0xffe90505,
0xffe90505,
0xffe90505,
0xffe90505,
0xffe90505,
0xffe90505,
0xffe90505,
0xffe90505,
0xffe90505,
0xffe90505,
0xffe90505,
0xffe90505,
0xffe90505,
0xffe90505,
0xffe90505,
0xffe90505,
0xffe90505,
0xffe90505,
0xffe90505,
0xffe90505,
0xffe90505,
0xffe90505,
0xffe90505,
0xffe90505,
0xffe90505,
0xffe90505,
0xffe90505,
0xffe90505,
0xffe90505,
0xffe90505,
0xffe90505,
0xffe90505,
0xffe90505,
0xffe90505,
0xffe90505,
0xffe90505,
0xffe90505,
0xffe90505,
0xffe90505,
0xffe90505,
0xffe90505,
0xffe90505,
0xffe90505,
0xffe90505,
0xffe90505,
0xffe90505,
0xffe90505,
0xffe90505,
0xffe90505,
0xffe90505,
0xffe90505,
0xffe90505,
0xffe90505,
0xffe90505,
0xffe90505,
0xffe90505,
0xffe90505,
0xffe90505,
0xffe90505,
0xffe90505,
0xffe90505,
0xffe90505,
0xffe90505,
0xffe90505,
0xffe90505,
0xffe90505,
0xffe90505,
0xffe90505,
0xffe90505,
0xffe90505,
0xffe90505,
0xffe90505,
0xffe90505,
0xffe90505,
0xffe90505,
0xffe90505,
0xffe90505,
0xffe90505,
0xffe90505,
0xffe90505,
0xffe90505,
0xffe90505,
0xffe90505,
0xffe90505,
0xffe90505,
0xffe90505,
0xffe90505,
0xffe90505,
0xffe90505,
0xffe90505,
0xffe90505,
0xffe90505,
0xffe90505,
0xffe90505,
0xffe90505,
0xffe90505,
0xffe90505,
0xffe90505,
0xffe90505,
0xffe90505,
0xffe90505,
0xffe90505,
0xffe90505,
0xffe90505,
0xffe90505,
0xffe90505,
0xffe90505,
0xffe90505,
0xffe90505,
0xffe90505,
0xffe90505,
0xffe90505,
0xffe90505,
0xffe90505,
0xffe90505,
0xffe90505,
0xffe90505,
0xffe90505,
0xffe90505,
0xffe90505,
0xffe90505,
0xffe90505,
0xffe90505,
0xffe90505,
0xffe90505,
0xffe90505,
0xffe90505,
0xffe90505,
0xffe90505,
0xffe90505,
0xffe90505,
0xffe90505,
0xffe90505,
0xffe90505,
0xffe90505,
0xffe90505,
0xffe90505,
0xffe90505,
0xffe90505,
0xffe90505,
0xffe90505,
0xffe90505,
0xffe90505,
0xffe90505,
0xffe90505,
0xffe90505,
0xffe90505,
0xffe90505,
0xffe90505,
0xffe90505,
0xffe90505,
0xffe90505,
0xffe90505,
0xffe90505,
0xffe90505,
0xffe90505,
0xffe90505,
0xffe90505,
0xffe90505,
0xffe90505,
0xffe90505,
0xffe90505,
0xffe90505,
0xffe90505,
0xffe90505,
0xffe90505,
0xffe90505,
0xffe90505,
0xffe90505,
0xffe90505,
0xffe90505,
0xffe90505,
0xffe90505,
0xffe90505,
0xffe90505,
0xffe90505,
0xffe90505,
0xffe90505,
0xffe90505,
0xffe90505,
0xffe90505,
0xffe90505,
0xffe90505,
0xffe90505,
0xffe90505,
0xffe90505,
0xffe90505,
0xffe90505,
0xffe90505,
0xffe90505,
0xffe90505,
0xffe90505,
0xffe90505,
0xffe90505,
0xffe90505,
0xffe20606,
0xffda5d3b,
0xfff99423,
0xffee7a02,
0xfff48101,
0xfffe8904,
0xfffe9817,
0xfff58d0d,
0xfff17e03,
0xfffb840a,
0xfffd8207,
0xffff860a,
0xfffe8c0c,
0xfffb900b,
0xfff8940c,
0xfffe9a14,
0xfffc9413,
0xfffe971b,
0xfff59d51,
0xffe5130f,
0xffe90505,
0xffe90505,
0xffe90505,
0xffe90505,
0xffe90505,
0xffe90505,
0xffe90505,
0xffe90505,
0xffe90505,
0xffe90505,
0xffe90505,
0xffe90505,
0xffe90505,
0xffe90505,
0xffe90505,
0xffe90505,
0xffe90505,
0xffe90505,
0xffe90505,
0xffe90505,
0xffe90505,
0xffe90505,
0xffe90505,
0xffe90505,
0xffe90505,
0xffe90505,
0xffe90505,
0xffe90505,
0xffe90505,
0xffe90505,
0xffe90505,
0xffe90505,
0xffe90505,
0xffe90505,
0xffe90505,
0xffe90505,
0xffe90505,
0xffe90505,
0xffe90505,
0xffe90505,
0xffe90505,
0xffe90505,
0xffe90505,
0xffe90505,
0xffe90505,
0xffe90505,
0xffe90505,
0xffe90505,
0xffe90505,
0xffe90505,
0xffe90505,
0xffe90505,
0xffe90505,
0xffe90505,
0xffe90505,
0xffe90505,
0xffe90505,
0xffe90505,
0xffe90505,
0xffe90505,
0xffe90505,
0xffe90505,
0xffe90505,
0xffe90505,
0xffe90505,
0xffe90505,
0xffe90505,
0xffe90505,
0xffe90505,
0xffe90505,
0xffe90505,
0xffe90505,
0xffe90505,
0xffe90505,
0xffe90505,
0xffe90505,
0xffe90505,
0xffe90505,
0xffe90505,
0xffe90505,
0xffe90505,
0xffe90505,
0xffe90505,
0xffe90505,
0xffe90505,
0xffe90505,
0xffe90505,
0xffe90505,
0xffe90505,
0xffe90505,
0xffe90505,
0xffe90505,
0xffe90505,
0xffe90505,
0xffe90505,
0xffe90505,
0xffe90505,
0xffe90505,
0xffe90505,
0xffe90505,
0xffe90505,
0xffe90505,
0xffe90505,
0xffe90505,
0xffe90505,
0xffe90505,
0xffe90505,
0xffe90505,
0xffe90505,
0xffe90505,
0xffe90505,
0xffe90505,
0xffe90505,
0xffe90505,
0xffe90505,
0xffe90505,
0xffe90505,
0xffe90505,
0xffe90505,
0xffe90505,
0xffe90505,
0xffe90505,
0xffe90505,
0xffe90505,
0xffe90505,
0xffe90505,
0xffe90505,
0xffe90505,
0xffe90505,
0xffe90505,
0xffe90505,
0xffe90505,
0xffe90505,
0xffe90505,
0xffe90505,
0xffe90505,
0xffe90505,
0xffe90505,
0xffe90505,
0xffe90505,
0xffe90505,
0xffe90505,
0xffe90505,
0xffe90505,
0xffe90505,
0xffe90505,
0xffe90505,
0xffe90505,
0xffe90505,
0xffe90505,
0xffe90505,
0xffe90505,
0xffe90505,
0xffe90505,
0xffe90505,
0xffe90505,
0xffe90505,
0xffe90505,
0xffe90505,
0xffe90505,
0xffe90505,
0xffe90505,
0xffe90505,
0xffe90505,
0xffe90505,
0xffe90505,
0xffe90505,
0xffe90505,
0xffe90505,
0xffe90505,
0xffe90505,
0xffe90505,
0xffe90505,
0xffe90505,
0xffe90505,
0xffe90505,
0xffe90505,
0xffe90505,
0xffe90505,
0xffe90505,
0xffe90505,
0xffe90505,
0xffe90505,
0xffe90505,
0xffe90505,
0xffe90505,
0xffe90505,
0xffe90505,
0xffe90505,
0xffe90505,
0xffe90505,
0xffe90505,
0xffe90505,
0xffe90505,
0xffe90505,
0xffe90505,
0xffe90505,
0xffe90505,
0xffe90505,
0xffe90505,
0xffe90505,
0xffe90505,
0xffe90505,
0xffe90505,
0xffe90505,
0xffe90505,
0xffe90505,
0xffe90505,
0xffe90505,
0xffe90505,
0xffe90505,
0xffe90505,
0xffe90505,
0xffe90505,
0xffe90505,
0xffe90505,
0xffe90505,
0xffe90505,
0xffe90505,
0xffe90505,
0xffdf0a08,
0xffcb7233,
0xffef8a12,
0xfff07e01,
0xfffb8300,
0xffff8501,
0xffff900a,
0xfffd9d1d,
0xfff5901d,
0xfff67d0a,
0xfffe7e04,
0xffff8209,
0xffff8a0a,
0xfffb9004,
0xfffb9407,
0xfffc9512,
0xfff98e15,
0xfff99614,
0xfffbc958,
0xffda3a29,
0xffe60605,
0xffe90505,
0xffe90505,
0xffe80505,
0xffe80505,
0xffe40606,
0xffe60505,
0xffe80505,
0xffe90505,
0xffe90505,
0xffe90505,
0xffe90505,
0xffe90505,
0xffe90505,
0xffe90505,
0xffe90505,
0xffe90505,
0xffe90505,
0xffe90505,
0xffe90505,
0xffe90505,
0xffe90505,
0xffe90505,
0xffe90505,
0xffe90505,
0xffe90505,
0xffe90505,
0xffe90505,
0xffe90505,
0xffe90505,
0xffe90505,
0xffe90505,
0xffe90505,
0xffe90505,
0xffe90505,
0xffe90505,
0xffe90505,
0xffe90505,
0xffe90505,
0xffe90505,
0xffe90505,
0xffe90505,
0xffe90505,
0xffe90505,
0xffe90505,
0xffe90505,
0xffe90505,
0xffe90505,
0xffe90505,
0xffe90505,
0xffe90505,
0xffe90505,
0xffe90505,
0xffe90505,
0xffe90505,
0xffe90505,
0xffe90505,
0xffe90505,
0xffe90505,
0xffe90505,
0xffe90505,
0xffe90505,
0xffe90505,
0xffe90505,
0xffe90505,
0xffe90505,
0xffe90505,
0xffe90505,
0xffe90505,
0xffe90505,
0xffe90505,
0xffe90505,
0xffe90505,
0xffe90505,
0xffe90505,
0xffe90505,
0xffe90505,
0xffe90505,
0xffe90505,
0xffe90505,
0xffe90505,
0xffe90505,
0xffe90505,
0xffe90505,
0xffe90505,
0xffe90505,
0xffe90505,
0xffe90505,
0xffe90505,
0xffe90505,
0xffe90505,
0xffe90505,
0xffe90505,
0xffe90505,
0xffe90505,
0xffe90505,
0xffe90505,
0xffe90505,
0xffe90505,
0xffe90505,
0xffe90505,
0xffe90505,
0xffe90505,
0xffe90505,
0xffe90505,
0xffe90505,
0xffe90505,
0xffe90505,
0xffe90505,
0xffe90505,
0xffe90505,
0xffe90505,
0xffe90505,
0xffe90505,
0xffe90505,
0xffe90505,
0xffe90505,
0xffe90505,
0xffe90505,
0xffe90505,
0xffe90505,
0xffe90505,
0xffe90505,
0xffe90505,
0xffe90505,
0xffe90505,
0xffe90505,
0xffe90505,
0xffe90505,
0xffe90505,
0xffe90505,
0xffe90505,
0xffe90505,
0xffe90505,
0xffe90505,
0xffe90505,
0xffe90505,
0xffe90505,
0xffe90505,
0xffe90505,
0xffe90505,
0xffe90505,
0xffe90505,
0xffe90505,
0xffe90505,
0xffe90505,
0xffe90505,
0xffe90505,
0xffe90505,
0xffe90505,
0xffe90505,
0xffe90505,
0xffe90505,
0xffe90505,
0xffe90505,
0xffe90505,
0xffe90505,
0xffe90505,
0xffe90505,
0xffe90505,
0xffe90505,
0xffe90505,
0xffe90505,
0xffe90505,
0xffe90505,
0xffe90505,
0xffe90505,
0xffe90505,
0xffe90505,
0xffe90505,
0xffe90505,
0xffe90505,
0xffe90505,
0xffe90505,
0xffe90505,
0xffe90505,
0xffe90505,
0xffe90505,
0xffe90505,
0xffe90505,
0xffe90505,
0xffe90505,
0xffe90505,
0xffe90505,
0xffe90505,
0xffe90505,
0xffe90505,
0xffe90505,
0xffe90505,
0xffe90505,
0xffe90505,
0xffe90505,
0xffe90505,
0xffe90505,
0xffe90505,
0xffe90505,
0xffe90505,
0xffe90505,
0xffe90505,
0xffe90505,
0xffe90505,
0xffe90505,
0xffe90505,
0xffe90505,
0xffe90505,
0xffe90505,
0xffe90505,
0xffe90505,
0xffe90505,
0xffe90505,
0xffe90505,
0xffe80505,
0xffe80505,
0xffe50605,
0xffe80505,
0xffe80505,
0xffe90505,
0xffe90505,
0xffe90505,
0xffe80505,
0xffe02419,
0xfff7a743,
0xffdf8607,
0xffe57f00,
0xfff48300,
0xfffe8402,
0xffff8a07,
0xfffd9a1d,
0xfffea431,
0xfff8931e,
0xfff98007,
0xfffe8111,
0xffff890f,
0xfffe8f01,
0xfffe9009,
0xfffb8911,
0xfff78718,
0xfffc9c1d,
0xfffcad30,
0xffda733e,
0xffe30909,
0xffe90505,
0xffe90505,
0xffe60606,
0xffdd1a15,
0xffe76a50,
0xffdd3126,
0xffe60505,
0xffe90505,
0xffe90505,
0xffe90505,
0xffe90505,
0xffe90505,
0xffe90505,
0xffe90505,
0xffe90505,
0xffe90505,
0xffe90505,
0xffe90505,
0xffe90505,
0xffe90505,
0xffe90505,
0xffe90505,
0xffe90505,
0xffe90505,
0xffe90505,
0xffe90505,
0xffe90505,
0xffe90505,
0xffe90505,
0xffe90505,
0xffe90505,
0xffe90505,
0xffe90505,
0xffe90505,
0xffe90505,
0xffe90505,
0xffe90505,
0xffe90505,
0xffe90505,
0xffe90505,
0xffe90505,
0xffe90505,
0xffe90505,
0xffe90505,
0xffe90505,
0xffe90505,
0xffe90505,
0xffe90505,
0xffe90505,
0xffe90505,
0xffe90505,
0xffe90505,
0xffe90505,
0xffe90505,
0xffe90505,
0xffe90505,
0xffe90505,
0xffe90505,
0xffe90505,
0xffe90505,
0xffe90505,
0xffe90505,
0xffe90505,
0xffe90505,
0xffe90505,
0xffe90505,
0xffe90505,
0xffe90505,
0xffe90505,
0xffe90505,
0xffe90505,
0xffe90505,
0xffe90505,
0xffe90505,
0xffe90505,
0xffe90505,
0xffe90505,
0xffe90505,
0xffe90505,
0xffe90505,
0xffe90505,
0xffe90505,
0xffe90505,
0xffe90505,
0xffe90505,
0xffe90505,
0xffe90505,
0xffe90505,
0xffe90505,
0xffe90505,
0xffe90505,
0xffe90505,
0xffe90505,
0xffe90505,
0xffe90505,
0xffe90505,
0xffe90505,
0xffe90505,
0xffe90505,
0xffe90505,
0xffe90505,
0xffe90505,
0xffe90505,
0xffe90505,
0xffe90505,
0xffe90505,
0xffe90505,
0xffe90505,
0xffe90505,
0xffe90505,
0xffe90505,
0xffe90505,
0xffe90505,
0xffe90505,
0xffe90505,
0xffe90505,
0xffe90505,
0xffe90505,
0xffe90505,
0xffe90505,
0xffe90505,
0xffe90505,
0xffe90505,
0xffe90505,
0xffe90505,
0xffe90505,
0xffe90505,
0xffe90505,
0xffe90505,
0xffe90505,
0xffe90505,
0xffe90505,
0xffe90505,
0xffe90505,
0xffe90505,
0xffe90505,
0xffe90505,
0xffe90505,
0xffe90505,
0xffe90505,
0xffe90505,
0xffe90505,
0xffe90505,
0xffe90505,
0xffe90505,
0xffe90505,
0xffe90505,
0xffe90505,
0xffe90505,
0xffe90505,
0xffe90505,
0xffe90505,
0xffe90505,
0xffe90505,
0xffe90505,
0xffe90505,
0xffe90505,
0xffe90505,
0xffe90505,
0xffe90505,
0xffe90505,
0xffe90505,
0xffe90505,
0xffe90505,
0xffe90505,
0xffe90505,
0xffe90505,
0xffe90505,
0xffe90505,
0xffe90505,
0xffe90505,
0xffe90505,
0xffe90505,
0xffe90505,
0xffe90505,
0xffe90505,
0xffe90505,
0xffe90505,
0xffe90505,
0xffe90505,
0xffe90505,
0xffe90505,
0xffe90505,
0xffe90505,
0xffe90505,
0xffe90505,
0xffe90505,
0xffe90505,
0xffe90505,
0xffe90505,
0xffe90505,
0xffe90505,
0xffe90505,
0xffe90505,
0xffe90505,
0xffe90505,
0xffe90505,
0xffe90505,
0xffe90505,
0xffe90505,
0xffe90505,
0xffe90505,
0xffe90505,
0xffe90505,
0xffe90505,
0xffe90505,
0xffe90505,
0xffe90505,
0xffe90505,
0xffe90505,
0xffe90505,
0xffe30a08,
0xffd43f2c,
0xffd61c13,
0xffe30605,
0xffe90505,
0xffe90505,
0xffe90505,
0xffe30505,
0xffca4827,
0xfff2a32c,
0xffde8703,
0xffe38200,
0xffee8101,
0xfff98100,
0xfffc8805,
0xfffa9412,
0xfff79a1f,
0xfffea72c,
0xfffa8f13,
0xfff67d0d,
0xfffb890d,
0xffff9001,
0xffff8d07,
0xfffa860f,
0xfffa8c19,
0xfffd9f1c,
0xffed9d14,
0xfffbb247,
0xffe9452f,
0xffe20606,
0xffe20808,
0xffe5432d,
0xfff8ba6b,
0xfffacb69,
0xffbf5330,
0xffe20505,
0xffe90505,
0xffe90505,
0xffe90505,
0xffe90505,
0xffe90505,
0xffe90505,
0xffe90505,
0xffe90505,
0xffe90505,
0xffe90505,
0xffe90505,
0xffe90505,
0xffe90505,
0xffe90505,
0xffe90505,
0xffe90505,
0xffe90505,
0xffe90505,
0xffe90505,
0xffe90505,
0xffe90505,
0xffe90505,
0xffe90505,
0xffe90505,
0xffe90505,
0xffe90505,
0xffe90505,
0xffe90505,
0xffe90505,
0xffe90505,
0xffe90505,
0xffe90505,
0xffe90505,
0xffe90505,
0xffe90505,
0xffe90505,
0xffe90505,
0xffe90505,
0xffe90505,
0xffe90505,
0xffe90505,
0xffe90505,
0xffe90505,
0xffe90505,
0xffe90505,
0xffe90505,
0xffe90505,
0xffe90505,
0xffe90505,
0xffe90505,
0xffe90505,
0xffe90505,
0xffe90505,
0xffe90505,
0xffe90505,
0xffe90505,
0xffe90505,
0xffe90505,
0xffe90505,
0xffe90505,
0xffe90505,
0xffe90505,
0xffe90505,
0xffe90505,
0xffe90505,
0xffe90505,
0xffe90505,
0xffe90505,
0xffe90505,
0xffe90505,
0xffe90505,
0xffe90505,
0xffe90505,
0xffe90505,
0xffe90505,
0xffe90505,
0xffe90505,
0xffe90505,
0xffe90505,
0xffe90505,
0xffe90505,
0xffe90505,
0xffe90505,
0xffe90505,
0xffe90505,
0xffe90505,
0xffe90505,
0xffe90505,
0xffe90505,
0xffe90505,
0xffe90505,
0xffe90505,
0xffe90505,
0xffe90505,
0xffe90505,
0xffe90505,
0xffe90505,
0xffe90505,
0xffe90505,
0xffe90505,
0xffe90505,
0xffe90505,
0xffe90505,
0xffe90505,
0xffe90505,
0xffe90505,
0xffe90505,
0xffe90505,
0xffe90505,
0xffe90505,
0xffe90505,
0xffe90505,
0xffe90505,
0xffe90505,
0xffe90505,
0xffe90505,
0xffe90505,
0xffe90505,
0xffe90505,
0xffe90505,
0xffe90505,
0xffe90505,
0xffe90505,
0xffe90505,
0xffe90505,
0xffe90505,
0xffe90505,
0xffe90505,
0xffe90505,
0xffe90505,
0xffe90505,
0xffe90505,
0xffe90505,
0xffe90505,
0xffe90505,
0xffe90505,
0xffe90505,
0xffe90505,
0xffe90505,
0xffe90505,
0xffe90505,
0xffe90505,
0xffe90505,
0xffe90505,
0xffe90505,
0xffe90505,
0xffe90505,
0xffe90505,
0xffe90505,
0xffe90505,
0xffe90505,
0xffe90505,
0xffe90505,
0xffe90505,
0xffe90505,
0xffe90505,
0xffe90505,
0xffe90505,
0xffe90505,
0xffe90505,
0xffe90505,
0xffe90505,
0xffe90505,
0xffe90505,
0xffe90505,
0xffe90505,
0xffe90505,
0xffe90505,
0xffe90505,
0xffe90505,
0xffe90505,
0xffe90505,
0xffe90505,
0xffe90505,
0xffe90505,
0xffe90505,
0xffe90505,
0xffe90505,
0xffe90505,
0xffe90505,
0xffe90505,
0xffe90505,
0xffe90505,
0xffe90505,
0xffe90505,
0xffe90505,
0xffe90505,
0xffe90505,
0xffe90505,
0xffe90505,
0xffe90505,
0xffe90505,
0xffe90505,
0xffe90505,
0xffe90505,
0xffe90505,
0xffe90505,
0xffe90505,
0xffe90505,
0xffe90505,
0xffe90505,
0xffe90505,
0xffe90505,
0xffe90505,
0xffe50f0d,
0xfff1ba76,
0xffc6a94d,
0xffd3542e,
0xffdd140f,
0xffe20605,
0xffe70605,
0xffdf1810,
0xffda8a38,
0xffd58a0c,
0xffe38802,
0xffe68202,
0xffec8003,
0xfff88402,
0xfff78700,
0xfff69108,
0xfffb9915,
0xffff9e1f,
0xfff78910,
0xfff27f09,
0xfff98a0b,
0xfffd8f02,
0xfffa8d07,
0xfff2870b,
0xfffd971d,
0xffff9f14,
0xfff69e0e,
0xffec991b,
0xfffba750,
0xffe0633a,
0xffd56b3a,
0xfffba944,
0xfff99b1c,
0xfffabb42,
0xffc14825,
0xffe20605,
0xffe90505,
0xffe90505,
0xffe90505,
0xffe90505,
0xffe90505,
0xffe90505,
0xffe90505,
0xffe90505,
0xffe90505,
0xffe90505,
0xffe90505,
0xffe90505,
0xffe90505,
0xffe90505,
0xffe90505,
0xffe90505,
0xffe90505,
0xffe90505,
0xffe90505,
0xffe90505,
0xffe90505,
0xffe90505,
0xffe90505,
0xffe90505,
0xffe90505,
0xffe90505,
0xffe90505,
0xffe90505,
0xffe90505,
0xffe90505,
0xffe90505,
0xffe90505,
0xffe90505,
0xffe90505,
0xffe90505,
0xffe90505,
0xffe90505,
0xffe90505,
0xffe90505,
0xffe90505,
0xffe90505,
0xffe90505,
0xffe90505,
0xffe90505,
0xffe90505,
0xffe90505,
0xffe90505,
0xffe90505,
0xffe90505,
0xffe90505,
0xffe90505,
0xffe90505,
0xffe90505,
0xffe90505,
0xffe90505,
0xffe90505,
0xffe90505,
0xffe90505,
0xffe90505,
0xffe90505,
0xffe90505,
0xffe90505,
0xffe90505,
0xffe90505,
0xffe90505,
0xffe90505,
0xffe90505,
0xffe90505,
0xffe90505,
0xffe90505,
0xffe90505,
0xffe90505,
0xffe90505,
0xffe90505,
0xffe90505,
0xffe90505,
0xffe90505,
0xffe90505,
0xffe90505,
0xffe90505,
0xffe90505,
0xffe90505,
0xffe90505,
0xffe90505,
0xffe90505,
0xffe90505,
0xffe90505,
0xffe90505,
0xffe90505,
0xffe90505,
0xffe90505,
0xffe90505,
0xffe90505,
0xffe90505,
0xffe90505,
0xffe90505,
0xffe90505,
0xffe90505,
0xffe90505,
0xffe90505,
0xffe90505,
0xffe90505,
0xffe90505,
0xffe90505,
0xffe90505,
0xffe90505,
0xffe90505,
0xffe90505,
0xffe90505,
0xffe90505,
0xffe90505,
0xffe90505,
0xffe90505,
0xffe90505,
0xffe90505,
0xffe90505,
0xffe90505,
0xffe90505,
0xffe90505,
0xffe90505,
0xffe90505,
0xffe90505,
0xffe90505,
0xffe90505,
0xffe90505,
0xffe90505,
0xffe90505,
0xffe90505,
0xffe90505,
0xffe90505,
0xffe90505,
0xffe90505,
0xffe90505,
0xffe90505,
0xffe90505,
0xffe90505,
0xffe90505,
0xffe90505,
0xffe90505,
0xffe90505,
0xffe90505,
0xffe90505,
0xffe90505,
0xffe90505,
0xffe90505,
0xffe90505,
0xffe90505,
0xffe90505,
0xffe90505,
0xffe90505,
0xffe90505,
0xffe90505,
0xffe90505,
0xffe90505,
0xffe90505,
0xffe90505,
0xffe90505,
0xffe90505,
0xffe90505,
0xffe90505,
0xffe90505,
0xffe90505,
0xffe90505,
0xffe90505,
0xffe90505,
0xffe90505,
0xffe90505,
0xffe90505,
0xffe90505,
0xffe90505,
0xffe90505,
0xffe90505,
0xffe90505,
0xffe90505,
0xffe90505,
0xffe90505,
0xffe90505,
0xffe90505,
0xffe90505,
0xffe90505,
0xffe90505,
0xffe90505,
0xffe90505,
0xffe90505,
0xffe90505,
0xffe90505,
0xffe90505,
0xffe90505,
0xffe90505,
0xffe90505,
0xffe90505,
0xffe90505,
0xffe90505,
0xffe90505,
0xffe90505,
0xffe90505,
0xffe90505,
0xffe90505,
0xffe90505,
0xffe90505,
0xffe90505,
0xffe90505,
0xffe90505,
0xffe90505,
0xffe20605,
0xffab4d28,
0xffbba729,
0xffccb029,
0xffcf9537,
0xffd75f31,
0xffe6462a,
0xffe58439,
0xffd7971b,
0xffcf8301,
0xffe18a01,
0xffec8807,
0xffe77d03,
0xfff08102,
0xfff78902,
0xfff58c01,
0xfffe9a0c,
0xfffe9b18,
0xfff4830c,
0xfff17f07,
0xfffa8908,
0xfffa8c02,
0xfff68905,
0xfff1880b,
0xfffe9c1b,
0xffff9b12,
0xfffc9f0e,
0xfff2940d,
0xfff49118,
0xfffea433,
0xfffca935,
0xfff98f10,
0xfffa930c,
0xfffac253,
0xffca4127,
0xffe40605,
0xffe90505,
0xffe90505,
0xffe90505,
0xffe90505,
0xffe90505,
0xffe90505,
0xffe90505,
0xffe90505,
0xffe90505,
0xffe90505,
0xffe90505,
0xffe90505,
0xffe90505,
0xffe90505,
0xffe90505,
0xffe90505,
0xffe90505,
0xffe90505,
0xffe90505,
0xffe90505,
0xffe90505,
0xffe90505,
0xffe90505,
0xffe90505,
0xffe90505,
0xffe90505,
0xffe90505,
0xffe90505,
0xffe90505,
0xffe90505,
0xffe90505,
0xffe90505,
0xffe90505,
0xffe90505,
0xffe90505,
0xffe90505,
0xffe90505,
0xffe90505,
0xffe90505,
0xffe90505,
0xffe90505,
0xffe90505,
0xffe90505,
0xffe90505,
0xffe90505,
0xffe90505,
0xffe90505,
0xffe90505,
0xffe90505,
0xffe90505,
0xffe90505,
0xffe90505,
0xffe90505,
0xffe90505,
0xffe90505,
0xffe90505,
0xffe90505,
0xffe90505,
0xffe90505,
0xffe90505,
0xffe90505,
0xffe90505,
0xffe90505,
0xffe90505,
0xffe90505,
0xffe90505,
0xffe90505,
0xffe90505,
0xffe90505,
0xffe90505,
0xffe90505,
0xffe90505,
0xffe90505,
0xffe90505,
0xffe90505,
0xffe90505,
0xffe90505,
0xffe90505,
0xffe90505,
0xffe90505,
0xffe90505,
0xffe90505,
0xffe90505,
0xffe90505,
0xffe90505,
0xffe90505,
0xffe90505,
0xffe90505,
0xffe90505,
0xffe90505,
0xffe90505,
0xffe90505,
0xffe90505,
0xffe90505,
0xffe90505,
0xffe90505,
0xffe90505,
0xffe90505,
0xffe90505,
0xffe90505,
0xffe90505,
0xffe90505,
0xffe90505,
0xffe90505,
0xffe90505,
0xffe90505,
0xffe90505,
0xffe90505,
0xffe90505,
0xffe90505,
0xffe90505,
0xffe90505,
0xffe90505,
0xffe90505,
0xffe90505,
0xffe90505,
0xffe90505,
0xffe90505,
0xffe90505,
0xffe90505,
0xffe90505,
0xffe90505,
0xffe90505,
0xffe90505,
0xffe90505,
0xffe90505,
0xffe90505,
0xffe90505,
0xffe90505,
0xffe90505,
0xffe90505,
0xffe90505,
0xffe90505,
0xffe90505,
0xffe90505,
0xffe90505,
0xffe90505,
0xffe90505,
0xffe90505,
0xffe90505,
0xffe90505,
0xffe90505,
0xffe90505,
0xffe90505,
0xffe90505,
0xffe90505,
0xffe90505,
0xffe90505,
0xffe90505,
0xffe90505,
0xffe90505,
0xffe90505,
0xffe90505,
0xffe90505,
0xffe90505,
0xffe90505,
0xffe90505,
0xffe90505,
0xffe90505,
0xffe90505,
0xffe90505,
0xffe90505,
0xffe90505,
0xffe90505,
0xffe90505,
0xffe90505,
0xffe90505,
0xffe90505,
0xffe90505,
0xffe90505,
0xffe90505,
0xffe90505,
0xffe90505,
0xffe90505,
0xffe90505,
0xffe90505,
0xffe90505,
0xffe90505,
0xffe90505,
0xffe90505,
0xffe90505,
0xffe90505,
0xffe90505,
0xffe90505,
0xffe90505,
0xffe90505,
0xffe90505,
0xffe90505,
0xffe90505,
0xffe90505,
0xffe90505,
0xffe90505,
0xffe90505,
0xffe90505,
0xffe90505,
0xffe90505,
0xffe90505,
0xffe90505,
0xffe90505,
0xffe90505,
0xffe90505,
0xffe90505,
0xffe90505,
0xffe90505,
0xffe50505,
0xffc93122,
0xffc9a939,
0xffa58c04,
0xffb59006,
0xffd09b1b,
0xffd9991d,
0xffcf900c,
0xffc98601,
0xffd58900,
0xffdd8601,
0xffed8d0a,
0xffec8508,
0xffea7d01,
0xfff18401,
0xfff48a00,
0xfffa8f02,
0xfffe9110,
0xfff3800d,
0xfff37a02,
0xfffe8305,
0xfffd8504,
0xfff58304,
0xfffb8d10,
0xfffe9719,
0xffff9b17,
0xfffe970e,
0xfffa9008,
0xfffa8d0c,
0xfffd8c0e,
0xffff8e11,
0xfffa8805,
0xfff99618,
0xfffac567,
0xffd43b2a,
0xffe50505,
0xffe90505,
0xffe90505,
0xffe90505,
0xffe90505,
0xffe90505,
0xffe90505,
0xffe90505,
0xffe90505,
0xffe90505,
0xffe90505,
0xffe90505,
0xffe90505,
0xffe90505,
0xffe90505,
0xffe90505,
0xffe90505,
0xffe90505,
0xffe90505,
0xffe90505,
0xffe90505,
0xffe90505,
0xffe80505,
0xffe90505,
0xffe80505,
0xffe90505,
0xffe90505,
0xffe90505,
0xffe90505,
0xffe90505,
0xffe90505,
0xffe90505,
0xffe90505,
0xffe90505,
0xffe90505,
0xffe90505,
0xffe90505,
0xffe90505,
0xffe90505,
0xffe90505,
0xffe90505,
0xffe90505,
0xffe90505,
0xffe90505,
0xffe90505,
0xffe90505,
0xffe90505,
0xffe90505,
0xffe90505,
0xffe90505,
0xffe90505,
0xffe90505,
0xffe90505,
0xffe90505,
0xffe90505,
0xffe90505,
0xffe90505,
0xffe90505,
0xffe90505,
0xffe90505,
0xffe90505,
0xffe90505,
0xffe90505,
0xffe90505,
0xffe90505,
0xffe90505,
0xffe90505,
0xffe90505,
0xffe90505,
0xffe90505,
0xffe90505,
0xffe90505,
0xffe90505,
0xffe90505,
0xffe90505,
0xffe90505,
0xffe90505,
0xffe90505,
0xffe90505,
0xffe90505,
0xffe90505,
0xffe90505,
0xffe90505,
0xffe90505,
0xffe90505,
0xffe90505,
0xffe90505,
0xffe90505,
0xffe90505,
0xffe90505,
0xffe90505,
0xffe90505,
0xffe90505,
0xffe90505,
0xffe90505,
0xffe90505,
0xffe90505,
0xffe90505,
0xffe90505,
0xffe90505,
0xffe90505,
0xffe90505,
0xffe90505,
0xffe90505,
0xffe90505,
0xffe90505,
0xffe90505,
0xffe90505,
0xffe90505,
0xffe90505,
0xffe90505,
0xffe90505,
0xffe90505,
0xffe90505,
0xffe90505,
0xffe90505,
0xffe90505,
0xffe90505,
0xffe90505,
0xffe90505,
0xffe90505,
0xffe90505,
0xffe90505,
0xffe90505,
0xffe90505,
0xffe90505,
0xffe90505,
0xffe90505,
0xffe90505,
0xffe90505,
0xffe90505,
0xffe90505,
0xffe90505,
0xffe90505,
0xffe90505,
0xffe90505,
0xffe90505,
0xffe90505,
0xffe90505,
0xffe90505,
0xffe90505,
0xffe90505,
0xffe90505,
0xffe90505,
0xffe90505,
0xffe90505,
0xffe90505,
0xffe90505,
0xffe90505,
0xffe90505,
0xffe90505,
0xffe90505,
0xffe90505,
0xffe90505,
0xffe90505,
0xffe90505,
0xffe90505,
0xffe90505,
0xffe90505,
0xffe90505,
0xffe90505,
0xffe90505,
0xffe90505,
0xffe90505,
0xffe90505,
0xffe90505,
0xffe90505,
0xffe90505,
0xffe90505,
0xffe90505,
0xffe90505,
0xffe90505,
0xffe90505,
0xffe90505,
0xffe90505,
0xffe90505,
0xffe90505,
0xffe90505,
0xffe90505,
0xffe90505,
0xffe90505,
0xffe90505,
0xffe90505,
0xffe90505,
0xffe90505,
0xffe90505,
0xffe90505,
0xffe90505,
0xffe90505,
0xffe90505,
0xffe90505,
0xffe90505,
0xffe90505,
0xffe90505,
0xffe90505,
0xffe90505,
0xffe90505,
0xffe90505,
0xffe90505,
0xffe90505,
0xffe90505,
0xffe90505,
0xffe90505,
0xffe90505,
0xffe90505,
0xffe90505,
0xffe31b16,
0xffc69a40,
0xffa79004,
0xffb18c01,
0xffb18101,
0xffc08601,
0xffc88500,
0xffd08800,
0xffd48c00,
0xffd88700,
0xffe38a05,
0xfff39010,
0xffe88004,
0xffe97d00,
0xfff58400,
0xfffc8901,
0xfffa860a,
0xfff27a0a,
0xfff57401,
0xffff7d06,
0xfffc7c05,
0xfff87e05,
0xfffe8f15,
0xffff9115,
0xffff9114,
0xffff9213,
0xfffe8c0f,
0xfffc870a,
0xfffd880c,
0xfffd880c,
0xfff58405,
0xfff69b23,
0xfffac270,
0xffde2b1f,
0xffe70505,
0xffe90505,
0xffe90505,
0xffe90505,
0xffe90505,
0xffe90505,
0xffe90505,
0xffe90505,
0xffe90505,
0xffe90505,
0xffe90505,
0xffe90505,
0xffe90505,
0xffe90505,
0xffe90505,
0xffe90505,
0xffe90505,
0xffe90505,
0xffe90505,
0xffe80505,
0xffe90505,
0xffe60f0e,
0xffe3231d,
0xffe30606,
0xffe90505,
0xffe90505,
0xffe90505,
0xffe90505,
0xffe90505,
0xffe90505,
0xffe90505,
0xffe90505,
0xffe90505,
0xffe90505,
0xffe90505,
0xffe90505,
0xffe90505,
0xffe90505,
0xffe90505,
0xffe90505,
0xffe90505,
0xffe90505,
0xffe90505,
0xffe90505,
0xffe90505,
0xffe90505,
0xffe90505,
0xffe90505,
0xffe90505,
0xffe90505,
0xffe90505,
0xffe90505,
0xffe90505,
0xffe90505,
0xffe90505,
0xffe90505,
0xffe90505,
0xffe90505,
0xffe90505,
0xffe90505,
0xffe90505,
0xffe90505,
0xffe90505,
0xffe90505,
0xffe90505,
0xffe90505,
0xffe90505,
0xffe90505,
0xffe90505,
0xffe90505,
0xffe90505,
0xffe90505,
0xffe90505,
0xffe90505,
0xffe90505,
0xffe90505,
0xffe90505,
0xffe90505,
0xffe90505,
0xffe90505,
0xffe90505,
0xffe90505,
0xffe90505,
0xffe90505,
0xffe90505,
0xffe90505,
0xffe90505,
0xffe90505,
0xffe90505,
0xffe90505,
0xffe90505,
0xffe90505,
0xffe90505,
0xffe90505,
0xffe90505,
0xffe90505,
0xffe90505,
0xffe90505,
0xffe90505,
0xffe90505,
0xffe90505,
0xffe90505,
0xffe90505,
0xffe90505,
0xffe90505,
0xffe90505,
0xffe90505,
0xffe90505,
0xffe90505,
0xffe90505,
0xffe90505,
0xffe90505,
0xffe90505,
0xffe90505,
0xffe90505,
0xffe90505,
0xffe90505,
0xffe90505,
0xffe90505,
0xffe90505,
0xffe90505,
0xffe90505,
0xffe90505,
0xffe90505,
0xffe90505,
0xffe90505,
0xffe90505,
0xffe90505,
0xffe90505,
0xffe90505,
0xffe90505,
0xffe90505,
0xffe90505,
0xffe90505,
0xffe90505,
0xffe90505,
0xffe90505,
0xffe90505,
0xffe90505,
0xffe90505,
0xffe90505,
0xffe90505,
0xffe90505,
0xffe90505,
0xffe90505,
0xffe90505,
0xffe90505,
0xffe90505,
0xffe90505,
0xffe90505,
0xffe90505,
0xffe90505,
0xffe90505,
0xffe90505,
0xffe90505,
0xffe90505,
0xffe90505,
0xffe90505,
0xffe90505,
0xffe90505,
0xffe90505,
0xffe90505,
0xffe90505,
0xffe90505,
0xffe90505,
0xffe90505,
0xffe90505,
0xffe90505,
0xffe90505,
0xffe90505,
0xffe90505,
0xffe90505,
0xffe90505,
0xffe90505,
0xffe90505,
0xffe90505,
0xffe90505,
0xffe90505,
0xffe90505,
0xffe90505,
0xffe90505,
0xffe90505,
0xffe90505,
0xffe90505,
0xffe90505,
0xffe90505,
0xffe90505,
0xffe90505,
0xffe90505,
0xffe90505,
0xffe90505,
0xffe90505,
0xffe90505,
0xffe90505,
0xffe90505,
0xffe90505,
0xffe90505,
0xffe90505,
0xffe90505,
0xffe90505,
0xffe90505,
0xffe90505,
0xffe90505,
0xffe90505,
0xffe90505,
0xffe90505,
0xffde0908,
0xffa8722c,
0xffad9a15,
0xffb1930e,
0xffac8401,
0xffb78200,
0xffc88600,
0xffcc8802,
0xffcd8901,
0xffd38a00,
0xffd78601,
0xffed920e,
0xfff48f13,
0xffe87a02,
0xfff07b00,
0xfffb8301,
0xfffa8108,
0xfff17707,
0xfff26f00,
0xfffd7908,
0xfff87807,
0xfffc800a,
0xffff8b10,
0xffff8b0f,
0xffff8a10,
0xffff8b13,
0xffff8c13,
0xfffe8a11,
0xffff880f,
0xfff9810a,
0xfff47e03,
0xfff38f1a,
0xfffabd72,
0xffe91d17,
0xffe80505,
0xffe90505,
0xffe90505,
0xffe90505,
0xffe90505,
0xffe90505,
0xffe90505,
0xffe90505,
0xffe90505,
0xffe90505,
0xffe90505,
0xffe90505,
0xffe90505,
0xffe90505,
0xffe90505,
0xffe90505,
0xffe90505,
0xffe80505,
0xffe90505,
0xffe80505,
0xffe4120f,
0xfff2a074,
0xffe7af78,
0xffd70c09,
0xffe80505,
0xffe90505,
0xffe90505,
0xffe90505,
0xffe90505,
0xffe90505,
0xffe90505,
0xffe90505,
0xffe90505,
0xffe90505,
0xffe90505,
0xffe90505,
0xffe90505,
0xffe90505,
0xffe90505,
0xffe90505,
0xffe90505,
0xffe90505,
0xffe90505,
0xffe90505,
0xffe90505,
0xffe90505,
0xffe90505,
0xffe90505,
0xffe90505,
0xffe90505,
0xffe90505,
0xffe90505,
0xffe90505,
0xffe90505,
0xffe90505,
0xffe90505,
0xffe90505,
0xffe90505,
0xffe90505,
0xffe90505,
0xffe90505,
0xffe90505,
0xffe90505,
0xffe90505,
0xffe90505,
0xffe90505,
0xffe90505,
0xffe90505,
0xffe90505,
0xffe90505,
0xffe90505,
0xffe90505,
0xffe90505,
0xffe90505,
0xffe90505,
0xffe90505,
0xffe90505,
0xffe90505,
0xffe90505,
0xffe90505,
0xffe90505,
0xffe90505,
0xffe90505,
0xffe90505,
0xffe90505,
0xffe90505,
0xffe90505,
0xffe90505,
0xffe90505,
0xffe90505,
0xffe90505,
0xffe90505,
0xffe90505,
0xffe90505,
0xffe90505,
0xffe90505,
0xffe90505,
0xffe90505,
0xffe90505,
0xffe90505,
0xffe90505,
0xffe90505,
0xffe90505,
0xffe90505,
0xffe90505,
0xffe90505,
0xffe90505,
0xffe90505,
0xffe90505,
0xffe90505,
0xffe90505,
0xffe90505,
0xffe90505,
0xffe90505,
0xffe90505,
0xffe90505,
0xffe90505,
0xffe90505,
0xffe90505,
0xffe90505,
0xffe90505,
0xffe90505,
0xffe90505,
0xffe90505,
0xffe90505,
0xffe90505,
0xffe90505,
0xffe90505,
0xffe90505,
0xffe90505,
0xffe90505,
0xffe90505,
0xffe90505,
0xffe90505,
0xffe90505,
0xffe90505,
0xffe90505,
0xffe90505,
0xffe90505,
0xffe90505,
0xffe90505,
0xffe90505,
0xffe90505,
0xffe90505,
0xffe90505,
0xffe90505,
0xffe90505,
0xffe90505,
0xffe90505,
0xffe90505,
0xffe90505,
0xffe90505,
0xffe90505,
0xffe90505,
0xffe90505,
0xffe90505,
0xffe90505,
0xffe90505,
0xffe90505,
0xffe90505,
0xffe90505,
0xffe90505,
0xffe90505,
0xffe90505,
0xffe90505,
0xffe90505,
0xffe90505,
0xffe90505,
0xffe90505,
0xffe90505,
0xffe90505,
0xffe90505,
0xffe90505,
0xffe90505,
0xffe90505,
0xffe90505,
0xffe90505,
0xffe80505,
0xffe70505,
0xffea0e06,
0xffe50605,
0xffe90505,
0xffe80505,
0xffe90505,
0xffe90505,
0xffe90505,
0xffe90505,
0xffe90505,
0xffe90505,
0xffe90505,
0xffe90505,
0xffe90505,
0xffe90505,
0xffe90505,
0xffe90505,
0xffe90505,
0xffe90505,
0xffe90505,
0xffe90505,
0xffe90505,
0xffe90505,
0xffe90505,
0xffe90505,
0xffe90505,
0xffe90505,
0xffe90505,
0xffe10605,
0xffb7592b,
0xffa9a120,
0xffa29406,
0xffa88f04,
0xffad8300,
0xffc18604,
0xffc58607,
0xffc58603,
0xffcd8b00,
0xffd38800,
0xffdd8503,
0xfff4961b,
0xfff68b19,
0xffec7702,
0xfff27a00,
0xfff77d05,
0xfff47609,
0xfff37206,
0xfff37205,
0xfff6790a,
0xfffe820b,
0xffff8608,
0xffff8708,
0xffff860a,
0xffff860e,
0xffff870f,
0xffff8910,
0xfffb840b,
0xfff77f09,
0xfff87e04,
0xfffc921d,
0xfff39760,
0xffe5110d,
0xffe90505,
0xffe90505,
0xffe90505,
0xffe90505,
0xffe90505,
0xffe90505,
0xffe90505,
0xffe90505,
0xffe90505,
0xffe90505,
0xffe90505,
0xffe80505,
0xffe90505,
0xffe90505,
0xffe90505,
0xffe90505,
0xffe80505,
0xffe90505,
0xffe50606,
0xffdb1a11,
0xfff19855,
0xfffddf6c,
0xffd48647,
0xffdd0906,
0xffe90505,
0xffe90505,
0xffe90505,
0xffe90505,
0xffe90505,
0xffe90505,
0xffe90505,
0xffe90505,
0xffe90505,
0xffe90505,
0xffe90505,
0xffe90505,
0xffe90505,
0xffe90505,
0xffe90505,
0xffe90505,
0xffe90505,
0xffe90505,
0xffe90505,
0xffe90505,
0xffe90505,
0xffe90505,
0xffe90505,
0xffe90505,
0xffe90505,
0xffe90505,
0xffe90505,
0xffe90505,
0xffe90505,
0xffe90505,
0xffe90505,
0xffe90505,
0xffe90505,
0xffe90505,
0xffe90505,
0xffe90505,
0xffe90505,
0xffe90505,
0xffe90505,
0xffe90505,
0xffe90505,
0xffe90505,
0xffe90505,
0xffe90505,
0xffe90505,
0xffe90505,
0xffe90505,
0xffe90505,
0xffe90505,
0xffe90505,
0xffe90505,
0xffe90505,
0xffe90505,
0xffe90505,
0xffe90505,
0xffe90505,
0xffe90505,
0xffe90505,
0xffe90505,
0xffe90505,
0xffe90505,
0xffe90505,
0xffe90505,
0xffe90505,
0xffe90505,
0xffe90505,
0xffe90505,
0xffe90505,
0xffe90505,
0xffe90505,
0xffe90505,
0xffe90505,
0xffe90505,
0xffe90505,
0xffe90505,
0xffe90505,
0xffe90505,
0xffe90505,
0xffe90505,
0xffe90505,
0xffe90505,
0xffe90505,
0xffe90505,
0xffe90505,
0xffe90505,
0xffe90505,
0xffe90505,
0xffe90505,
0xffe90505,
0xffe90505,
0xffe90505,
0xffe90505,
0xffe90505,
0xffe90505,
0xffe90505,
0xffe90505,
0xffe90505,
0xffe90505,
0xffe90505,
0xffe90505,
0xffe90505,
0xffe90505,
0xffe90505,
0xffe90505,
0xffe90505,
0xffe90505,
0xffe90505,
0xffe90505,
0xffe90505,
0xffe90505,
0xffe90505,
0xffe90505,
0xffe90505,
0xffe90505,
0xffe90505,
0xffe90505,
0xffe90505,
0xffe90505,
0xffe90505,
0xffe90505,
0xffe90505,
0xffe90505,
0xffe90505,
0xffe90505,
0xffe90505,
0xffe90505,
0xffe90505,
0xffe90505,
0xffe90505,
0xffe90505,
0xffe90505,
0xffe90505,
0xffe90505,
0xffe90505,
0xffe90505,
0xffe90505,
0xffe90505,
0xffe90505,
0xffe90505,
0xffe90505,
0xffe90505,
0xffe90505,
0xffe90505,
0xffe90505,
0xffe90505,
0xffe90505,
0xffe90505,
0xffe90505,
0xffe90505,
0xffe90505,
0xffe90505,
0xffe90505,
0xffe90505,
0xffe70505,
0xffd91a16,
0xffc87959,
0xffc14129,
0xffe00b08,
0xffe70505,
0xffe90505,
0xffe90505,
0xffe90505,
0xffe90505,
0xffe90505,
0xffe80505,
0xffe90505,
0xffe90505,
0xffe80505,
0xffe90505,
0xffe90505,
0xffe90505,
0xffe90505,
0xffe90505,
0xffe90505,
0xffe90505,
0xffe90505,
0xffe90505,
0xffe90505,
0xffe90505,
0xffe90505,
0xffe90505,
0xffe90505,
0xffe60605,
0xffd5422a,
0xff9fa125,
0xff8d9401,
0xffa29c06,
0xffa68f04,
0xffad8001,
0xffbb8308,
0xffc28707,
0xffc58901,
0xffcc8800,
0xffd28100,
0xffe1850b,
0xfff99c27,
0xfff18a14,
0xffe87501,
0xfff07902,
0xfff27509,
0xffe76b02,
0xffea7106,
0xfffa800d,
0xfffb7e06,
0xfffa7e02,
0xfffe8201,
0xffff8404,
0xffff8105,
0xffff8208,
0xffff850b,
0xfff98004,
0xfff67d02,
0xfff97e03,
0xfffda32e,
0xffda6c43,
0xffe20808,
0xffe90505,
0xffe90505,
0xffe90505,
0xffe90505,
0xffe90505,
0xffe90505,
0xffe90505,
0xffe80505,
0xffe90505,
0xffe40606,
0xffe50505,
0xffe90505,
0xffe90505,
0xffe90505,
0xffe90505,
0xffe80505,
0xffe40606,
0xffe00a09,
0xffd33f28,
0xfff09a41,
0xfffca726,
0xfffcc34f,
0xffea5035,
0xffe50605,
0xffe90505,
0xffe90505,
0xffe90505,
0xffe90505,
0xffe90505,
0xffe90505,
0xffe90505,
0xffe90505,
0xffe90505,
0xffe90505,
0xffe90505,
0xffe90505,
0xffe90505,
0xffe90505,
0xffe90505,
0xffe90505,
0xffe90505,
0xffe90505,
0xffe90505,
0xffe90505,
0xffe90505,
0xffe90505,
0xffe90505,
0xffe90505,
0xffe90505,
0xffe90505,
0xffe90505,
0xffe90505,
0xffe90505,
0xffe90505,
0xffe90505,
0xffe90505,
0xffe90505,
0xffe90505,
0xffe90505,
0xffe90505,
0xffe90505,
0xffe90505,
0xffe90505,
0xffe90505,
0xffe90505,
0xffe90505,
0xffe90505,
0xffe90505,
0xffe90505,
0xffe90505,
0xffe90505,
0xffe90505,
0xffe90505,
0xffe90505,
0xffe90505,
0xffe90505,
0xffe90505,
0xffe90505,
0xffe90505,
0xffe90505,
0xffe90505,
0xffe90505,
0xffe90505,
0xffe90505,
0xffe90505,
0xffe90505,
0xffe90505,
0xffe90505,
0xffe90505,
0xffe90505,
0xffe90505,
0xffe90505,
0xffe90505,
0xffe90505,
0xffe90505,
0xffe90505,
0xffe90505,
0xffe90505,
0xffe90505,
0xffe90505,
0xffe90505,
0xffe90505,
0xffe90505,
0xffe90505,
0xffe90505,
0xffe90505,
0xffe90505,
0xffe90505,
0xffe90505,
0xffe90505,
0xffe90505,
0xffe90505,
0xffe90505,
0xffe90505,
0xffe90505,
0xffe90505,
0xffe90505,
0xffe90505,
0xffe90505,
0xffe90505,
0xffe90505,
0xffe90505,
0xffe90505,
0xffe90505,
0xffe90505,
0xffe90505,
0xffe90505,
0xffe90505,
0xffe90505,
0xffe90505,
0xffe90505,
0xffe90505,
0xffe90505,
0xffe90505,
0xffe90505,
0xffe90505,
0xffe90505,
0xffe90505,
0xffe90505,
0xffe90505,
0xffe90505,
0xffe90505,
0xffe90505,
0xffe90505,
0xffe90505,
0xffe90505,
0xffe90505,
0xffe90505,
0xffe90505,
0xffe90505,
0xffe90505,
0xffe90505,
0xffe90505,
0xffe90505,
0xffe90505,
0xffe90505,
0xffe90505,
0xffe90505,
0xffe90505,
0xffe90505,
0xffe90505,
0xffe90505,
0xffe90505,
0xffe90505,
0xffe90505,
0xffe90505,
0xffe90505,
0xffe90505,
0xffe90505,
0xffe90505,
0xffe90505,
0xffe90505,
0xffe90505,
0xffe90505,
0xffe90505,
0xffe90505,
0xffe90505,
0xffe70505,
0xffd9211c,
0xff9bad5d,
0xff91b33b,
0xffab8539,
0xffcc3221,
0xffe20a0a,
0xffe60505,
0xffe90505,
0xffe80505,
0xffe80505,
0xffe80505,
0xffdb0808,
0xffdf0805,
0xffe80505,
0xffe70505,
0xffe90505,
0xffe90505,
0xffe90505,
0xffe90505,
0xffe90505,
0xffe90505,
0xffe90505,
0xffe90505,
0xffe90505,
0xffe90505,
0xffe90505,
0xffe90505,
0xffe90505,
0xffe70505,
0xffc81710,
0xff8b8a27,
0xff859603,
0xff909903,
0xffa09a0b,
0xffa28602,
0xffae7f03,
0xffbe8608,
0xffc28803,
0xffc58600,
0xffce8401,
0xffdb7d02,
0xffe98711,
0xfff7a32a,
0xffe78c10,
0xffe77601,
0xffed7405,
0xffe36703,
0xffef760b,
0xfff97e08,
0xfff77c03,
0xfff67a00,
0xfffd7f00,
0xffff8002,
0xfffe7e01,
0xffff7e06,
0xffff8008,
0xfffc7b01,
0xfffb7a00,
0xfff67d03,
0xfffdab39,
0xffde583a,
0xffe40606,
0xffe90505,
0xffe90505,
0xffe90505,
0xffe90505,
0xffe90505,
0xffe90505,
0xffe80505,
0xffe90505,
0xffdf0808,
0xffd55439,
0xffc53123,
0xffe40606,
0xffe70606,
0xffe40807,
0xffda0908,
0xffdd221a,
0xffde5436,
0xffe88545,
0xfffbbc4d,
0xfffd9e1b,
0xfff89a11,
0xfff5ba52,
0xffd61e16,
0xffe70505,
0xffe90505,
0xffe90505,
0xffe90505,
0xffe90505,
0xffe90505,
0xffe90505,
0xffe90505,
0xffe90505,
0xffe90505,
0xffe90505,
0xffe90505,
0xffe90505,
0xffe90505,
0xffe90505,
0xffe90505,
0xffe90505,
0xffe90505,
0xffe90505,
0xffe90505,
0xffe90505,
0xffe90505,
0xffe90505,
0xffe90505,
0xffe90505,
0xffe90505,
0xffe90505,
0xffe90505,
0xffe90505,
0xffe90505,
0xffe90505,
0xffe90505,
0xffe90505,
0xffe90505,
0xffe90505,
0xffe90505,
0xffe90505,
0xffe90505,
0xffe90505,
0xffe90505,
0xffe90505,
0xffe90505,
0xffe90505,
0xffe90505,
0xffe90505,
0xffe90505,
0xffe90505,
0xffe90505,
0xffe90505,
0xffe90505,
0xffe90505,
0xffe90505,
0xffe90505,
0xffe90505,
0xffe90505,
0xffe90505,
0xffe90505,
0xffe90505,
0xffe90505,
0xffe90505,
0xffe90505,
0xffe90505,
0xffe90505,
0xffe90505,
0xffe90505,
0xffe90505,
0xffe90505,
0xffe90505,
0xffe90505,
0xffe90505,
0xffe90505,
0xffe90505,
0xffe90505,
0xffe90505,
0xffe90505,
0xffe90505,
0xffe90505,
0xffe90505,
0xffe90505,
0xffe90505,
0xffe90505,
0xffe90505,
0xffe90505,
0xffe90505,
0xffe90505,
0xffe90505,
0xffe90505,
0xffe90505,
0xffe90505,
0xffe90505,
0xffe90505,
0xffe90505,
0xffe90505,
0xffe90505,
0xffe90505,
0xffe90505,
0xffe90505,
0xffe90505,
0xffe90505,
0xffe90505,
0xffe90505,
0xffe90505,
0xffe90505,
0xffe90505,
0xffe90505,
0xffe90505,
0xffe90505,
0xffe90505,
0xffe90505,
0xffe90505,
0xffe90505,
0xffe90505,
0xffe90505,
0xffe90505,
0xffe90505,
0xffe90505,
0xffe90505,
0xffe90505,
0xffe90505,
0xffe90505,
0xffe90505,
0xffe90505,
0xffe90505,
0xffe90505,
0xffe90505,
0xffe90505,
0xffe90505,
0xffe90505,
0xffe90505,
0xffe90505,
0xffe90505,
0xffe90505,
0xffe90505,
0xffe90505,
0xffe90505,
0xffe90505,
0xffe90505,
0xffe90505,
0xffe90505,
0xffe90505,
0xffe90505,
0xffe90505,
0xffe90505,
0xffe90505,
0xffe90505,
0xffe90505,
0xffe90505,
0xffe90505,
0xffe90505,
0xffe90505,
0xffe90505,
0xffe90505,
0xffe90505,
0xffe90505,
0xffe90505,
0xffda0908,
0xff7a6c29,
0xff619c13,
0xff65a112,
0xff89aa43,
0xffb38752,
0xffcb3322,
0xffe20a07,
0xffe60505,
0xffe90505,
0xffe00a08,
0xffae7245,
0xffa46537,
0xffde100b,
0xffe80505,
0xffe80505,
0xffe80505,
0xffe90505,
0xffe90505,
0xffe90505,
0xffe90505,
0xffe90505,
0xffe90505,
0xffe90505,
0xffe90505,
0xffe90505,
0xffe90505,
0xffe90505,
0xffe90505,
0xffce0a08,
0xff907f33,
0xff839808,
0xff809100,
0xff959a08,
0xffa79706,
0xffaa8000,
0xffb57b01,
0xffc18405,
0xffc48603,
0xffcb8201,
0xffd97e04,
0xffe17d04,
0xffec9618,
0xfff4ae2d,
0xffe78d10,
0xffe87001,
0xfff07107,
0xfff77808,
0xfff37202,
0xfff37601,
0xfff87a01,
0xfffa7901,
0xfffd7b03,
0xfffd7c04,
0xfffe7b07,
0xffff7b09,
0xffff7904,
0xfffe7800,
0xfff37b04,
0xfffdaf44,
0xffea4131,
0xffe60505,
0xffe90505,
0xffe90505,
0xffe90505,
0xffe90505,
0xffe80505,
0xffe90505,
0xffe80505,
0xffdf110d,
0xffc96333,
0xfffbc052,
0xfff49e4e,
0xffeb4a36,
0xffeb4734,
0xffe16642,
0xffd88542,
0xfff8aa49,
0xfffdb842,
0xfffea325,
0xfff89012,
0xfff28e07,
0xfffbac25,
0xffef9754,
0xffd70d0a,
0xffe80505,
0xffe90505,
0xffe90505,
0xffe90505,
0xffe90505,
0xffe90505,
0xffe90505,
0xffe90505,
0xffe90505,
0xffe90505,
0xffe90505,
0xffe90505,
0xffe90505,
0xffe90505,
0xffe90505,
0xffe90505,
0xffe90505,
0xffe90505,
0xffe90505,
0xffe90505,
0xffe90505,
0xffe90505,
0xffe90505,
0xffe90505,
0xffe90505,
0xffe90505,
0xffe90505,
0xffe90505,
0xffe90505,
0xffe90505,
0xffe90505,
0xffe90505,
0xffe90505,
0xffe90505,
0xffe90505,
0xffe90505,
0xffe90505,
0xffe90505,
0xffe90505,
0xffe90505,
0xffe90505,
0xffe90505,
0xffe90505,
0xffe90505,
0xffe90505,
0xffe90505,
0xffe90505,
0xffe90505,
0xffe90505,
0xffe90505,
0xffe90505,
0xffe90505,
0xffe90505,
0xffe90505,
0xffe90505,
0xffe90505,
0xffe90505,
0xffe90505,
0xffe90505,
0xffe90505,
0xffe90505,
0xffe90505,
0xffe90505,
0xffe90505,
0xffe90505,
0xffe90505,
0xffe90505,
0xffe90505,
0xffe90505,
0xffe90505,
0xffe90505,
0xffe90505,
0xffe90505,
0xffe90505,
0xffe90505,
0xffe90505,
0xffe90505,
0xffe90505,
0xffe90505,
0xffe90505,
0xffe90505,
0xffe90505,
0xffe90505,
0xffe90505,
0xffe90505,
0xffe90505,
0xffe90505,
0xffe90505,
0xffe90505,
0xffe90505,
0xffe90505,
0xffe90505,
0xffe90505,
0xffe90505,
0xffe90505,
0xffe90505,
0xffe90505,
0xffe90505,
0xffe90505,
0xffe90505,
0xffe90505,
0xffe90505,
0xffe90505,
0xffe90505,
0xffe90505,
0xffe90505,
0xffe90505,
0xffe90505,
0xffe90505,
0xffe90505,
0xffe90505,
0xffe90505,
0xffe90505,
0xffe90505,
0xffe90505,
0xffe90505,
0xffe90505,
0xffe90505,
0xffe90505,
0xffe90505,
0xffe90505,
0xffe90505,
0xffe90505,
0xffe90505,
0xffe90505,
0xffe90505,
0xffe90505,
0xffe90505,
0xffe90505,
0xffe90505,
0xffe90505,
0xffe90505,
0xffe90505,
0xffe90505,
0xffe90505,
0xffe90505,
0xffe90505,
0xffe90505,
0xffe90505,
0xffe90505,
0xffe90505,
0xffe90505,
0xffe90505,
0xffe90505,
0xffe90505,
0xffe90505,
0xffe90505,
0xffe90505,
0xffe90505,
0xffe90505,
0xffe90505,
0xffe90505,
0xffe90505,
0xffe90505,
0xffe90505,
0xffde0605,
0xff8c582f,
0xff68a430,
0xff55990d,
0xff509408,
0xff649e1d,
0xff85aa3b,
0xffb38949,
0xffc53020,
0xffe50c09,
0xffce4129,
0xff8eb03e,
0xff719d1a,
0xffbf9d4d,
0xffe0251c,
0xffe50606,
0xffe90505,
0xffe80505,
0xffe80505,
0xffe80505,
0xffe60505,
0xffe20505,
0xffe80505,
0xffe80505,
0xffe90505,
0xffe90505,
0xffe90505,
0xffe90505,
0xffe90505,
0xffdf0b09,
0xffb2743e,
0xff7c950a,
0xff789200,
0xff859401,
0xff9f9b04,
0xffab8901,
0xffac7600,
0xffb87d02,
0xffc18305,
0xffc88204,
0xffd67e05,
0xffda7e03,
0xffdc8202,
0xffec9e19,
0xfff5ab28,
0xfff48a13,
0xfff16d02,
0xfff46b01,
0xfff67100,
0xfff47200,
0xfff77402,
0xfff87605,
0xfff87605,
0xfffc7a0a,
0xfffe7a0d,
0xfffb750b,
0xfffe7609,
0xfffe7802,
0xfff97d05,
0xfff8993e,
0xffe11d16,
0xffe80505,
0xffe90505,
0xffe90505,
0xffe90505,
0xffe80505,
0xffe80505,
0xffe50606,
0xffe42a1e,
0xfff5a251,
0xfff59f17,
0xfff48e07,
0xfffe9a19,
0xfffea836,
0xfffea842,
0xfffc9f34,
0xfffda11e,
0xffff9d0a,
0xfffe9404,
0xffff920e,
0xfff68b14,
0xffed8e10,
0xfffab233,
0xfff16c4b,
0xffea0c0c,
0xffe90505,
0xffe90505,
0xffe90505,
0xffe90505,
0xffe90505,
0xffe90505,
0xffe90505,
0xffe90505,
0xffe90505,
0xffe90505,
0xffe90505,
0xffe90505,
0xffe90505,
0xffe90505,
0xffe90505,
0xffe90505,
0xffe90505,
0xffe90505,
0xffe90505,
0xffe90505,
0xffe90505,
0xffe90505,
0xffe90505,
0xffe90505,
0xffe90505,
0xffe90505,
0xffe90505,
0xffe90505,
0xffe90505,
0xffe90505,
0xffe90505,
0xffe90505,
0xffe90505,
0xffe90505,
0xffe90505,
0xffe90505,
0xffe90505,
0xffe90505,
0xffe90505,
0xffe90505,
0xffe90505,
0xffe90505,
0xffe90505,
0xffe90505,
0xffe90505,
0xffe90505,
0xffe90505,
0xffe90505,
0xffe90505,
0xffe90505,
0xffe90505,
0xffe90505,
0xffe90505,
0xffe90505,
0xffe90505,
0xffe90505,
0xffe90505,
0xffe90505,
0xffe90505,
0xffe90505,
0xffe90505,
0xffe90505,
0xffe90505,
0xffe90505,
0xffe90505,
0xffe90505,
0xffe90505,
0xffe90505,
0xffe90505,
0xffe90505,
0xffe90505,
0xffe90505,
0xffe90505,
0xffe90505,
0xffe90505,
0xffe90505,
0xffe90505,
0xffe90505,
0xffe90505,
0xffe90505,
0xffe90505,
0xffe90505,
0xffe90505,
0xffe90505,
0xffe90505,
0xffe90505,
0xffe90505,
0xffe90505,
0xffe90505,
0xffe90505,
0xffe90505,
0xffe90505,
0xffe90505,
0xffe90505,
0xffe90505,
0xffe90505,
0xffe90505,
0xffe90505,
0xffe90505,
0xffe90505,
0xffe90505,
0xffe90505,
0xffe90505,
0xffe90505,
0xffe90505,
0xffe90505,
0xffe90505,
0xffe90505,
0xffe90505,
0xffe90505,
0xffe90505,
0xffe90505,
0xffe90505,
0xffe90505,
0xffe90505,
0xffe90505,
0xffe90505,
0xffe90505,
0xffe90505,
0xffe90505,
0xffe90505,
0xffe90505,
0xffe90505,
0xffe90505,
0xffe90505,
0xffe90505,
0xffe90505,
0xffe90505,
0xffe90505,
0xffe90505,
0xffe90505,
0xffe90505,
0xffe90505,
0xffe90505,
0xffe90505,
0xffe90505,
0xffe90505,
0xffe90505,
0xffe90505,
0xffe90505,
0xffe90505,
0xffe90505,
0xffe90505,
0xffe90505,
0xffe90505,
0xffe90505,
0xffe90505,
0xffe90505,
0xffe90505,
0xffe90505,
0xffe90505,
0xffe90505,
0xffe90505,
0xffe90505,
0xffe90505,
0xffe40606,
0xffb64934,
0xff709e3a,
0xff56990d,
0xff569e0e,
0xff499208,
0xff4c910b,
0xff5e991e,
0xff86ad46,
0xffb49f56,
0xff87a440,
0xff5b9a11,
0xff5b9b0a,
0xff629c17,
0xff8fa543,
0xffc75539,
0xffe40f0f,
0xffe80505,
0xffe90505,
0xffe60505,
0xffbe1f16,
0xffa45436,
0xffd60c09,
0xffe80505,
0xffe80505,
0xffe90505,
0xffe90505,
0xffe90505,
0xffe90505,
0xffe40606,
0xffd16646,
0xff6c8b10,
0xff719400,
0xff789300,
0xff869703,
0xffa3990a,
0xffa68403,
0xffaa7700,
0xffbb8003,
0xffc18004,
0xffc97f06,
0xffd38205,
0xffd67f00,
0xffde8302,
0xffed920d,
0xfff68c10,
0xffec6c01,
0xffee6600,
0xfff56e00,
0xfff67000,
0xfff57002,
0xfff97305,
0xfff87405,
0xfffb7807,
0xfffa7707,
0xfff77305,
0xfffa7304,
0xfffe7603,
0xfffd860f,
0xffeb8336,
0xffd70b08,
0xffe80505,
0xffe90505,
0xffe90505,
0xffe70505,
0xffe80505,
0xffe20606,
0xffd03a20,
0xfff9a948,
0xfffb9816,
0xfff08901,
0xfffa8807,
0xffff8f0b,
0xfffc9208,
0xfffc930a,
0xfff98c0a,
0xfffe910d,
0xffff9512,
0xffff900f,
0xfffd890a,
0xfffc9213,
0xfff59c19,
0xfffbbe45,
0xffd63f2a,
0xffe50606,
0xffe90505,
0xffe90505,
0xffe90505,
0xffe90505,
0xffe90505,
0xffe90505,
0xffe90505,
0xffe90505,
0xffe90505,
0xffe90505,
0xffe90505,
0xffe90505,
0xffe90505,
0xffe90505,
0xffe90505,
0xffe90505,
0xffe90505,
0xffe90505,
0xffe90505,
0xffe90505,
0xffe90505,
0xffe90505,
0xffe90505,
0xffe90505,
0xffe90505,
0xffe90505,
0xffe90505,
0xffe90505,
0xffe90505,
0xffe90505,
0xffe90505,
0xffe90505,
0xffe90505,
0xffe90505,
0xffe90505,
0xffe90505,
0xffe90505,
0xffe90505,
0xffe90505,
0xffe90505,
0xffe90505,
0xffe90505,
0xffe90505,
0xffe90505,
0xffe90505,
0xffe90505,
0xffe90505,
0xffe90505,
0xffe90505,
0xffe90505,
0xffe90505,
0xffe90505,
0xffe90505,
0xffe90505,
0xffe90505,
0xffe90505,
0xffe90505,
0xffe90505,
0xffe90505,
0xffe90505,
0xffe90505,
0xffe90505,
0xffe90505,
0xffe90505,
0xffe90505,
0xffe90505,
0xffe90505,
0xffe90505,
0xffe90505,
0xffe90505,
0xffe90505,
0xffe90505,
0xffe90505,
0xffe90505,
0xffe90505,
0xffe90505,
0xffe90505,
0xffe90505,
0xffe90505,
0xffe90505,
0xffe90505,
0xffe90505,
0xffe90505,
0xffe90505,
0xffe90505,
0xffe90505,
0xffe90505,
0xffe90505,
0xffe90505,
0xffe90505,
0xffe90505,
0xffe90505,
0xffe90505,
0xffe90505,
0xffe90505,
0xffe90505,
0xffe90505,
0xffe90505,
0xffe90505,
0xffe90505,
0xffe90505,
0xffe90505,
0xffe90505,
0xffe90505,
0xffe90505,
0xffe90505,
0xffe90505,
0xffe90505,
0xffe90505,
0xffe90505,
0xffe90505,
0xffe90505,
0xffe90505,
0xffe90505,
0xffe90505,
0xffe90505,
0xffe90505,
0xffe90505,
0xffe90505,
0xffe90505,
0xffe90505,
0xffe90505,
0xffe90505,
0xffe90505,
0xffe90505,
0xffe90505,
0xffe90505,
0xffe90505,
0xffe90505,
0xffe90505,
0xffe90505,
0xffe90505,
0xffe90505,
0xffe90505,
0xffe90505,
0xffe90505,
0xffe90505,
0xffe90505,
0xffe90505,
0xffe90505,
0xffe90505,
0xffe90505,
0xffe90505,
0xffe90505,
0xffe90505,
0xffe90505,
0xffe90505,
0xffe90505,
0xffe90505,
0xffe90505,
0xffe90505,
0xffe90505,
0xffe90505,
0xffe90505,
0xffe90505,
0xffe60505,
0xffdb3d30,
0xff81a046,
0xff4f900b,
0xff57a217,
0xff4d9912,
0xff49930f,
0xff519616,
0xff4f9413,
0xff4e9610,
0xff509c12,
0xff59a014,
0xff5fa614,
0xff589b08,
0xff519106,
0xff86b03e,
0xffc39561,
0xffd11e18,
0xffe20606,
0xffe00f0c,
0xffaa8947,
0xff8bb247,
0xff9b6834,
0xffda0907,
0xffe90505,
0xffe70505,
0xffe90505,
0xffe90505,
0xffe90505,
0xffe50606,
0xffc94835,
0xff658719,
0xff699407,
0xff6f9300,
0xff769505,
0xff8e9d0a,
0xffa69a0e,
0xff9e7d01,
0xffa97601,
0xffbd7e08,
0xffc27e07,
0xffc97d02,
0xffd58202,
0xffdf8200,
0xffe27c01,
0xffe97801,
0xffe96e01,
0xffed6800,
0xfff26a01,
0xfff46d01,
0xfff76f02,
0xfff76f02,
0xfffa7304,
0xfff87403,
0xfff57201,
0xfff57301,
0xfffb7403,
0xfffa7303,
0xfffc871a,
0xffee763c,
0xffe10a07,
0xffe90505,
0xffe90505,
0xffe80505,
0xffe90505,
0xffe50e0a,
0xffe66b3b,
0xfff89531,
0xfffe8b0f,
0xfff68001,
0xfff78605,
0xfffd8a11,
0xfffc8d10,
0xfffc940d,
0xfff68d01,
0xfff88c04,
0xfffe9116,
0xfffe8d1c,
0xfffb8915,
0xfffe8b0d,
0xffff970f,
0xfffaa41a,
0xfff6bc4d,
0xffc42113,
0xffe50505,
0xffe90505,
0xffe90505,
0xffe90505,
0xffe90505,
0xffe90505,
0xffe90505,
0xffe90505,
0xffe90505,
0xffe90505,
0xffe90505,
0xffe90505,
0xffe90505,
0xffe90505,
0xffe90505,
0xffe90505,
0xffe90505,
0xffe90505,
0xffe90505,
0xffe90505,
0xffe90505,
0xffe90505,
0xffe90505,
0xffe90505,
0xffe90505,
0xffe90505,
0xffe90505,
0xffe90505,
0xffe90505,
0xffe90505,
0xffe90505,
0xffe90505,
0xffe90505,
0xffe90505,
0xffe90505,
0xffe90505,
0xffe90505,
0xffe90505,
0xffe90505,
0xffe90505,
0xffe90505,
0xffe90505,
0xffe90505,
0xffe90505,
0xffe90505,
0xffe90505,
0xffe90505,
0xffe90505,
0xffe90505,
0xffe90505,
0xffe90505,
0xffe90505,
0xffe90505,
0xffe90505,
0xffe90505,
0xffe90505,
0xffe90505,
0xffe90505,
0xffe90505,
0xffe90505,
0xffe90505,
0xffe90505,
0xffe90505,
0xffe90505,
0xffe90505,
0xffe90505,
0xffe90505,
0xffe90505,
0xffe90505,
0xffe90505,
0xffe90505,
0xffe90505,
0xffe90505,
0xffe90505,
0xffe90505,
0xffe90505,
0xffe90505,
0xffe90505,
0xffe90505,
0xffe90505,
0xffe90505,
0xffe90505,
0xffe90505,
0xffe90505,
0xffe90505,
0xffe90505,
0xffe90505,
0xffe90505,
0xffe90505,
0xffe90505,
0xffe90505,
0xffe90505,
0xffe90505,
0xffe90505,
0xffe90505,
0xffe90505,
0xffe90505,
0xffe90505,
0xffe90505,
0xffe90505,
0xffe90505,
0xffe90505,
0xffe90505,
0xffe90505,
0xffe90505,
0xffe90505,
0xffe90505,
0xffe90505,
0xffe90505,
0xffe90505,
0xffe90505,
0xffe90505,
0xffe90505,
0xffe90505,
0xffe90505,
0xffe90505,
0xffe90505,
0xffe90505,
0xffe90505,
0xffe90505,
0xffe90505,
0xffe90505,
0xffe90505,
0xffe90505,
0xffe90505,
0xffe90505,
0xffe90505,
0xffe90505,
0xffe90505,
0xffe90505,
0xffe90505,
0xffe90505,
0xffe90505,
0xffe90505,
0xffe90505,
0xffe90505,
0xffe90505,
0xffe90505,
0xffe90505,
0xffe90505,
0xffe90505,
0xffe90505,
0xffe90505,
0xffe90505,
0xffe90505,
0xffe90505,
0xffe90505,
0xffe90505,
0xffe90505,
0xffe90505,
0xffe90505,
0xffe90505,
0xffe90505,
0xffe90505,
0xffe90505,
0xffe90505,
0xffe70505,
0xffd81f18,
0xff788b3e,
0xff4d8b11,
0xff529914,
0xff57a11b,
0xff48910e,
0xff498b12,
0xff529518,
0xff4f9910,
0xff4f9b0f,
0xff549c11,
0xff5aa214,
0xff60a610,
0xff5a9a08,
0xff4a8905,
0xff60961d,
0xff82993f,
0xffba6f42,
0xffaf8142,
0xff6a971d,
0xff4f8a0e,
0xff73a736,
0xff9e6733,
0xffdd0907,
0xffe90505,
0xffe70505,
0xffe90505,
0xffe90505,
0xffe50505,
0xffa81a0e,
0xff668a23,
0xff679410,
0xff6d9307,
0xff6f9204,
0xff7c9604,
0xffa3ad17,
0xffab9f16,
0xff966e02,
0xffaf7103,
0xffc27908,
0xffc67603,
0xffd07d03,
0xffd88000,
0xffe07f04,
0xffe87a05,
0xffe66900,
0xffec6600,
0xfff16902,
0xfff46b02,
0xfff66c02,
0xfff76d01,
0xfff87002,
0xfff57001,
0xfff36f00,
0xfff87303,
0xfffd7505,
0xfff97002,
0xfff48423,
0xffec643f,
0xffe30606,
0xffe90505,
0xffe80505,
0xffe80505,
0xffe6130f,
0xfff28544,
0xfffe9d27,
0xfffc8312,
0xfff98113,
0xfff57d07,
0xfffc8203,
0xffff890c,
0xfffd8f12,
0xfffd9416,
0xfff18404,
0xfffa8905,
0xfffd9010,
0xfff6860c,
0xfff88c10,
0xffff9713,
0xfffc960e,
0xfff89f1b,
0xfff6a84e,
0xffdd160f,
0xffe80505,
0xffe90505,
0xffe90505,
0xffe90505,
0xffe90505,
0xffe90505,
0xffe90505,
0xffe90505,
0xffe90505,
0xffe90505,
0xffe90505,
0xffe90505,
0xffe90505,
0xffe90505,
0xffe90505,
0xffe90505,
0xffe90505,
0xffe90505,
0xffe90505,
0xffe90505,
0xffe90505,
0xffe90505,
0xffe90505,
0xffe90505,
0xffe90505,
0xffe90505,
0xffe90505,
0xffe90505,
0xffe90505,
0xffe90505,
0xffe90505,
0xffe90505,
0xffe90505,
0xffe90505,
0xffe90505,
0xffe90505,
0xffe90505,
0xffe90505,
0xffe90505,
0xffe90505,
0xffe90505,
0xffe90505,
0xffe90505,
0xffe90505,
0xffe90505,
0xffe90505,
0xffe90505,
0xffe90505,
0xffe90505,
0xffe90505,
0xffe90505,
0xffe90505,
0xffe90505,
0xffe90505,
0xffe90505,
0xffe90505,
0xffe90505,
0xffe90505,
0xffe90505,
0xffe90505,
0xffe90505,
0xffe90505,
0xffe90505,
0xffe90505,
0xffe90505,
0xffe90505,
0xffe90505,
0xffe90505,
0xffe90505,
0xffe90505,
0xffe90505,
0xffe90505,
0xffe90505,
0xffe90505,
0xffe90505,
0xffe90505,
0xffe90505,
0xffe90505,
0xffe90505,
0xffe90505,
0xffe90505,
0xffe90505,
0xffe90505,
0xffe90505,
0xffe90505,
0xffe90505,
0xffe90505,
0xffe90505,
0xffe90505,
0xffe90505,
0xffe90505,
0xffe90505,
0xffe90505,
0xffe90505,
0xffe90505,
0xffe90505,
0xffe90505,
0xffe90505,
0xffe90505,
0xffe90505,
0xffe90505,
0xffe90505,
0xffe90505,
0xffe90505,
0xffe90505,
0xffe90505,
0xffe90505,
0xffe90505,
0xffe90505,
0xffe90505,
0xffe90505,
0xffe90505,
0xffe90505,
0xffe90505,
0xffe90505,
0xffe90505,
0xffe90505,
0xffe90505,
0xffe90505,
0xffe90505,
0xffe90505,
0xffe90505,
0xffe90505,
0xffe90505,
0xffe90505,
0xffe90505,
0xffe90505,
0xffe90505,
0xffe90505,
0xffe90505,
0xffe90505,
0xffe90505,
0xffe90505,
0xffe90505,
0xffe90505,
0xffe90505,
0xffe90505,
0xffe90505,
0xffe90505,
0xffe90505,
0xffe90505,
0xffe90505,
0xffe90505,
0xffe90505,
0xffe90505,
0xffe90505,
0xffe90505,
0xffe90505,
0xffe90505,
0xffe90505,
0xffe90505,
0xffe90505,
0xffe90505,
0xffe90505,
0xffe90505,
0xffe90505,
0xffe90505,
0xffcf0a08,
0xff717335,
0xff578f20,
0xff4f9415,
0xff569e1d,
0xff559b1d,
0xff448410,
0xff4b8a19,
0xff4e9317,
0xff509613,
0xff539915,
0xff559a18,
0xff599e16,
0xff5da313,
0xff54980b,
0xff4b8e03,
0xff569810,
0xff639b26,
0xff5c961c,
0xff54960a,
0xff51960f,
0xff498f0f,
0xff79a932,
0xffb35d37,
0xffe20606,
0xffe90505,
0xffe80505,
0xffe90505,
0xffe70505,
0xffbb150e,
0xff718c37,
0xff5b8f15,
0xff669409,
0xff6d9506,
0xff709501,
0xff7f9d07,
0xffbac031,
0xffb19b20,
0xff955f02,
0xffb56d07,
0xffc27408,
0xffca7804,
0xffd57e06,
0xffd97a04,
0xffe27607,
0xffe56801,
0xffea6300,
0xffef6602,
0xfff36903,
0xfff76a03,
0xfff86c03,
0xfff56c02,
0xfff36c00,
0xfff66f01,
0xfff87203,
0xfffc7102,
0xfff86d02,
0xffee8428,
0xffeb5b3f,
0xffe50606,
0xffe90505,
0xffe70505,
0xffe11a14,
0xfff4854a,
0xfff78518,
0xfff37601,
0xfffb7e07,
0xfff97b0d,
0xfffa7a07,
0xfffe7f03,
0xffff8806,
0xffff8f10,
0xfffc8a11,
0xfff78207,
0xfffc8606,
0xfff48302,
0xfff58b06,
0xfffc970d,
0xfffc970a,
0xfff9950c,
0xfff89a1d,
0xfff89c4f,
0xffe90e0b,
0xffe90505,
0xffe90505,
0xffe90505,
0xffe90505,
0xffe90505,
0xffe90505,
0xffe90505,
0xffe90505,
0xffe90505,
0xffe90505,
0xffe90505,
0xffe90505,
0xffe90505,
0xffe90505,
0xffe90505,
0xffe90505,
0xffe90505,
0xffe90505,
0xffe90505,
0xffe90505,
0xffe90505,
0xffe90505,
0xffe90505,
0xffe90505,
0xffe90505,
0xffe90505,
0xffe90505,
0xffe90505,
0xffe90505,
0xffe90505,
0xffe90505,
0xffe90505,
0xffe90505,
0xffe90505,
0xffe90505,
0xffe90505,
0xffe90505,
0xffe90505,
0xffe90505,
0xffe90505,
0xffe90505,
0xffe90505,
0xffe90505,
0xffe90505,
0xffe90505,
0xffe90505,
0xffe90505,
0xffe90505,
0xffe90505,
0xffe90505,
0xffe90505,
0xffe90505,
0xffe90505,
0xffe90505,
0xffe90505,
0xffe90505,
0xffe90505,
0xffe90505,
0xffe90505,
0xffe90505,
0xffe90505,
0xffe90505,
0xffe90505,
0xffe90505,
0xffe90505,
0xffe90505,
0xffe90505,
0xffe90505,
0xffe90505,
0xffe90505,
0xffe90505,
0xffe90505,
0xffe90505,
0xffe90505,
0xffe90505,
0xffe90505,
0xffe90505,
0xffe90505,
0xffe90505,
0xffe90505,
0xffe90505,
0xffe90505,
0xffe90505,
0xffe90505,
0xffe90505,
0xffe90505,
0xffe90505,
0xffe90505,
0xffe90505,
0xffe90505,
0xffe90505,
0xffe90505,
0xffe90505,
0xffe90505,
0xffe90505,
0xffe90505,
0xffe90505,
0xffe90505,
0xffe90505,
0xffe90505,
0xffe90505,
0xffe90505,
0xffe90505,
0xffe90505,
0xffe90505,
0xffe90505,
0xffe90505,
0xffe90505,
0xffe90505,
0xffe90505,
0xffe90505,
0xffe90505,
0xffe90505,
0xffe90505,
0xffe90505,
0xffe90505,
0xffe90505,
0xffe90505,
0xffe90505,
0xffe90505,
0xffe90505,
0xffe90505,
0xffe90505,
0xffe90505,
0xffe90505,
0xffe90505,
0xffe90505,
0xffe90505,
0xffe90505,
0xffe90505,
0xffe90505,
0xffe90505,
0xffe90505,
0xffe90505,
0xffe90505,
0xffe90505,
0xffe90505,
0xffe90505,
0xffe90505,
0xffe90505,
0xffe90505,
0xffe90505,
0xffe90505,
0xffe90505,
0xffe90505,
0xffe90505,
0xffe90505,
0xffe90505,
0xffe90505,
0xffe90505,
0xffe90505,
0xffe90505,
0xffe90505,
0xffe90505,
0xffe90505,
0xffe90505,
0xffe90505,
0xffde0a08,
0xff9b6f41,
0xff578d24,
0xff4d9116,
0xff4b9214,
0xff5a9e21,
0xff53931d,
0xff418112,
0xff498a1a,
0xff4c9116,
0xff519618,
0xff539720,
0xff51971c,
0xff569e17,
0xff549f12,
0xff4b9407,
0xff4d950d,
0xff4c9511,
0xff4f9910,
0xff549f10,
0xff529f11,
0xff489208,
0xff4b8c08,
0xff8cad4b,
0xffce4834,
0xffe60606,
0xffe90505,
0xffe80505,
0xffe80505,
0xffd1130f,
0xff838847,
0xff508c18,
0xff5a940a,
0xff669a08,
0xff6e9d05,
0xff6c9301,
0xff91a518,
0xffd9da5b,
0xffb29527,
0xff945b01,
0xffb46d07,
0xffc37304,
0xffce7506,
0xffd67609,
0xffde730b,
0xffe46704,
0xffea6100,
0xffee6403,
0xfff26402,
0xfff46502,
0xfff46501,
0xfff36700,
0xfff56a00,
0xfff86f03,
0xfff97004,
0xfffa6d00,
0xfff76902,
0xffee8126,
0xffec543b,
0xffe50605,
0xffe50505,
0xffd62116,
0xfff48a44,
0xfffb7c16,
0xfff16901,
0xfff87807,
0xfff77c04,
0xfff57501,
0xfffe7a03,
0xffff7d03,
0xffff8605,
0xffff8d0f,
0xfffe8812,
0xfffb7d08,
0xfff87b01,
0xfff98602,
0xfffb9408,
0xfffd9b0a,
0xfff99404,
0xfff9940b,
0xfff8971d,
0xfff8a54d,
0xffe01e15,
0xffe50505,
0xffe90505,
0xffe70505,
0xffe90505,
0xffe90505,
0xffe90505,
0xffe90505,
0xffe90505,
0xffe90505,
0xffe90505,
0xffe90505,
0xffe90505,
0xffe90505,
0xffe90505,
0xffe90505,
0xffe90505,
0xffe90505,
0xffe90505,
0xffe90505,
0xffe90505,
0xffe90505,
0xffe90505,
0xffe90505,
0xffe90505,
0xffe90505,
0xffe90505,
0xffe90505,
0xffe90505,
0xffe90505,
0xffe90505,
0xffe90505,
0xffe90505,
0xffe90505,
0xffe90505,
0xffe90505,
0xffe90505,
0xffe90505,
0xffe90505,
0xffe90505,
0xffe90505,
0xffe90505,
0xffe90505,
0xffe90505,
0xffe90505,
0xffe90505,
0xffe90505,
0xffe90505,
0xffe90505,
0xffe90505,
0xffe90505,
0xffe90505,
0xffe90505,
0xffe90505,
0xffe90505,
0xffe90505,
0xffe90505,
0xffe90505,
0xffe90505,
0xffe90505,
0xffe90505,
0xffe90505,
0xffe90505,
0xffe90505,
0xffe90505,
0xffe90505,
0xffe90505,
0xffe90505,
0xffe90505,
0xffe90505,
0xffe90505,
0xffe90505,
0xffe90505,
0xffe90505,
0xffe90505,
0xffe90505,
0xffe90505,
0xffe90505,
0xffe90505,
0xffe90505,
0xffe90505,
0xffe90505,
0xffe90505,
0xffe90505,
0xffe90505,
0xffe90505,
0xffe90505,
0xffe90505,
0xffe90505,
0xffe90505,
0xffe90505,
0xffe90505,
0xffe90505,
0xffe90505,
0xffe90505,
0xffe90505,
0xffe90505,
0xffe90505,
0xffe90505,
0xffe90505,
0xffe90505,
0xffe90505,
0xffe90505,
0xffe90505,
0xffe90505,
0xffe90505,
0xffe90505,
0xffe90505,
0xffe90505,
0xffe90505,
0xffe90505,
0xffe90505,
0xffe90505,
0xffe90505,
0xffe90505,
0xffe90505,
0xffe90505,
0xffe90505,
0xffe90505,
0xffe90505,
0xffe90505,
0xffe90505,
0xffe90505,
0xffe90505,
0xffe90505,
0xffe90505,
0xffe90505,
0xffe90505,
0xffe90505,
0xffe90505,
0xffe90505,
0xffe90505,
0xffe90505,
0xffe90505,
0xffe90505,
0xffe90505,
0xffe90505,
0xffe90505,
0xffe90505,
0xffe90505,
0xffe90505,
0xffe90505,
0xffe90505,
0xffe90505,
0xffe90505,
0xffe90505,
0xffe90505,
0xffe90505,
0xffe90505,
0xffe90505,
0xffe90505,
0xffe90505,
0xffe90505,
0xffe90505,
0xffe90505,
0xffe90505,
0xffe90505,
0xffe90505,
0xffe40606,
0xffbf613f,
0xff568a23,
0xff478a12,
0xff4a9115,
0xff4d9216,
0xff5b9c20,
0xff4e8e16,
0xff3f8114,
0xff498e19,
0xff4b8f15,
0xff4f941f,
0xff509521,
0xff529a1e,
0xff54a017,
0xff4b9612,
0xff478f18,
0xff499419,
0xff4c9917,
0xff509d18,
0xff549f15,
0xff4f980d,
0xff448905,
0xff4a8a12,
0xffa0b661,
0xffd72b1e,
0xffe80505,
0xffe80505,
0xffe90505,
0xffdc0e0c,
0xff928449,
0xff438714,
0xff539a0e,
0xff5a9906,
0xff679d07,
0xff739b06,
0xff6f8a03,
0xffb2bd3e,
0xfff5ef7b,
0xffb19326,
0xff955e02,
0xffb66a04,
0xffc86c03,
0xffd37007,
0xffda6e0c,
0xffe16304,
0xffe85f01,
0xffed6103,
0xfff06101,
0xfff16100,
0xfff06000,
0xfff46501,
0xfff86b02,
0xfff96d03,
0xfffa6e05,
0xfffc6d02,
0xfff76701,
0xffef7618,
0xffec5c37,
0xffe10606,
0xffc72111,
0xfff18530,
0xfffe6f0f,
0xfffa6105,
0xfff86e09,
0xfff4760b,
0xfff17605,
0xfff17800,
0xfffc7b01,
0xffff7e03,
0xffff8503,
0xffff8f12,
0xfffe8717,
0xfff67005,
0xfff97a02,
0xfffd8b06,
0xfffb9308,
0xfffb980a,
0xfffd980b,
0xfffe940e,
0xfff89214,
0xfff39d2f,
0xfff0a150,
0xffe34e35,
0xffe50707,
0xffe90505,
0xffe90505,
0xffe90505,
0xffe90505,
0xffe90505,
0xffe90505,
0xffe90505,
0xffe90505,
0xffe90505,
0xffe90505,
0xffe90505,
0xffe90505,
0xffe90505,
0xffe90505,
0xffe90505,
0xffe90505,
0xffe90505,
0xffe90505,
0xffe90505,
0xffe90505,
0xffe90505,
0xffe90505,
0xffe90505,
0xffe90505,
0xffe90505,
0xffe90505,
0xffe90505,
0xffe90505,
0xffe90505,
0xffe90505,
0xffe90505,
0xffe90505,
0xffe90505,
0xffe90505,
0xffe90505,
0xffe90505,
0xffe90505,
0xffe90505,
0xffe90505,
0xffe90505,
0xffe90505,
0xffe90505,
0xffe90505,
0xffe90505,
0xffe90505,
0xffe90505,
0xffe90505,
0xffe90505,
0xffe90505,
0xffe90505,
0xffe90505,
0xffe90505,
0xffe90505,
0xffe90505,
0xffe90505,
0xffe90505,
0xffe90505,
0xffe90505,
0xffe90505,
0xffe90505,
0xffe90505,
0xffe90505,
0xffe90505,
0xffe90505,
0xffe90505,
0xffe90505,
0xffe90505,
0xffe90505,
0xffe90505,
0xffe90505,
0xffe90505,
0xffe90505,
0xffe90505,
0xffe90505,
0xffe90505,
0xffe90505,
0xffe90505,
0xffe90505,
0xffe90505,
0xffe90505,
0xffe90505,
0xffe90505,
0xffe90505,
0xffe90505,
0xffe90505,
0xffe90505,
0xffe90505,
0xffe90505,
0xffe90505,
0xffe90505,
0xffe90505,
0xffe90505,
0xffe90505,
0xffe90505,
0xffe90505,
0xffe90505,
0xffe90505,
0xffe90505,
0xffe90505,
0xffe90505,
0xffe90505,
0xffe90505,
0xffe90505,
0xffe90505,
0xffe90505,
0xffe90505,
0xffe90505,
0xffe90505,
0xffe90505,
0xffe90505,
0xffe90505,
0xffe90505,
0xffe90505,
0xffe90505,
0xffe90505,
0xffe90505,
0xffe90505,
0xffe90505,
0xffe90505,
0xffe90505,
0xffe90505,
0xffe90505,
0xffe90505,
0xffe90505,
0xffe90505,
0xffe90505,
0xffe90505,
0xffe90505,
0xffe90505,
0xffe90505,
0xffe90505,
0xffe90505,
0xffe90505,
0xffe90505,
0xffe90505,
0xffe90505,
0xffe90505,
0xffe90505,
0xffe90505,
0xffe90505,
0xffe90505,
0xffe90505,
0xffe90505,
0xffe90505,
0xffe90505,
0xffe90505,
0xffe90505,
0xffe90505,
0xffe90505,
0xffe90505,
0xffe90505,
0xffe90505,
0xffe90505,
0xffe80505,
0xffe90505,
0xffdb0908,
0xff9b743e,
0xff508c20,
0xff478c16,
0xff4c9219,
0xff4b9116,
0xff519712,
0xff599f18,
0xff42890e,
0xff3e850e,
0xff488f15,
0xff4e9419,
0xff4e941c,
0xff4f961d,
0xff549f17,
0xff4e9916,
0xff458c1b,
0xff468e1f,
0xff49941d,
0xff529b1c,
0xff5a9e19,
0xff589b16,
0xff478f0d,
0xff3f880e,
0xff539825,
0xff88863e,
0xffd7110b,
0xffe90505,
0xffe90505,
0xffd6120e,
0xff848c45,
0xff3e8311,
0xff519b15,
0xff559b0a,
0xff5e9401,
0xff719a05,
0xff779507,
0xff7a8f0b,
0xffc5d358,
0xfff9f586,
0xffb89b2c,
0xff995c02,
0xffbe6901,
0xffce6903,
0xffd46403,
0xffdf5f05,
0xffe25901,
0xffe85c01,
0xffeb5c01,
0xffec5c00,
0xfff16000,
0xfff76604,
0xfff96a04,
0xfff86a03,
0xfffb6d05,
0xfffb6c04,
0xfff66600,
0xffea6707,
0xffee7328,
0xffed703a,
0xffed862d,
0xfff27006,
0xfffa5f02,
0xfffe620b,
0xfffb6d0a,
0xfff4740a,
0xffed7404,
0xffec7600,
0xfff57a03,
0xfffe8109,
0xffff8808,
0xfffe890f,
0xfff3770c,
0xfff47307,
0xfffe7f08,
0xfffc8606,
0xfffd910e,
0xfffe9711,
0xfffe9610,
0xffff940f,
0xfffd900f,
0xffec9014,
0xfffac74c,
0xffe8a662,
0xffdc0c09,
0xffe90505,
0xffe90505,
0xffe90505,
0xffe90505,
0xffe90505,
0xffe90505,
0xffe90505,
0xffe90505,
0xffe90505,
0xffe90505,
0xffe90505,
0xffe90505,
0xffe90505,
0xffe90505,
0xffe90505,
0xffe90505,
0xffe90505,
0xffe90505,
0xffe90505,
0xffe90505,
0xffe90505,
0xffe90505,
0xffe90505,
0xffe90505,
0xffe90505,
0xffe90505,
0xffe90505,
0xffe90505,
0xffe90505,
0xffe90505,
0xffe90505,
0xffe90505,
0xffe90505,
0xffe90505,
0xffe90505,
0xffe90505,
0xffe90505,
0xffe90505,
0xffe90505,
0xffe90505,
0xffe90505,
0xffe90505,
0xffe90505,
0xffe90505,
0xffe90505,
0xffe90505,
0xffe90505,
0xffe90505,
0xffe90505,
0xffe90505,
0xffe90505,
0xffe90505,
0xffe90505,
0xffe90505,
0xffe90505,
0xffe90505,
0xffe90505,
0xffe90505,
0xffe90505,
0xffe90505,
0xffe90505,
0xffe90505,
0xffe90505,
0xffe90505,
0xffe90505,
0xffe90505,
0xffe90505,
0xffe90505,
0xffe90505,
0xffe90505,
0xffe90505,
0xffe90505,
0xffe90505,
0xffe90505,
0xffe90505,
0xffe90505,
0xffe90505,
0xffe90505,
0xffe90505,
0xffe90505,
0xffe90505,
0xffe90505,
0xffe90505,
0xffe90505,
0xffe90505,
0xffe90505,
0xffe90505,
0xffe90505,
0xffe90505,
0xffe90505,
0xffe90505,
0xffe90505,
0xffe90505,
0xffe90505,
0xffe90505,
0xffe90505,
0xffe90505,
0xffe90505,
0xffe90505,
0xffe90505,
0xffe90505,
0xffe90505,
0xffe90505,
0xffe90505,
0xffe90505,
0xffe90505,
0xffe90505,
0xffe90505,
0xffe90505,
0xffe90505,
0xffe90505,
0xffe90505,
0xffe90505,
0xffe90505,
0xffe90505,
0xffe90505,
0xffe90505,
0xffe90505,
0xffe90505,
0xffe90505,
0xffe90505,
0xffe90505,
0xffe90505,
0xffe90505,
0xffe90505,
0xffe90505,
0xffe90505,
0xffe90505,
0xffe90505,
0xffe90505,
0xffe90505,
0xffe90505,
0xffe90505,
0xffe90505,
0xffe90505,
0xffe90505,
0xffe90505,
0xffe90505,
0xffe90505,
0xffe90505,
0xffe90505,
0xffe90505,
0xffe90505,
0xffe90505,
0xffe90505,
0xffe90505,
0xffe90505,
0xffe90505,
0xffe90505,
0xffe90505,
0xffe90505,
0xffe70505,
0xffe90505,
0xffe80505,
0xffe2110f,
0xff9a5530,
0xff497921,
0xff47891d,
0xff478e1b,
0xff49911a,
0xff4a9114,
0xff4a9308,
0xff57a10c,
0xff539e0f,
0xff3e8607,
0xff41880e,
0xff4b9314,
0xff4c9419,
0xff4c9417,
0xff539d12,
0xff519a11,
0xff498e15,
0xff478b21,
0xff4a8f20,
0xff519718,
0xff599a19,
0xff5ea01e,
0xff4d9516,
0xff408816,
0xff3d8616,
0xff579f25,
0xffaa773e,
0xffde0c08,
0xffe50606,
0xffc74135,
0xff53862d,
0xff3d8010,
0xff4d9013,
0xff5d9f15,
0xff5b9504,
0xff689703,
0xff769b0d,
0xff75950a,
0xff77920f,
0xffcadb60,
0xfff5f073,
0xffba9720,
0xffa56102,
0xffbd6000,
0xffd26101,
0xffda5b03,
0xffdf5701,
0xffe15600,
0xffe15100,
0xffea5801,
0xfff66304,
0xfff96605,
0xfff86704,
0xfff96904,
0xfffb6c06,
0xfff76702,
0xfff56500,
0xfff26303,
0xfff16706,
0xfff36d0a,
0xffef6c04,
0xfff16700,
0xfff96607,
0xfffd6609,
0xffff6f0c,
0xfff97106,
0xffed6f01,
0xfff07800,
0xfff47b05,
0xfffb7f0c,
0xfffe880d,
0xfff07606,
0xffed7008,
0xfff97a09,
0xffff7c03,
0xfffd8004,
0xfffa890d,
0xfffb8d11,
0xfffe8d10,
0xfffe8a07,
0xfffd8e04,
0xfff3950e,
0xfffcc152,
0xffe6563a,
0xffe50606,
0xffe90505,
0xffe90505,
0xffe90505,
0xffe90505,
0xffe90505,
0xffe90505,
0xffe90505,
0xffe90505,
0xffe90505,
0xffe90505,
0xffe90505,
0xffe90505,
0xffe90505,
0xffe90505,
0xffe90505,
0xffe90505,
0xffe90505,
0xffe90505,
0xffe90505,
0xffe90505,
0xffe90505,
0xffe90505,
0xffe90505,
0xffe90505,
0xffe90505,
0xffe90505,
0xffe90505,
0xffe90505,
0xffe90505,
0xffe90505,
0xffe90505,
0xffe90505,
0xffe90505,
0xffe90505,
0xffe90505,
0xffe90505,
0xffe90505,
0xffe90505,
0xffe90505,
0xffe90505,
0xffe90505,
0xffe90505,
0xffe90505,
0xffe90505,
0xffe90505,
0xffe90505,
0xffe90505,
0xffe90505,
0xffe90505,
0xffe90505,
0xffe90505,
0xffe90505,
0xffe90505,
0xffe90505,
0xffe90505,
0xffe90505,
0xffe90505,
0xffe90505,
0xffe90505,
0xffe90505,
0xffe90505,
0xffe90505,
0xffe90505,
0xffe90505,
0xffe90505,
0xffe90505,
0xffe90505,
0xffe90505,
0xffe90505,
0xffe90505,
0xffe90505,
0xffe90505,
0xffe90505,
0xffe90505,
0xffe90505,
0xffe90505,
0xffe90505,
0xffe90505,
0xffe90505,
0xffe90505,
0xffe90505,
0xffe90505,
0xffe90505,
0xffe90505,
0xffe90505,
0xffe90505,
0xffe90505,
0xffe90505,
0xffe90505,
0xffe90505,
0xffe90505,
0xffe90505,
0xffe90505,
0xffe90505,
0xffe90505,
0xffe90505,
0xffe90505,
0xffe90505,
0xffe90505,
0xffe90505,
0xffe90505,
0xffe90505,
0xffe90505,
0xffe90505,
0xffe90505,
0xffe90505,
0xffe90505,
0xffe90505,
0xffe90505,
0xffe90505,
0xffe90505,
0xffe90505,
0xffe90505,
0xffe90505,
0xffe90505,
0xffe90505,
0xffe90505,
0xffe90505,
0xffe90505,
0xffe90505,
0xffe90505,
0xffe90505,
0xffe90505,
0xffe90505,
0xffe90505,
0xffe90505,
0xffe90505,
0xffe90505,
0xffe90505,
0xffe90505,
0xffe90505,
0xffe90505,
0xffe90505,
0xffe90505,
0xffe90505,
0xffe90505,
0xffe90505,
0xffe90505,
0xffe90505,
0xffe90505,
0xffe90505,
0xffe90505,
0xffe90505,
0xffe90505,
0xffe90505,
0xffe90505,
0xffe90505,
0xffe90505,
0xffe90505,
0xffe90505,
0xffe90505,
0xffe80505,
0xffe40505,
0xffc92418,
0xffad9050,
0xff689c31,
0xff448418,
0xff468920,
0xff458d1e,
0xff47911b,
0xff499415,
0xff4b9609,
0xff4e9a04,
0xff59a510,
0xff519b14,
0xff3b8109,
0xff428618,
0xff4d9220,
0xff4e9517,
0xff51980e,
0xff539b0f,
0xff4a8f0d,
0xff458718,
0xff4c8e22,
0xff4f9319,
0xff519515,
0xff5ba120,
0xff539820,
0xff43871d,
0xff44891f,
0xff3a880b,
0xff5c9c2d,
0xffa76b3c,
0xffcb4935,
0xff80844f,
0xff397a1d,
0xff468015,
0xff4d860e,
0xff5f9b16,
0xff5c980b,
0xff5d9301,
0xff6d9c06,
0xff779d12,
0xff759610,
0xff79940c,
0xffb3c239,
0xffded550,
0xffbf961d,
0xffad5f02,
0xffc65c01,
0xffda5d04,
0xffd75101,
0xffd94e00,
0xffe35501,
0xfff36206,
0xfff76305,
0xfff76203,
0xfffa6706,
0xfff96907,
0xfff96905,
0xfff66501,
0xfff56400,
0xfff86200,
0xfffc6300,
0xfff96401,
0xfff56200,
0xfff66500,
0xfff26b07,
0xfff4700b,
0xfffc7307,
0xfffc6a02,
0xfff66900,
0xfff07500,
0xfff57b08,
0xfffe8313,
0xfff47a09,
0xffe86d01,
0xfff57707,
0xfff37001,
0xfff77300,
0xfff97b01,
0xfff27c06,
0xfff5830f,
0xfffa860b,
0xfffe8a08,
0xfffb8c01,
0xfffba31e,
0xfff5a462,
0xffe21310,
0xffe80505,
0xffe80505,
0xffe90505,
0xffe90505,
0xffe90505,
0xffe90505,
0xffe90505,
0xffe90505,
0xffe90505,
0xffe90505,
0xffe90505,
0xffe90505,
0xffe90505,
0xffe90505,
0xffe90505,
0xffe90505,
0xffe90505,
0xffe90505,
0xffe90505,
0xffe90505,
0xffe90505,
0xffe90505,
0xffe90505,
0xffe90505,
0xffe90505,
0xffe90505,
0xffe90505,
0xffe90505,
0xffe90505,
0xffe90505,
0xffe90505,
0xffe90505,
0xffe90505,
0xffe90505,
0xffe90505,
0xffe90505,
0xffe90505,
0xffe90505,
0xffe90505,
0xffe90505,
0xffe90505,
0xffe90505,
0xffe90505,
0xffe90505,
0xffe90505,
0xffe90505,
0xffe90505,
0xffe90505,
0xffe90505,
0xffe90505,
0xffe90505,
0xffe90505,
0xffe90505,
0xffe90505,
0xffe90505,
0xffe90505,
0xffe90505,
0xffe90505,
0xffe90505,
0xffe90505,
0xffe90505,
0xffe90505,
0xffe90505,
0xffe90505,
0xffe90505,
0xffe90505,
0xffe90505,
0xffe90505,
0xffe90505,
0xffe90505,
0xffe90505,
0xffe90505,
0xffe90505,
0xffe90505,
0xffe90505,
0xffe90505,
0xffe90505,
0xffe90505,
0xffe90505,
0xffe90505,
0xffe90505,
0xffe90505,
0xffe90505,
0xffe90505,
0xffe90505,
0xffe90505,
0xffe90505,
0xffe90505,
0xffe90505,
0xffe90505,
0xffe90505,
0xffe90505,
0xffe90505,
0xffe90505,
0xffe90505,
0xffe90505,
0xffe90505,
0xffe90505,
0xffe90505,
0xffe90505,
0xffe90505,
0xffe90505,
0xffe90505,
0xffe90505,
0xffe90505,
0xffe90505,
0xffe90505,
0xffe90505,
0xffe90505,
0xffe90505,
0xffe90505,
0xffe90505,
0xffe90505,
0xffe90505,
0xffe90505,
0xffe90505,
0xffe90505,
0xffe90505,
0xffe90505,
0xffe90505,
0xffe90505,
0xffe90505,
0xffe90505,
0xffe90505,
0xffe90505,
0xffe90505,
0xffe90505,
0xffe90505,
0xffe90505,
0xffe90505,
0xffe90505,
0xffe90505,
0xffe90505,
0xffe90505,
0xffe90505,
0xffe90505,
0xffe90505,
0xffe90505,
0xffe90505,
0xffe90505,
0xffe90505,
0xffe90505,
0xffe90505,
0xffe90505,
0xffe90505,
0xffe90505,
0xffe90505,
0xffe90505,
0xffe90505,
0xffe90505,
0xffe90505,
0xffe90505,
0xffe70505,
0xffc0110f,
0xff8b9352,
0xff629323,
0xff438005,
0xff478713,
0xff468b20,
0xff448c1b,
0xff47901b,
0xff4c9517,
0xff509912,
0xff529c0e,
0xff559f12,
0xff5da71d,
0xff4e941b,
0xff3a7b19,
0xff498c23,
0xff4e9418,
0xff4e940e,
0xff569d15,
0xff4b900d,
0xff428510,
0xff4c8e20,
0xff4e901b,
0xff4f9718,
0xff509a19,
0xff549821,
0xff4b8922,
0xff46871f,
0xff408b13,
0xff398611,
0xff53932e,
0xff5b9036,
0xff367821,
0xff3d8322,
0xff4e891a,
0xff548810,
0xff559211,
0xff5f9f16,
0xff589606,
0xff5f9700,
0xff6e9c0a,
0xff799d13,
0xff739306,
0xff789005,
0xffa3ad20,
0xffccb92f,
0xffbf8c17,
0xffb45f02,
0xffcc5701,
0xffd04d01,
0xffdc5300,
0xffee6004,
0xfff26105,
0xfff46004,
0xfff66204,
0xfff96606,
0xfff96908,
0xfff66504,
0xfff56100,
0xfff46300,
0xfffa6101,
0xffff6101,
0xfffb6003,
0xfff75e01,
0xfff76200,
0xffef6a06,
0xffef7308,
0xfffa7902,
0xfff86900,
0xfff76500,
0xfff77202,
0xfffb7707,
0xfff8760a,
0xffef7204,
0xfff57905,
0xfff87c06,
0xfff67903,
0xfff87e05,
0xfffc860b,
0xfffc8b16,
0xfffd8e1a,
0xfffe8e12,
0xfffd8f0b,
0xfff9930b,
0xfffdb13b,
0xffe24f34,
0xffe50606,
0xffe90505,
0xffe90505,
0xffe90505,
0xffe90505,
0xffe90505,
0xffe90505,
0xffe90505,
0xffe90505,
0xffe90505,
0xffe90505,
0xffe90505,
0xffe90505,
0xffe90505,
0xffe90505,
0xffe90505,
0xffe90505,
0xffe90505,
0xffe90505,
0xffe90505,
0xffe90505,
0xffe90505,
0xffe90505,
0xffe90505,
0xffe90505,
0xffe90505,
0xffe90505,
0xffe90505,
0xffe90505,
0xffe90505,
0xffe90505,
0xffe90505,
0xffe90505,
0xffe90505,
0xffe90505,
0xffe90505,
0xffe90505,
0xffe90505,
0xffe90505,
0xffe90505,
0xffe90505,
0xffe90505,
0xffe90505,
0xffe90505,
0xffe90505,
0xffe90505,
0xffe90505,
0xffe90505,
0xffe90505,
0xffe90505,
0xffe90505,
0xffe90505,
0xffe90505,
0xffe90505,
0xffe90505,
0xffe90505,
0xffe90505,
0xffe90505,
0xffe90505,
0xffe90505,
0xffe90505,
0xffe90505,
0xffe90505,
0xffe90505,
0xffe90505,
0xffe90505,
0xffe90505,
0xffe90505,
0xffe90505,
0xffe90505,
0xffe90505,
0xffe90505,
0xffe90505,
0xffe90505,
0xffe90505,
0xffe90505,
0xffe90505,
0xffe90505,
0xffe90505,
0xffe90505,
0xffe90505,
0xffe90505,
0xffe90505,
0xffe90505,
0xffe90505,
0xffe90505,
0xffe90505,
0xffe90505,
0xffe90505,
0xffe90505,
0xffe90505,
0xffe90505,
0xffe90505,
0xffe90505,
0xffe90505,
0xffe90505,
0xffe90505,
0xffe90505,
0xffe90505,
0xffe90505,
0xffe90505,
0xffe90505,
0xffe90505,
0xffe90505,
0xffe90505,
0xffe90505,
0xffe90505,
0xffe90505,
0xffe90505,
0xffe90505,
0xffe90505,
0xffe90505,
0xffe90505,
0xffe90505,
0xffe90505,
0xffe90505,
0xffe90505,
0xffe90505,
0xffe90505,
0xffe90505,
0xffe90505,
0xffe90505,
0xffe90505,
0xffe90505,
0xffe90505,
0xffe90505,
0xffe90505,
0xffe90505,
0xffe90505,
0xffe90505,
0xffe90505,
0xffe90505,
0xffe90505,
0xffe90505,
0xffe90505,
0xffe90505,
0xffe90505,
0xffe90505,
0xffe90505,
0xffe90505,
0xffe90505,
0xffe90505,
0xffe90505,
0xffe90505,
0xffe90505,
0xffe90505,
0xffe90505,
0xffe90505,
0xffe90505,
0xffe90505,
0xffe90505,
0xffe90505,
0xffe90505,
0xffe90505,
0xffdb0e0c,
0xffa8915c,
0xff5e9123,
0xff4e8c0e,
0xff458a0e,
0xff408511,
0xff418712,
0xff478d17,
0xff4c911c,
0xff4f9419,
0xff53981a,
0xff579c1c,
0xff5da51a,
0xff64aa26,
0xff46891c,
0xff3b7d13,
0xff478c16,
0xff4a9014,
0xff539a1c,
0xff4b9116,
0xff408612,
0xff498e1d,
0xff498f1e,
0xff4b961b,
0xff4d9817,
0xff549b1e,
0xff4a891c,
0xff42831a,
0xff418e17,
0xff3d8916,
0xff3a8419,
0xff3b8117,
0xff39871d,
0xff408e23,
0xff50911a,
0xff548f12,
0xff4e8d14,
0xff5b9f1a,
0xff5a9d0e,
0xff559001,
0xff639702,
0xff6e9a08,
0xff75980b,
0xff7a9605,
0xff809201,
0xff999809,
0xffb49f1d,
0xffb4810e,
0xffc75e01,
0xffd95500,
0xffe55c01,
0xffeb5f03,
0xffed5c01,
0xfff35e02,
0xfff66204,
0xfff76505,
0xfff66605,
0xfff36201,
0xfff35f00,
0xfff46102,
0xfff76206,
0xfffa6107,
0xfff65f02,
0xfff45d00,
0xfff86201,
0xfff36a05,
0xfff17203,
0xfffb7d01,
0xfff46b02,
0xfff36302,
0xfffd7005,
0xfffb6f02,
0xfff46b01,
0xfff77406,
0xfff97b06,
0xfffc8104,
0xfffe8b08,
0xfffe8d0a,
0xfffe8f10,
0xffff9217,
0xffff8e11,
0xffff8f0a,
0xfff78b05,
0xfff19616,
0xfff8b85a,
0xffd91d14,
0xffe80505,
0xffe80505,
0xffe90505,
0xffe90505,
0xffe90505,
0xffe90505,
0xffe90505,
0xffe90505,
0xffe90505,
0xffe90505,
0xffe90505,
0xffe90505,
0xffe90505,
0xffe90505,
0xffe90505,
0xffe90505,
0xffe90505,
0xffe90505,
0xffe90505,
0xffe90505,
0xffe90505,
0xffe90505,
0xffe90505,
0xffe90505,
0xffe90505,
0xffe90505,
0xffe90505,
0xffe90505,
0xffe90505,
0xffe90505,
0xffe90505,
0xffe90505,
0xffe90505,
0xffe90505,
0xffe90505,
0xffe90505,
0xffe90505,
0xffe90505,
0xffe90505,
0xffe90505,
0xffe90505,
0xffe90505,
0xffe90505,
0xffe90505,
0xffe90505,
0xffe90505,
0xffe90505,
0xffe90505,
0xffe90505,
0xffe90505,
0xffe90505,
0xffe90505,
0xffe90505,
0xffe90505,
0xffe90505,
0xffe90505,
0xffe90505,
0xffe90505,
0xffe90505,
0xffe90505,
0xffe90505,
0xffe90505,
0xffe90505,
0xffe90505,
0xffe90505,
0xffe90505,
0xffe90505,
0xffe90505,
0xffe90505,
0xffe90505,
0xffe90505,
0xffe90505,
0xffe90505,
0xffe90505,
0xffe90505,
0xffe90505,
0xffe90505,
0xffe90505,
0xffe90505,
0xffe90505,
0xffe90505,
0xffe90505,
0xffe90505,
0xffe90505,
0xffe90505,
0xffe90505,
0xffe90505,
0xffe90505,
0xffe90505,
0xffe90505,
0xffe90505,
0xffe90505,
0xffe90505,
0xffe90505,
0xffe90505,
0xffe90505,
0xffe90505,
0xffe90505,
0xffe90505,
0xffe90505,
0xffe90505,
0xffe90505,
0xffe90505,
0xffe90505,
0xffe90505,
0xffe90505,
0xffe90505,
0xffe90505,
0xffe90505,
0xffe90505,
0xffe90505,
0xffe90505,
0xffe90505,
0xffe90505,
0xffe90505,
0xffe90505,
0xffe90505,
0xffe90505,
0xffe90505,
0xffe90505,
0xffe90505,
0xffe90505,
0xffe90505,
0xffe90505,
0xffe90505,
0xffe90505,
0xffe90505,
0xffe90505,
0xffe90505,
0xffe90505,
0xffe90505,
0xffe90505,
0xffe90505,
0xffe90505,
0xffe90505,
0xffe90505,
0xffe90505,
0xffe90505,
0xffe90505,
0xffe90505,
0xffe90505,
0xffe90505,
0xffe90505,
0xffe90505,
0xffe90505,
0xffe90505,
0xffe90505,
0xffe90505,
0xffe90505,
0xffe90505,
0xffe90505,
0xffe90505,
0xffe90505,
0xffe80505,
0xffe70505,
0xffc9241b,
0xff668333,
0xff4e8e18,
0xff519417,
0xff478e11,
0xff458a0e,
0xff438710,
0xff438416,
0xff468719,
0xff4d8e1a,
0xff54971a,
0xff589e14,
0xff61a717,
0xff62a81e,
0xff3d820b,
0xff397f0f,
0xff478e18,
0xff50971f,
0xff49911a,
0xff3f8714,
0xff438c19,
0xff448c1a,
0xff47911b,
0xff4b9718,
0xff549e18,
0xff4c8f19,
0xff418419,
0xff408f16,
0xff3e8b1a,
0xff428723,
0xff438521,
0xff3e8a1b,
0xff388e13,
0xff4e9b16,
0xff519718,
0xff468d19,
0xff4e9416,
0xff5fa015,
0xff589505,
0xff579000,
0xff679805,
0xff729807,
0xff7a9602,
0xff879400,
0xff878c00,
0xff888c04,
0xff9e890b,
0xffcf730d,
0xffe15c03,
0xffe25a00,
0xffeb5e02,
0xfff15f03,
0xfff46003,
0xfff46002,
0xfff66404,
0xfff36303,
0xfff06000,
0xfff16000,
0xfff56203,
0xfff66206,
0xfff66207,
0xfff06002,
0xfff26000,
0xfff96502,
0xfff56b07,
0xfff67207,
0xfffe7e0d,
0xfff96e07,
0xfff56301,
0xfff26a01,
0xfff66f05,
0xfffc740b,
0xfffc7506,
0xfff97802,
0xfffa8303,
0xfffd8702,
0xfffd8601,
0xffff8807,
0xfffe8b0a,
0xfffd8c07,
0xfffe8f02,
0xfff48d04,
0xffed9820,
0xfff08e51,
0xffe30a09,
0xffe90505,
0xffe90505,
0xffe90505,
0xffe90505,
0xffe90505,
0xffe90505,
0xffe90505,
0xffe90505,
0xffe90505,
0xffe90505,
0xffe90505,
0xffe90505,
0xffe90505,
0xffe90505,
0xffe90505,
0xffe90505,
0xffe90505,
0xffe90505,
0xffe90505,
0xffe90505,
0xffe90505,
0xffe90505,
0xffe90505,
0xffe90505,
0xffe90505,
0xffe90505,
0xffe90505,
0xffe90505,
0xffe90505,
0xffe90505,
0xffe90505,
0xffe90505,
0xffe90505,
0xffe90505,
0xffe90505,
0xffe90505,
0xffe90505,
0xffe90505,
0xffe90505,
0xffe90505,
0xffe90505,
0xffe90505,
0xffe90505,
0xffe90505,
0xffe90505,
0xffe90505,
0xffe90505,
0xffe90505,
0xffe90505,
0xffe90505,
0xffe90505,
0xffe90505,
0xffe90505,
0xffe90505,
0xffe90505,
0xffe90505,
0xffe90505,
0xffe90505,
0xffe90505,
0xffe90505,
0xffe90505,
0xffe90505,
0xffe90505,
0xffe90505,
0xffe90505,
0xffe90505,
0xffe90505,
0xffe90505,
0xffe90505,
0xffe90505,
0xffe90505,
0xffe90505,
0xffe90505,
0xffe90505,
0xffe90505,
0xffe90505,
0xffe90505,
0xffe90505,
0xffe90505,
0xffe90505,
0xffe90505,
0xffe90505,
0xffe90505,
0xffe90505,
0xffe90505,
0xffe90505,
0xffe90505,
0xffe90505,
0xffe90505,
0xffe90505,
0xffe90505,
0xffe90505,
0xffe90505,
0xffe90505,
0xffe90505,
0xffe90505,
0xffe90505,
0xffe90505,
0xffe90505,
0xffe90505,
0xffe90505,
0xffe90505,
0xffe90505,
0xffe90505,
0xffe90505,
0xffe90505,
0xffe90505,
0xffe90505,
0xffe90505,
0xffe90505,
0xffe90505,
0xffe90505,
0xffe90505,
0xffe90505,
0xffe90505,
0xffe90505,
0xffe90505,
0xffe90505,
0xffe90505,
0xffe90505,
0xffe90505,
0xffe90505,
0xffe90505,
0xffe90505,
0xffe90505,
0xffe90505,
0xffe90505,
0xffe90505,
0xffe90505,
0xffe90505,
0xffe90505,
0xffe90505,
0xffe90505,
0xffe90505,
0xffe90505,
0xffe90505,
0xffe90505,
0xffe90505,
0xffe90505,
0xffe90505,
0xffe90505,
0xffe90505,
0xffe90505,
0xffe90505,
0xffe90505,
0xffe90505,
0xffe90505,
0xffe90505,
0xffe90505,
0xffe90505,
0xffe90505,
0xffe90505,
0xffe90505,
0xffe80505,
0xffe90505,
0xffe30605,
0xffa74a31,
0xff689b39,
0xff488a10,
0xff4d9615,
0xff4c9510,
0xff4b9215,
0xff4b8d1c,
0xff4b881b,
0xff4c8a15,
0xff4b8b0b,
0xff4c9005,
0xff4f9403,
0xff59a00a,
0xff599c16,
0xff3a7c0a,
0xff3e810f,
0xff4d911d,
0xff498e1c,
0xff3f8717,
0xff408a18,
0xff418c17,
0xff46901b,
0xff4a9318,
0xff519c16,
0xff4e931d,
0xff3e8417,
0xff3e8b15,
0xff428c1e,
0xff458826,
0xff478723,
0xff3f8a19,
0xff3d9111,
0xff499715,
0xff549b21,
0xff49901c,
0xff498e13,
0xff589a12,
0xff60a113,
0xff4e8e04,
0xff568e00,
0xff6c9705,
0xff799607,
0xff829204,
0xff889002,
0xff819001,
0xff8b8503,
0xffcb7810,
0xffe05d04,
0xffe05900,
0xffea6003,
0xffef5e03,
0xfff25e02,
0xfff56104,
0xfff56003,
0xfff15f01,
0xfff05f00,
0xfff26202,
0xfff56303,
0xfff66203,
0xfff56305,
0xffed5e02,
0xfff05f00,
0xfff66401,
0xfff46904,
0xfff76e07,
0xfffe7d14,
0xfffc740d,
0xfff15d01,
0xffef6802,
0xfff7740b,
0xfff67007,
0xfff97202,
0xfffd7e08,
0xfffa8209,
0xfffc8305,
0xfffe8502,
0xffff8802,
0xfffd8a05,
0xfffd8a04,
0xfffe8901,
0xfff38804,
0xfffcac30,
0xffc94e2a,
0xffe20605,
0xffe90505,
0xffe90505,
0xffe90505,
0xffe90505,
0xffe90505,
0xffe90505,
0xffe90505,
0xffe90505,
0xffe90505,
0xffe90505,
0xffe90505,
0xffe90505,
0xffe90505,
0xffe90505,
0xffe90505,
0xffe90505,
0xffe90505,
0xffe90505,
0xffe90505,
0xffe90505,
0xffe90505,
0xffe90505,
0xffe90505,
0xffe90505,
0xffe90505,
0xffe90505,
0xffe90505,
0xffe90505,
0xffe90505,
0xffe90505,
0xffe90505,
0xffe90505,
0xffe90505,
0xffe90505,
0xffe90505,
0xffe90505,
0xffe90505,
0xffe90505,
0xffe90505,
0xffe90505,
0xffe90505,
0xffe90505,
0xffe90505,
0xffe90505,
0xffe90505,
0xffe90505,
0xffe90505,
0xffe90505,
0xffe90505,
0xffe90505,
0xffe90505,
0xffe90505,
0xffe90505,
0xffe90505,
0xffe90505,
0xffe90505,
0xffe90505,
0xffe90505,
0xffe90505,
0xffe90505,
0xffe90505,
0xffe90505,
0xffe90505,
0xffe90505,
0xffe90505,
0xffe90505,
0xffe90505,
0xffe90505,
0xffe90505,
0xffe90505,
0xffe90505,
0xffe90505,
0xffe90505,
0xffe90505,
0xffe90505,
0xffe90505,
0xffe90505,
0xffe90505,
0xffe90505,
0xffe90505,
0xffe90505,
0xffe90505,
0xffe90505,
0xffe90505,
0xffe90505,
0xffe90505,
0xffe90505,
0xffe90505,
0xffe90505,
0xffe90505,
0xffe90505,
0xffe90505,
0xffe90505,
0xffe90505,
0xffe90505,
0xffe90505,
0xffe90505,
0xffe90505,
0xffe90505,
0xffe90505,
0xffe90505,
0xffe90505,
0xffe90505,
0xffe90505,
0xffe90505,
0xffe90505,
0xffe90505,
0xffe90505,
0xffe90505,
0xffe90505,
0xffe90505,
0xffe90505,
0xffe90505,
0xffe90505,
0xffe90505,
0xffe90505,
0xffe90505,
0xffe90505,
0xffe90505,
0xffe90505,
0xffe90505,
0xffe90505,
0xffe90505,
0xffe90505,
0xffe90505,
0xffe90505,
0xffe90505,
0xffe90505,
0xffe90505,
0xffe90505,
0xffe90505,
0xffe90505,
0xffe90505,
0xffe90505,
0xffe90505,
0xffe90505,
0xffe90505,
0xffe90505,
0xffe90505,
0xffe90505,
0xffe90505,
0xffe90505,
0xffe90505,
0xffe90505,
0xffe90505,
0xffe90505,
0xffe90505,
0xffe90505,
0xffe90505,
0xffe90505,
0xffe90505,
0xffe90505,
0xffe90505,
0xffe90505,
0xffe80505,
0xffe90505,
0xffda110f,
0xff887e44,
0xff4d871d,
0xff4c9319,
0xff4b9a10,
0xff4b9811,
0xff53971e,
0xff5a9a21,
0xff5b9719,
0xff599814,
0xff55970a,
0xff539508,
0xff549607,
0xff68a81b,
0xff5d9c21,
0xff377607,
0xff448513,
0xff4c8e20,
0xff42861a,
0xff3e8516,
0xff418b17,
0xff458d18,
0xff49911a,
0xff4b951d,
0xff4b9421,
0xff3e8618,
0xff3d8618,
0xff418b1e,
0xff428a1f,
0xff458b1f,
0xff448b1b,
0xff458e18,
0xff478f19,
0xff559924,
0xff56981f,
0xff4b9012,
0xff4c910e,
0xff5da217,
0xff61a21a,
0xff4d8804,
0xff5d8e03,
0xff72950c,
0xff788f06,
0xff7f8e05,
0xff7d8e03,
0xff8b8403,
0xffcb790d,
0xffe15f03,
0xffe15b00,
0xffe85d01,
0xffef5d02,
0xfff25d03,
0xfff65e05,
0xfff25c02,
0xfff05b00,
0xfff36002,
0xfff46203,
0xfff56302,
0xfff76303,
0xfff46104,
0xffee5c01,
0xfff26000,
0xfff56300,
0xfff36601,
0xfff66b03,
0xfffe780f,
0xfffd750d,
0xffec6103,
0xfff36d09,
0xfff56c05,
0xfff46c02,
0xfff67602,
0xfffa7d09,
0xfffe7f10,
0xfffd800b,
0xffff8304,
0xffff8600,
0xfffe8502,
0xfffe8707,
0xffff8506,
0xfffb8808,
0xfffc9d20,
0xffdb7531,
0xffdc0e0a,
0xffe80505,
0xffe90505,
0xffe90505,
0xffe90505,
0xffe90505,
0xffe90505,
0xffe90505,
0xffe90505,
0xffe90505,
0xffe90505,
0xffe90505,
0xffe90505,
0xffe90505,
0xffe90505,
0xffe90505,
0xffe90505,
0xffe90505,
0xffe90505,
0xffe90505,
0xffe90505,
0xffe90505,
0xffe90505,
0xffe90505,
0xffe90505,
0xffe90505,
0xffe90505,
0xffe90505,
0xffe90505,
0xffe90505,
0xffe90505,
0xffe90505,
0xffe90505,
0xffe90505,
0xffe90505,
0xffe90505,
0xffe90505,
0xffe90505,
0xffe90505,
0xffe90505,
0xffe90505,
0xffe90505,
0xffe90505,
0xffe90505,
0xffe90505,
0xffe90505,
0xffe90505,
0xffe90505,
0xffe90505,
0xffe90505,
0xffe90505,
0xffe90505,
0xffe90505,
0xffe90505,
0xffe90505,
0xffe90505,
0xffe90505,
0xffe90505,
0xffe90505,
0xffe90505,
0xffe90505,
0xffe90505,
0xffe90505,
0xffe90505,
0xffe90505,
0xffe90505,
0xffe90505,
0xffe90505,
0xffe90505,
0xffe90505,
0xffe90505,
0xffe90505,
0xffe90505,
0xffe90505,
0xffe90505,
0xffe90505,
0xffe90505,
0xffe90505,
0xffe90505,
0xffe90505,
0xffe90505,
0xffe90505,
0xffe90505,
0xffe90505,
0xffe90505,
0xffe90505,
0xffe90505,
0xffe90505,
0xffe90505,
0xffe90505,
0xffe90505,
0xffe90505,
0xffe90505,
0xffe90505,
0xffe90505,
0xffe90505,
0xffe90505,
0xffe90505,
0xffe90505,
0xffe90505,
0xffe90505,
0xffe90505,
0xffe90505,
0xffe90505,
0xffe90505,
0xffe90505,
0xffe90505,
0xffe90505,
0xffe90505,
0xffe90505,
0xffe90505,
0xffe90505,
0xffe90505,
0xffe90505,
0xffe90505,
0xffe90505,
0xffe90505,
0xffe90505,
0xffe90505,
0xffe90505,
0xffe90505,
0xffe90505,
0xffe90505,
0xffe90505,
0xffe90505,
0xffe90505,
0xffe90505,
0xffe90505,
0xffe90505,
0xffe90505,
0xffe90505,
0xffe90505,
0xffe90505,
0xffe90505,
0xffe90505,
0xffe90505,
0xffe90505,
0xffe90505,
0xffe90505,
0xffe90505,
0xffe90505,
0xffe90505,
0xffe90505,
0xffe90505,
0xffe90505,
0xffe90505,
0xffe90505,
0xffe90505,
0xffe90505,
0xffe90505,
0xffe90505,
0xffe90505,
0xffe90505,
0xffe90505,
0xffe90505,
0xffe90505,
0xffe90505,
0xffe50606,
0xffc03f2e,
0xff6a9342,
0xff428517,
0xff4b9716,
0xff4a9912,
0xff4e9712,
0xff579814,
0xff599815,
0xff62a21c,
0xff63a519,
0xff62a515,
0xff69aa17,
0xff71b21f,
0xff84c436,
0xff62a127,
0xff3b7a0c,
0xff448512,
0xff3f8214,
0xff41861b,
0xff418a1e,
0xff438a19,
0xff478d19,
0xff48911f,
0xff489021,
0xff3e8618,
0xff3d851a,
0xff428c1f,
0xff418c1d,
0xff428b1d,
0xff478e1d,
0xff4b911e,
0xff468b18,
0xff4f921b,
0xff5d9e21,
0xff4f9213,
0xff4a920d,
0xff539911,
0xff6eb023,
0xff669f1b,
0xff4e7f01,
0xff638904,
0xff708d08,
0xff768a08,
0xff758804,
0xff878005,
0xffca750c,
0xffe36104,
0xffe45e00,
0xffe95c00,
0xffef5c01,
0xfff45d06,
0xfff35b04,
0xffef5801,
0xffef5a00,
0xfff25e01,
0xfff46101,
0xfff56202,
0xfff56102,
0xfff45f02,
0xfff15b01,
0xfff25f00,
0xfff36100,
0xfff16300,
0xfff86c05,
0xfffa6f09,
0xfff86d09,
0xfff46f0a,
0xfff26806,
0xfff36401,
0xfff76c02,
0xfff77402,
0xfffc7802,
0xffff7b04,
0xfffe7e02,
0xfffb8102,
0xfffb8105,
0xfffe8105,
0xffff8404,
0xfffb8604,
0xfff6880c,
0xffef8810,
0xfffda129,
0xffe97e39,
0xffe02519,
0xffdf0907,
0xffe40606,
0xffe80505,
0xffe70505,
0xffe90505,
0xffe90505,
0xffe90505,
0xffe90505,
0xffe90505,
0xffe90505,
0xffe90505,
0xffe90505,
0xffe90505,
0xffe90505,
0xffe90505,
0xffe90505,
0xffe90505,
0xffe90505,
0xffe90505,
0xffe90505,
0xffe90505,
0xffe90505,
0xffe90505,
0xffe90505,
0xffe90505,
0xffe90505,
0xffe90505,
0xffe90505,
0xffe90505,
0xffe90505,
0xffe90505,
0xffe90505,
0xffe90505,
0xffe90505,
0xffe90505,
0xffe90505,
0xffe90505,
0xffe90505,
0xffe90505,
0xffe90505,
0xffe90505,
0xffe90505,
0xffe90505,
0xffe90505,
0xffe90505,
0xffe90505,
0xffe90505,
0xffe90505,
0xffe90505,
0xffe90505,
0xffe90505,
0xffe90505,
0xffe90505,
0xffe90505,
0xffe90505,
0xffe90505,
0xffe90505,
0xffe90505,
0xffe90505,
0xffe90505,
0xffe90505,
0xffe90505,
0xffe90505,
0xffe90505,
0xffe90505,
0xffe90505,
0xffe90505,
0xffe90505,
0xffe90505,
0xffe90505,
0xffe90505,
0xffe90505,
0xffe90505,
0xffe90505,
0xffe90505,
0xffe90505,
0xffe90505,
0xffe90505,
0xffe90505,
0xffe90505,
0xffe90505,
0xffe90505,
0xffe90505,
0xffe90505,
0xffe90505,
0xffe90505,
0xffe90505,
0xffe90505,
0xffe90505,
0xffe90505,
0xffe90505,
0xffe90505,
0xffe90505,
0xffe90505,
0xffe90505,
0xffe90505,
0xffe90505,
0xffe90505,
0xffe90505,
0xffe90505,
0xffe90505,
0xffe90505,
0xffe90505,
0xffe90505,
0xffe90505,
0xffe90505,
0xffe90505,
0xffe90505,
0xffe90505,
0xffe90505,
0xffe90505,
0xffe90505,
0xffe90505,
0xffe90505,
0xffe90505,
0xffe90505,
0xffe90505,
0xffe90505,
0xffe90505,
0xffe90505,
0xffe90505,
0xffe90505,
0xffe90505,
0xffe90505,
0xffe90505,
0xffe90505,
0xffe90505,
0xffe90505,
0xffe90505,
0xffe90505,
0xffe90505,
0xffe90505,
0xffe90505,
0xffe90505,
0xffe90505,
0xffe90505,
0xffe90505,
0xffe90505,
0xffe90505,
0xffe90505,
0xffe90505,
0xffe90505,
0xffe90505,
0xffe90505,
0xffe90505,
0xffe90505,
0xffe90505,
0xffe90505,
0xffe90505,
0xffe90505,
0xffe90505,
0xffe90505,
0xffe90505,
0xffe90505,
0xffe80505,
0xffe90505,
0xffdb100c,
0xff81763f,
0xff47841f,
0xff478d1b,
0xff4c951b,
0xff4d9511,
0xff539610,
0xff599a16,
0xff579917,
0xff5c9e18,
0xff5ea115,
0xff63a513,
0xff6eb11b,
0xff77b923,
0xff89c93c,
0xff62a225,
0xff377903,
0xff3d800f,
0xff44871f,
0xff438723,
0xff42871d,
0xff458b1b,
0xff478e20,
0xff488f22,
0xff3e8619,
0xff3c8518,
0xff428c1d,
0xff428c1c,
0xff428b1b,
0xff488f1c,
0xff4d9320,
0xff468d18,
0xff468c15,
0xff569a1c,
0xff549918,
0xff4c920d,
0xff50940c,
0xff5c9c11,
0xff7db62d,
0xff6a9a18,
0xff527901,
0xff638102,
0xff708807,
0xff718707,
0xff817d05,
0xffc6720c,
0xffe45f03,
0xffe65d00,
0xffea5d00,
0xffee5a01,
0xfff15903,
0xffef5601,
0xffee5700,
0xfff05b00,
0xfff15d00,
0xfff25e00,
0xfff36001,
0xfff56003,
0xfff55e04,
0xffef5901,
0xfff05c00,
0xfff25f00,
0xfff56402,
0xfff96a06,
0xfff16606,
0xfff36909,
0xfff56a06,
0xffef6201,
0xfff66703,
0xfff86a02,
0xfffa6e00,
0xfffc7400,
0xfffc7900,
0xfffb7c00,
0xfff97d03,
0xfffb7d08,
0xfffe7f05,
0xfffc8001,
0xfff68400,
0xfff38909,
0xfff78b10,
0xfff78a08,
0xfffea321,
0xfff9ae49,
0xffda7b40,
0xffe2664c,
0xffe41313,
0xffe80505,
0xffe90505,
0xffe90505,
0xffe90505,
0xffe90505,
0xffe90505,
0xffe90505,
0xffe90505,
0xffe90505,
0xffe90505,
0xffe90505,
0xffe90505,
0xffe90505,
0xffe90505,
0xffe90505,
0xffe90505,
0xffe90505,
0xffe90505,
0xffe90505,
0xffe90505,
0xffe90505,
0xffe90505,
0xffe90505,
0xffe90505,
0xffe90505,
0xffe90505,
0xffe90505,
0xffe90505,
0xffe90505,
0xffe90505,
0xffe90505,
0xffe90505,
0xffe90505,
0xffe90505,
0xffe90505,
0xffe90505,
0xffe90505,
0xffe90505,
0xffe90505,
0xffe90505,
0xffe90505,
0xffe90505,
0xffe90505,
0xffe90505,
0xffe90505,
0xffe90505,
0xffe90505,
0xffe90505,
0xffe90505,
0xffe90505,
0xffe90505,
0xffe90505,
0xffe90505,
0xffe90505,
0xffe90505,
0xffe90505,
0xffe90505,
0xffe90505,
0xffe90505,
0xffe90505,
0xffe90505,
0xffe90505,
0xffe90505,
0xffe90505,
0xffe90505,
0xffe90505,
0xffe90505,
0xffe90505,
0xffe90505,
0xffe90505,
0xffe90505,
0xffe90505,
0xffe90505,
0xffe90505,
0xffe90505,
0xffe90505,
0xffe90505,
0xffe90505,
0xffe90505,
0xffe90505,
0xffe90505,
0xffe90505,
0xffe90505,
0xffe90505,
0xffe90505,
0xffe90505,
0xffe90505,
0xffe90505,
0xffe90505,
0xffe90505,
0xffe90505,
0xffe90505,
0xffe90505,
0xffe90505,
0xffe90505,
0xffe90505,
0xffe90505,
0xffe90505,
0xffe90505,
0xffe90505,
0xffe90505,
0xffe90505,
0xffe90505,
0xffe90505,
0xffe90505,
0xffe90505,
0xffe90505,
0xffe90505,
0xffe90505,
0xffe90505,
0xffe90505,
0xffe90505,
0xffe90505,
0xffe90505,
0xffe90505,
0xffe90505,
0xffe90505,
0xffe90505,
0xffe90505,
0xffe90505,
0xffe90505,
0xffe90505,
0xffe90505,
0xffe90505,
0xffe90505,
0xffe90505,
0xffe90505,
0xffe90505,
0xffe90505,
0xffe90505,
0xffe90505,
0xffe90505,
0xffe90505,
0xffe90505,
0xffe90505,
0xffe90505,
0xffe90505,
0xffe90505,
0xffe90505,
0xffe90505,
0xffe90505,
0xffe90505,
0xffe90505,
0xffe90505,
0xffe90505,
0xffe90505,
0xffe90505,
0xffe90505,
0xffe90505,
0xffe90505,
0xffe90505,
0xffe90505,
0xffe90505,
0xffe40606,
0xffbf5c3e,
0xff57872a,
0xff41811d,
0xff4a9023,
0xff4d9519,
0xff4e9110,
0xff539615,
0xff549616,
0xff569917,
0xff5ca018,
0xff60a214,
0xff63a510,
0xff67a910,
0xff79bb23,
0xff87c937,
0xff529415,
0xff317405,
0xff3d7f18,
0xff428423,
0xff438622,
0xff43881e,
0xff478c21,
0xff499025,
0xff3e871b,
0xff3c8416,
0xff41891b,
0xff428b1b,
0xff448d19,
0xff498f1a,
0xff4d931e,
0xff488e19,
0xff448b12,
0xff4e9416,
0xff569d1b,
0xff509610,
0xff4d9109,
0xff509008,
0xff649d16,
0xff89bb36,
0xff6d9518,
0xff537401,
0xff627d01,
0xff678304,
0xff7f7f05,
0xffc8730c,
0xffe35b04,
0xffe55a00,
0xffea5b01,
0xffed5901,
0xffeb5401,
0xffeb5300,
0xfff05901,
0xfff25c02,
0xfff05c00,
0xfff05c00,
0xfff25d01,
0xfff55e04,
0xfff45c05,
0xffee5601,
0xfff05a00,
0xfff35e01,
0xfff25f00,
0xfff15f01,
0xfff46505,
0xfff26504,
0xffee6001,
0xfff16301,
0xfff36404,
0xfffb6804,
0xfffe6900,
0xfffb6f00,
0xfff47800,
0xfff57905,
0xfffc7807,
0xfffe7902,
0xffff7b01,
0xfffa7e00,
0xfffc8306,
0xfffb8606,
0xfffa8504,
0xfffb8604,
0xfff88401,
0xfff38908,
0xfff7a532,
0xfffbd689,
0xffe7352f,
0xffe70505,
0xffe90505,
0xffe90505,
0xffe90505,
0xffe90505,
0xffe90505,
0xffe90505,
0xffe90505,
0xffe90505,
0xffe90505,
0xffe90505,
0xffe90505,
0xffe90505,
0xffe90505,
0xffe90505,
0xffe90505,
0xffe90505,
0xffe90505,
0xffe90505,
0xffe90505,
0xffe90505,
0xffe90505,
0xffe90505,
0xffe90505,
0xffe90505,
0xffe90505,
0xffe90505,
0xffe90505,
0xffe90505,
0xffe90505,
0xffe90505,
0xffe90505,
0xffe90505,
0xffe90505,
0xffe90505,
0xffe90505,
0xffe90505,
0xffe90505,
0xffe90505,
0xffe90505,
0xffe90505,
0xffe90505,
0xffe90505,
0xffe90505,
0xffe90505,
0xffe90505,
0xffe90505,
0xffe90505,
0xffe90505,
0xffe90505,
0xffe90505,
0xffe90505,
0xffe90505,
0xffe90505,
0xffe90505,
0xffe90505,
0xffe90505,
0xffe90505,
0xffe90505,
0xffe90505,
0xffe90505,
0xffe90505,
0xffe90505,
0xffe90505,
0xffe90505,
0xffe90505,
0xffe90505,
0xffe90505,
0xffe90505,
0xffe90505,
0xffe90505,
0xffe90505,
0xffe90505,
0xffe90505,
0xffe90505,
0xffe90505,
0xffe90505,
0xffe90505,
0xffe90505,
0xffe90505,
0xffe90505,
0xffe90505,
0xffe90505,
0xffe90505,
0xffe90505,
0xffe90505,
0xffe90505,
0xffe90505,
0xffe90505,
0xffe90505,
0xffe90505,
0xffe90505,
0xffe90505,
0xffe90505,
0xffe90505,
0xffe90505,
0xffe90505,
0xffe90505,
0xffe90505,
0xffe90505,
0xffe90505,
0xffe90505,
0xffe90505,
0xffe90505,
0xffe90505,
0xffe90505,
0xffe90505,
0xffe90505,
0xffe90505,
0xffe90505,
0xffe90505,
0xffe90505,
0xffe90505,
0xffe90505,
0xffe90505,
0xffe90505,
0xffe90505,
0xffe90505,
0xffe90505,
0xffe90505,
0xffe90505,
0xffe90505,
0xffe90505,
0xffe90505,
0xffe90505,
0xffe90505,
0xffe90505,
0xffe90505,
0xffe90505,
0xffe90505,
0xffe90505,
0xffe90505,
0xffe90505,
0xffe90505,
0xffe90505,
0xffe90505,
0xffe90505,
0xffe90505,
0xffe90505,
0xffe90505,
0xffe90505,
0xffe90505,
0xffe90505,
0xffe90505,
0xffe90505,
0xffe90505,
0xffe90505,
0xffe90505,
0xffe90505,
0xffe90505,
0xffe90505,
0xffe90505,
0xffe90505,
0xffe30606,
0xffc95e44,
0xff538029,
0xff3c7c19,
0xff44891b,
0xff4a9118,
0xff4a8f16,
0xff4e921a,
0xff53961b,
0xff539617,
0xff569a17,
0xff5b9e17,
0xff5ea212,
0xff62a50f,
0xff66a80d,
0xff74b61e,
0xff7dc031,
0xff4d8d16,
0xff317008,
0xff3e7f1a,
0xff428421,
0xff41851e,
0xff448921,
0xff498f25,
0xff40861b,
0xff3c8416,
0xff408819,
0xff438c19,
0xff458e19,
0xff49901a,
0xff4e931e,
0xff488f19,
0xff458d14,
0xff499112,
0xff529919,
0xff549916,
0xff51940e,
0xff56950d,
0xff538c07,
0xff669816,
0xff8ab533,
0xff6c9213,
0xff547401,
0xff5c7c00,
0xff818205,
0xffcb750e,
0xffe45903,
0xffe55800,
0xffe85700,
0xffe95500,
0xffe85100,
0xffec5400,
0xfff15a02,
0xfff15b02,
0xffef5a00,
0xffef5a00,
0xfff25c01,
0xfff45c03,
0xfff35903,
0xffed5401,
0xffef5801,
0xfff05a01,
0xffed5800,
0xfff25f01,
0xfff36002,
0xffef5e01,
0xfff06001,
0xfff26302,
0xfff36402,
0xfff86603,
0xffff6802,
0xfffb6b00,
0xfff67205,
0xfff5740c,
0xfff9750b,
0xfffd7403,
0xfffe7600,
0xfffd7900,
0xfffb7c08,
0xfffb7e0a,
0xfffb7e04,
0xfffe8301,
0xfff47f00,
0xfff1900f,
0xfffbb852,
0xffdc5236,
0xffe50909,
0xffe90505,
0xffe90505,
0xffe90505,
0xffe90505,
0xffe90505,
0xffe90505,
0xffe90505,
0xffe90505,
0xffe90505,
0xffe90505,
0xffe90505,
0xffe90505,
0xffe90505,
0xffe90505,
0xffe90505,
0xffe90505,
0xffe90505,
0xffe90505,
0xffe90505,
0xffe90505,
0xffe90505,
0xffe90505,
0xffe90505,
0xffe90505,
0xffe90505,
0xffe90505,
0xffe90505,
0xffe90505,
0xffe90505,
0xffe90505,
0xffe90505,
0xffe90505,
0xffe90505,
0xffe90505,
0xffe90505,
0xffe90505,
0xffe90505,
0xffe90505,
0xffe90505,
0xffe90505,
0xffe90505,
0xffe90505,
0xffe90505,
0xffe90505,
0xffe90505,
0xffe90505,
0xffe90505,
0xffe90505,
0xffe90505,
0xffe90505,
0xffe90505,
0xffe90505,
0xffe90505,
0xffe90505,
0xffe90505,
0xffe90505,
0xffe90505,
0xffe90505,
0xffe90505,
0xffe90505,
0xffe90505,
0xffe90505,
0xffe90505,
0xffe90505,
0xffe90505,
0xffe90505,
0xffe90505,
0xffe90505,
0xffe90505,
0xffe90505,
0xffe90505,
0xffe90505,
0xffe90505,
0xffe90505,
0xffe90505,
0xffe90505,
0xffe90505,
0xffe90505,
0xffe90505,
0xffe90505,
0xffe90505,
0xffe90505,
0xffe90505,
0xffe90505,
0xffe90505,
0xffe90505,
0xffe90505,
0xffe90505,
0xffe90505,
0xffe90505,
0xffe90505,
0xffe90505,
0xffe90505,
0xffe90505,
0xffe90505,
0xffe90505,
0xffe90505,
0xffe90505,
0xffe90505,
0xffe90505,
0xffe90505,
0xffe90505,
0xffe90505,
0xffe90505,
0xffe90505,
0xffe90505,
0xffe90505,
0xffe90505,
0xffe90505,
0xffe90505,
0xffe90505,
0xffe90505,
0xffe90505,
0xffe90505,
0xffe90505,
0xffe90505,
0xffe90505,
0xffe90505,
0xffe90505,
0xffe90505,
0xffe90505,
0xffe90505,
0xffe90505,
0xffe90505,
0xffe90505,
0xffe90505,
0xffe90505,
0xffe90505,
0xffe90505,
0xffe90505,
0xffe90505,
0xffe90505,
0xffe90505,
0xffe90505,
0xffe90505,
0xffe90505,
0xffe90505,
0xffe90505,
0xffe90505,
0xffe90505,
0xffe90505,
0xffe90505,
0xffe90505,
0xffe90505,
0xffe90505,
0xffe90505,
0xffe90505,
0xffe90505,
0xffe90505,
0xffe90505,
0xffe80505,
0xffe60505,
0xffe40606,
0xffd43125,
0xff7f844a,
0xff3f791e,
0xff3d7e18,
0xff408517,
0xff448b19,
0xff478d1f,
0xff4a8f1f,
0xff4f941b,
0xff51961a,
0xff53981b,
0xff569a1a,
0xff589b15,
0xff5a9d0e,
0xff5ea00a,
0xff60a50c,
0xff6fb31e,
0xff75b831,
0xff4a8914,
0xff337207,
0xff3f8019,
0xff42851e,
0xff41841d,
0xff488c22,
0xff41861a,
0xff3b8315,
0xff3f8819,
0xff438c19,
0xff458e1a,
0xff49921c,
0xff509721,
0xff488f19,
0xff438b13,
0xff468f14,
0xff4b9317,
0xff579c1c,
0xff579814,
0xff55930d,
0xff59930e,
0xff588c09,
0xff699913,
0xff7ba41f,
0xff68890c,
0xff567701,
0xff7a7e02,
0xffcc740e,
0xffe75a05,
0xffe55600,
0xffe45300,
0xffe75200,
0xffeb5300,
0xffee5701,
0xffef5902,
0xffee5801,
0xffed5800,
0xffef5a01,
0xfff25b03,
0xfff25904,
0xfff45905,
0xffed5302,
0xffec5300,
0xffeb5400,
0xfff15b03,
0xfff45f04,
0xffef5a01,
0xffee5b00,
0xfff26002,
0xfff26202,
0xfff56503,
0xfff86602,
0xfffc6903,
0xfffd6906,
0xfffa6808,
0xfff66b0a,
0xfff46e09,
0xfff47004,
0xfff87001,
0xfffb7502,
0xfff9780a,
0xfff87a10,
0xffff7e0d,
0xfffb7b00,
0xfff38c0d,
0xfffbba55,
0xffdd5033,
0xffea0f0f,
0xffe90505,
0xffe70505,
0xffe90505,
0xffe90505,
0xffe90505,
0xffe90505,
0xffe90505,
0xffe90505,
0xffe90505,
0xffe90505,
0xffe90505,
0xffe90505,
0xffe90505,
0xffe90505,
0xffe90505,
0xffe90505,
0xffe90505,
0xffe90505,
0xffe90505,
0xffe90505,
0xffe90505,
0xffe90505,
0xffe90505,
0xffe90505,
0xffe90505,
0xffe90505,
0xffe90505,
0xffe90505,
0xffe90505,
0xffe90505,
0xffe90505,
0xffe90505,
0xffe90505,
0xffe90505,
0xffe90505,
0xffe90505,
0xffe90505,
0xffe90505,
0xffe90505,
0xffe90505,
0xffe90505,
0xffe90505,
0xffe90505,
0xffe90505,
0xffe90505,
0xffe90505,
0xffe90505,
0xffe90505,
0xffe90505,
0xffe90505,
0xffe90505,
0xffe90505,
0xffe90505,
0xffe90505,
0xffe90505,
0xffe90505,
0xffe90505,
0xffe90505,
0xffe90505,
0xffe90505,
0xffe90505,
0xffe90505,
0xffe90505,
0xffe90505,
0xffe90505,
0xffe90505,
0xffe90505,
0xffe90505,
0xffe90505,
0xffe90505,
0xffe90505,
0xffe90505,
0xffe90505,
0xffe90505,
0xffe90505,
0xffe90505,
0xffe90505,
0xffe90505,
0xffe90505,
0xffe90505,
0xffe90505,
0xffe90505,
0xffe90505,
0xffe90505,
0xffe90505,
0xffe90505,
0xffe90505,
0xffe90505,
0xffe90505,
0xffe90505,
0xffe90505,
0xffe90505,
0xffe90505,
0xffe90505,
0xffe90505,
0xffe90505,
0xffe90505,
0xffe90505,
0xffe90505,
0xffe90505,
0xffe90505,
0xffe90505,
0xffe90505,
0xffe90505,
0xffe90505,
0xffe90505,
0xffe90505,
0xffe90505,
0xffe90505,
0xffe90505,
0xffe90505,
0xffe90505,
0xffe90505,
0xffe90505,
0xffe90505,
0xffe90505,
0xffe90505,
0xffe90505,
0xffe90505,
0xffe90505,
0xffe90505,
0xffe90505,
0xffe90505,
0xffe90505,
0xffe90505,
0xffe90505,
0xffe90505,
0xffe90505,
0xffe90505,
0xffe90505,
0xffe90505,
0xffe90505,
0xffe90505,
0xffe90505,
0xffe90505,
0xffe90505,
0xffe90505,
0xffe90505,
0xffe90505,
0xffe90505,
0xffe90505,
0xffe90505,
0xffe90505,
0xffe90505,
0xffe90505,
0xffe90505,
0xffe90505,
0xffe80505,
0xffe90505,
0xffe50606,
0xffe00c0a,
0xffc0100b,
0xffc22f21,
0xffbb6f47,
0xff748b3d,
0xff447c1f,
0xff3e7d1c,
0xff3b7e17,
0xff3a7f16,
0xff3d821d,
0xff408724,
0xff468c21,
0xff498f18,
0xff4d921a,
0xff50951e,
0xff51951e,
0xff53961a,
0xff579916,
0xff599c0d,
0xff5a9d08,
0xff5b9f0a,
0xff6caf21,
0xff70b32d,
0xff48890f,
0xff317307,
0xff3c7f18,
0xff3f821a,
0xff41851b,
0xff3f8419,
0xff3c8317,
0xff3e8618,
0xff428b1b,
0xff458d1a,
0xff48911d,
0xff519a24,
0xff4b921c,
0xff428a15,
0xff458f18,
0xff468f15,
0xff569b1e,
0xff5d9d1c,
0xff55930e,
0xff57920c,
0xff5d950e,
0xff5c8e06,
0xff659008,
0xff71960d,
0xff6b8e07,
0xff838204,
0xffcf730d,
0xffec5a05,
0xffe15000,
0xffe45000,
0xffe95100,
0xffec5400,
0xffef5803,
0xfff05a04,
0xffed5701,
0xffec5601,
0xfff05802,
0xfff25804,
0xfff35805,
0xfff55907,
0xffee5203,
0xffe84e00,
0xffec5404,
0xfff6600a,
0xffeb5502,
0xffeb5500,
0xffef5b00,
0xfff25e00,
0xfff36001,
0xfff36201,
0xfff26401,
0xfff06202,
0xfff66304,
0xfff96104,
0xfff46401,
0xfff46c01,
0xfff47305,
0xfff7780b,
0xfff97a0d,
0xfff87a0d,
0xfffb7e10,
0xfff77a07,
0xfff57d0a,
0xfffbb155,
0xffe14e38,
0xffea0e0e,
0xffe90505,
0xffe90505,
0xffe90505,
0xffe90505,
0xffe90505,
0xffe90505,
0xffe90505,
0xffe90505,
0xffe90505,
0xffe90505,
0xffe90505,
0xffe90505,
0xffe90505,
0xffe90505,
0xffe90505,
0xffe90505,
0xffe90505,
0xffe90505,
0xffe90505,
0xffe90505,
0xffe90505,
0xffe90505,
0xffe90505,
0xffe90505,
0xffe90505,
0xffe90505,
0xffe90505,
0xffe90505,
0xffe90505,
0xffe90505,
0xffe90505,
0xffe90505,
0xffe90505,
0xffe90505,
0xffe90505,
0xffe90505,
0xffe90505,
0xffe90505,
0xffe90505,
0xffe90505,
0xffe90505,
0xffe90505,
0xffe90505,
0xffe90505,
0xffe90505,
0xffe90505,
0xffe90505,
0xffe90505,
0xffe90505,
0xffe90505,
0xffe90505,
0xffe90505,
0xffe90505,
0xffe90505,
0xffe90505,
0xffe90505,
0xffe90505,
0xffe90505,
0xffe90505,
0xffe90505,
0xffe90505,
0xffe90505,
0xffe90505,
0xffe90505,
0xffe90505,
0xffe90505,
0xffe90505,
0xffe90505,
0xffe90505,
0xffe90505,
0xffe90505,
0xffe90505,
0xffe90505,
0xffe90505,
0xffe90505,
0xffe90505,
0xffe90505,
0xffe90505,
0xffe90505,
0xffe90505,
0xffe90505,
0xffe90505,
0xffe90505,
0xffe90505,
0xffe90505,
0xffe90505,
0xffe90505,
0xffe90505,
0xffe90505,
0xffe90505,
0xffe90505,
0xffe90505,
0xffe90505,
0xffe90505,
0xffe90505,
0xffe90505,
0xffe90505,
0xffe90505,
0xffe90505,
0xffe90505,
0xffe90505,
0xffe90505,
0xffe90505,
0xffe90505,
0xffe90505,
0xffe90505,
0xffe90505,
0xffe90505,
0xffe90505,
0xffe90505,
0xffe90505,
0xffe90505,
0xffe90505,
0xffe90505,
0xffe90505,
0xffe90505,
0xffe90505,
0xffe90505,
0xffe90505,
0xffe90505,
0xffe90505,
0xffe90505,
0xffe90505,
0xffe90505,
0xffe90505,
0xffe90505,
0xffe90505,
0xffe90505,
0xffe90505,
0xffe90505,
0xffe90505,
0xffe90505,
0xffe90505,
0xffe90505,
0xffe90505,
0xffe90505,
0xffe90505,
0xffe90505,
0xffe90505,
0xffe90505,
0xffe90505,
0xffe90505,
0xffe90505,
0xffe90505,
0xffe90505,
0xffe90505,
0xffe90505,
0xffe90505,
0xffe90505,
0xffe70909,
0xffd24e3f,
0xffac915a,
0xff748a3d,
0xff618733,
0xff54852a,
0xff3e7b13,
0xff40811b,
0xff418222,
0xff3a8016,
0xff398014,
0xff39801b,
0xff3c801e,
0xff40841c,
0xff438914,
0xff478d17,
0xff4a8f1c,
0xff4c901f,
0xff4f921f,
0xff51931a,
0xff519612,
0xff55990d,
0xff579b0b,
0xff5b9e0e,
0xff68aa1d,
0xff69ab24,
0xff40840f,
0xff2f7209,
0xff3e8015,
0xff41851a,
0xff3b7f15,
0xff3a7f14,
0xff3d8419,
0xff40881c,
0xff438b1c,
0xff478f1f,
0xff509926,
0xff4b921d,
0xff438c17,
0xff438c19,
0xff468d18,
0xff53951d,
0xff5e9d20,
0xff589614,
0xff538f0a,
0xff59920a,
0xff5d9006,
0xff608a01,
0xff678a01,
0xff708e03,
0xff969210,
0xffd2730e,
0xffe85201,
0xffe44f00,
0xffe85100,
0xffec5400,
0xffed5400,
0xffee5703,
0xfff05a05,
0xffeb5502,
0xffeb5401,
0xffee5603,
0xfff05603,
0xfff55907,
0xfff55a08,
0xffe74b00,
0xffe75006,
0xffef5b0f,
0xffe95104,
0xffe54e00,
0xffe54f00,
0xffe85200,
0xffea5600,
0xffed5900,
0xffee5c00,
0xffed5f00,
0xffee6303,
0xfff46706,
0xfff86a06,
0xfffb6e03,
0xfffc7400,
0xfffd7703,
0xfff87607,
0xfffa790c,
0xfffb7b09,
0xfff07801,
0xffe6800c,
0xfffda854,
0xffe74331,
0xffe50606,
0xffe90505,
0xffe90505,
0xffe80505,
0xffe90505,
0xffe90505,
0xffe90505,
0xffe90505,
0xffe90505,
0xffe90505,
0xffe90505,
0xffe90505,
0xffe90505,
0xffe90505,
0xffe90505,
0xffe90505,
0xffe90505,
0xffe90505,
0xffe90505,
0xffe90505,
0xffe90505,
0xffe90505,
0xffe90505,
0xffe90505,
0xffe90505,
0xffe90505,
0xffe90505,
0xffe90505,
0xffe90505,
0xffe90505,
0xffe90505,
0xffe90505,
0xffe90505,
0xffe90505,
0xffe90505,
0xffe90505,
0xffe90505,
0xffe90505,
0xffe90505,
0xffe90505,
0xffe90505,
0xffe90505,
0xffe90505,
0xffe90505,
0xffe90505,
0xffe90505,
0xffe90505,
0xffe90505,
0xffe90505,
0xffe90505,
0xffe90505,
0xffe90505,
0xffe90505,
0xffe90505,
0xffe90505,
0xffe90505,
0xffe90505,
0xffe90505,
0xffe90505,
0xffe90505,
0xffe90505,
0xffe90505,
0xffe90505,
0xffe90505,
0xffe90505,
0xffe90505,
0xffe90505,
0xffe90505,
0xffe90505,
0xffe90505,
0xffe90505,
0xffe90505,
0xffe90505,
0xffe90505,
0xffe90505,
0xffe90505,
0xffe90505,
0xffe90505,
0xffe90505,
0xffe90505,
0xffe90505,
0xffe90505,
0xffe90505,
0xffe90505,
0xffe90505,
0xffe90505,
0xffe90505,
0xffe90505,
0xffe90505,
0xffe90505,
0xffe90505,
0xffe90505,
0xffe90505,
0xffe90505,
0xffe90505,
0xffe90505,
0xffe90505,
0xffe90505,
0xffe90505,
0xffe90505,
0xffe90505,
0xffe90505,
0xffe90505,
0xffe90505,
0xffe90505,
0xffe90505,
0xffe90505,
0xffe90505,
0xffe90505,
0xffe90505,
0xffe90505,
0xffe90505,
0xffe90505,
0xffe90505,
0xffe90505,
0xffe90505,
0xffe90505,
0xffe90505,
0xffe90505,
0xffe90505,
0xffe90505,
0xffe90505,
0xffe90505,
0xffe90505,
0xffe90505,
0xffe90505,
0xffe90505,
0xffe90505,
0xffe90505,
0xffe90505,
0xffe90505,
0xffe90505,
0xffe90505,
0xffe90505,
0xffe90505,
0xffe90505,
0xffe90505,
0xffe90505,
0xffe90505,
0xffe90505,
0xffe90505,
0xffe90505,
0xffe90505,
0xffe90505,
0xffe90505,
0xffe90505,
0xffe90505,
0xffe90505,
0xffe90505,
0xffe90505,
0xffe90505,
0xffea0f0f,
0xffcf8d69,
0xff5a8720,
0xff4c8310,
0xff468013,
0xff3d7a13,
0xff3b7e13,
0xff367a16,
0xff337919,
0xff357d0f,
0xff38810e,
0xff398116,
0xff397d18,
0xff397d12,
0xff3b810e,
0xff3f8411,
0xff448818,
0xff478b1b,
0xff498e1c,
0xff4b8f1a,
0xff4d9116,
0xff4f9411,
0xff52970f,
0xff52970b,
0xff52990a,
0xff60a318,
0xff64a729,
0xff468819,
0xff2e7006,
0xff3b7f12,
0xff3a7e13,
0xff377c13,
0xff3b801a,
0xff3c831b,
0xff3f861c,
0xff438b1f,
0xff4c9424,
0xff49901d,
0xff418917,
0xff438b1c,
0xff4b8f1f,
0xff4c8e19,
0xff59971e,
0xff5f9e1f,
0xff518e0b,
0xff549008,
0xff5b9008,
0xff5e8901,
0xff668600,
0xff677f01,
0xff91840c,
0xffce6907,
0xffe44d01,
0xffe64f00,
0xffea5201,
0xffee5502,
0xffed5502,
0xffed5503,
0xffef5805,
0xffea5302,
0xffe85100,
0xffec5301,
0xffef5301,
0xfff25603,
0xffef5405,
0xffe74e07,
0xfff25e10,
0xfff05807,
0xffed5102,
0xfff25a06,
0xfff05903,
0xffef5902,
0xfff15e04,
0xfff46305,
0xfff66705,
0xfff76806,
0xfff87009,
0xfff9720b,
0xfff67308,
0xfff77402,
0xfffb7500,
0xfffd7400,
0xfffc7301,
0xfffd7402,
0xfff37401,
0xfff38c12,
0xfffbaf59,
0xffe83729,
0xffe60606,
0xffe90505,
0xffe90505,
0xffe80505,
0xffe90505,
0xffe90505,
0xffe90505,
0xffe90505,
0xffe90505,
0xffe90505,
0xffe90505,
0xffe90505,
0xffe90505,
0xffe90505,
0xffe90505,
0xffe90505,
0xffe90505,
0xffe90505,
0xffe90505,
0xffe90505,
0xffe90505,
0xffe90505,
0xffe90505,
0xffe90505,
0xffe90505,
0xffe90505,
0xffe90505,
0xffe90505,
0xffe90505,
0xffe90505,
0xffe90505,
0xffe90505,
0xffe90505,
0xffe90505,
0xffe90505,
0xffe90505,
0xffe90505,
0xffe90505,
0xffe90505,
0xffe90505,
0xffe90505,
0xffe90505,
0xffe90505,
0xffe90505,
0xffe90505,
0xffe90505,
0xffe90505,
0xffe90505,
0xffe90505,
0xffe90505,
0xffe90505,
0xffe90505,
0xffe90505,
0xffe90505,
0xffe90505,
0xffe90505,
0xffe90505,
0xffe90505,
0xffe90505,
0xffe90505,
0xffe90505,
0xffe90505,
0xffe90505,
0xffe90505,
0xffe90505,
0xffe90505,
0xffe90505,
0xffe90505,
0xffe90505,
0xffe90505,
0xffe90505,
0xffe90505,
0xffe90505,
0xffe90505,
0xffe90505,
0xffe90505,
0xffe90505,
0xffe90505,
0xffe90505,
0xffe90505,
0xffe90505,
0xffe90505,
0xffe90505,
0xffe90505,
0xffe90505,
0xffe90505,
0xffe90505,
0xffe90505,
0xffe90505,
0xffe90505,
0xffe90505,
0xffe90505,
0xffe90505,
0xffe90505,
0xffe90505,
0xffe90505,
0xffe90505,
0xffe90505,
0xffe90505,
0xffe90505,
0xffe90505,
0xffe90505,
0xffe90505,
0xffe90505,
0xffe90505,
0xffe90505,
0xffe90505,
0xffe90505,
0xffe90505,
0xffe90505,
0xffe90505,
0xffe90505,
0xffe90505,
0xffe90505,
0xffe90505,
0xffe90505,
0xffe90505,
0xffe90505,
0xffe90505,
0xffe90505,
0xffe90505,
0xffe90505,
0xffe90505,
0xffe90505,
0xffe90505,
0xffe90505,
0xffe90505,
0xffe90505,
0xffe90505,
0xffe90505,
0xffe90505,
0xffe90505,
0xffe90505,
0xffe90505,
0xffe90505,
0xffe90505,
0xffe90505,
0xffe90505,
0xffe90505,
0xffe90505,
0xffe90505,
0xffe90505,
0xffe90505,
0xffe90505,
0xffe90505,
0xffe90505,
0xffe90505,
0xffe90505,
0xffe90505,
0xffe90505,
0xffe90505,
0xffe90505,
0xffe90505,
0xffe21713,
0xffb8905a,
0xff6a9a34,
0xff4b8315,
0xff45840f,
0xff428913,
0xff3d8416,
0xff367f16,
0xff347d10,
0xff337a0b,
0xff34790e,
0xff377b11,
0xff36790e,
0xff317608,
0xff347a09,
0xff3a800e,
0xff408612,
0xff438914,
0xff458a16,
0xff4a8f18,
0xff498f15,
0xff4d9214,
0xff509512,
0xff4e940b,
0xff4c930b,
0xff5a9c1c,
0xff5ea027,
0xff458818,
0xff31750a,
0xff317409,
0xff387b15,
0xff3b801d,
0xff3a811c,
0xff3d831d,
0xff40881e,
0xff478f21,
0xff468c1e,
0xff3f8516,
0xff448b1e,
0xff4a8e20,
0xff4d8e1a,
0xff52921b,
0xff5e9f20,
0xff589916,
0xff508d0a,
0xff568c08,
0xff5e8804,
0xff677f00,
0xff6d7b00,
0xff917b07,
0xffca6003,
0xffe54b00,
0xffe74e00,
0xffe95001,
0xffed5302,
0xffed5401,
0xffec5502,
0xffef5805,
0xffea5302,
0xffe64e00,
0xffeb5000,
0xffef5101,
0xffea4e00,
0xffea5206,
0xffef5a10,
0xffee5405,
0xffef5301,
0xfff45904,
0xfff85e07,
0xfff86106,
0xfff86105,
0xfff96707,
0xfffb6c09,
0xfffc6d08,
0xfff96d07,
0xfff7700a,
0xfff57008,
0xfff46f03,
0xfff37201,
0xfff67400,
0xfffb7403,
0xfffd7000,
0xfff26a02,
0xfff88418,
0xffea8242,
0xffe7281d,
0xffe70606,
0xffe90505,
0xffe80505,
0xffe90505,
0xffe90505,
0xffe90505,
0xffe90505,
0xffe90505,
0xffe90505,
0xffe90505,
0xffe90505,
0xffe90505,
0xffe90505,
0xffe90505,
0xffe90505,
0xffe90505,
0xffe90505,
0xffe90505,
0xffe90505,
0xffe90505,
0xffe90505,
0xffe90505,
0xffe90505,
0xffe90505,
0xffe90505,
0xffe90505,
0xffe90505,
0xffe90505,
0xffe90505,
0xffe90505,
0xffe90505,
0xffe90505,
0xffe90505,
0xffe90505,
0xffe90505,
0xffe90505,
0xffe90505,
0xffe90505,
0xffe90505,
0xffe90505,
0xffe90505,
0xffe90505,
0xffe90505,
0xffe90505,
0xffe90505,
0xffe90505,
0xffe90505,
0xffe90505,
0xffe90505,
0xffe90505,
0xffe90505,
0xffe90505,
0xffe90505,
0xffe90505,
0xffe90505,
0xffe90505,
0xffe90505,
0xffe90505,
0xffe90505,
0xffe90505,
0xffe90505,
0xffe90505,
0xffe90505,
0xffe90505,
0xffe90505,
0xffe90505,
0xffe90505,
0xffe90505,
0xffe90505,
0xffe90505,
0xffe90505,
0xffe90505,
0xffe90505,
0xffe90505,
0xffe90505,
0xffe90505,
0xffe90505,
0xffe90505,
0xffe90505,
0xffe90505,
0xffe90505,
0xffe90505,
0xffe90505,
0xffe90505,
0xffe90505,
0xffe90505,
0xffe90505,
0xffe90505,
0xffe90505,
0xffe90505,
0xffe90505,
0xffe90505,
0xffe90505,
0xffe90505,
0xffe90505,
0xffe90505,
0xffe90505,
0xffe90505,
0xffe90505,
0xffe90505,
0xffe90505,
0xffe90505,
0xffe90505,
0xffe90505,
0xffe90505,
0xffe90505,
0xffe90505,
0xffe90505,
0xffe90505,
0xffe90505,
0xffe90505,
0xffe90505,
0xffe90505,
0xffe90505,
0xffe90505,
0xffe90505,
0xffe90505,
0xffe90505,
0xffe90505,
0xffe90505,
0xffe90505,
0xffe90505,
0xffe90505,
0xffe90505,
0xffe90505,
0xffe90505,
0xffe90505,
0xffe90505,
0xffe90505,
0xffe90505,
0xffe90505,
0xffe90505,
0xffe90505,
0xffe90505,
0xffe90505,
0xffe90505,
0xffe90505,
0xffe90505,
0xffe90505,
0xffe90505,
0xffe90505,
0xffe90505,
0xffe90505,
0xffe90505,
0xffe90505,
0xffe90505,
0xffe90505,
0xffe90505,
0xffe90505,
0xffe90505,
0xffe90505,
0xffe90505,
0xffe90505,
0xffe80505,
0xffe90505,
0xffe2130f,
0xff995432,
0xff648c31,
0xff478617,
0xff438517,
0xff438b1d,
0xff448d1f,
0xff448b1e,
0xff428719,
0xff418616,
0xff408318,
0xff3d8119,
0xff3d8218,
0xff3c8213,
0xff3c820e,
0xff3c830a,
0xff3b8309,
0xff3a810a,
0xff387f0a,
0xff3e8310,
0xff3e8410,
0xff428710,
0xff478d0f,
0xff478d0b,
0xff4b8e0c,
0xff509312,
0xff589c23,
0xff468a1c,
0xff2a6e07,
0xff2d700f,
0xff377b1c,
0xff387e1f,
0xff3a811f,
0xff3e851e,
0xff438a1f,
0xff478c1c,
0xff408617,
0xff42881c,
0xff45891b,
0xff50911e,
0xff509017,
0xff539619,
0xff5a9c1b,
0xff4f8d0d,
0xff528909,
0xff5d8408,
0xff6b7d03,
0xff6d7301,
0xff8f740a,
0xffca5e06,
0xffe64900,
0xffe84e00,
0xffe84e00,
0xffeb5000,
0xffec5300,
0xffeb5300,
0xffee5703,
0xffe85202,
0xffe44b00,
0xffe84d00,
0xffea4e00,
0xffe94d04,
0xffef580a,
0xffec5404,
0xffea4f01,
0xffef5401,
0xffed5200,
0xfff35a04,
0xfff55e05,
0xfff66004,
0xfff96606,
0xfff86806,
0xfff86803,
0xfff56902,
0xfff56a04,
0xfff66b04,
0xfff86d02,
0xfff76e00,
0xfff36d00,
0xfff46b01,
0xffee6f0a,
0xfffd923b,
0xffea643b,
0xffdd0e0b,
0xffe80606,
0xffe90505,
0xffe70505,
0xffe90505,
0xffe90505,
0xffe90505,
0xffe90505,
0xffe90505,
0xffe90505,
0xffe90505,
0xffe90505,
0xffe90505,
0xffe90505,
0xffe90505,
0xffe90505,
0xffe90505,
0xffe90505,
0xffe90505,
0xffe90505,
0xffe90505,
0xffe90505,
0xffe90505,
0xffe90505,
0xffe90505,
0xffe90505,
0xffe90505,
0xffe90505,
0xffe90505,
0xffe90505,
0xffe90505,
0xffe90505,
0xffe90505,
0xffe90505,
0xffe90505,
0xffe90505,
0xffe90505,
0xffe90505,
0xffe90505,
0xffe90505,
0xffe90505,
0xffe90505,
0xffe90505,
0xffe90505,
0xffe90505,
0xffe90505,
0xffe90505,
0xffe90505,
0xffe90505,
0xffe90505,
0xffe90505,
0xffe90505,
0xffe90505,
0xffe90505,
0xffe90505,
0xffe90505,
0xffe90505,
0xffe90505,
0xffe90505,
0xffe90505,
0xffe90505,
0xffe90505,
0xffe90505,
0xffe90505,
0xffe90505,
0xffe90505,
0xffe90505,
0xffe90505,
0xffe90505,
0xffe90505,
0xffe90505,
0xffe90505,
0xffe90505,
0xffe90505,
0xffe90505,
0xffe90505,
0xffe90505,
0xffe90505,
0xffe90505,
0xffe90505,
0xffe90505,
0xffe90505,
0xffe90505,
0xffe90505,
0xffe90505,
0xffe90505,
0xffe90505,
0xffe90505,
0xffe90505,
0xffe90505,
0xffe90505,
0xffe90505,
0xffe90505,
0xffe90505,
0xffe90505,
0xffe90505,
0xffe90505,
0xffe90505,
0xffe90505,
0xffe90505,
0xffe90505,
0xffe90505,
0xffe90505,
0xffe90505,
0xffe90505,
0xffe90505,
0xffe90505,
0xffe90505,
0xffe90505,
0xffe90505,
0xffe90505,
0xffe90505,
0xffe90505,
0xffe90505,
0xffe90505,
0xffe90505,
0xffe90505,
0xffe90505,
0xffe90505,
0xffe90505,
0xffe90505,
0xffe90505,
0xffe90505,
0xffe90505,
0xffe90505,
0xffe90505,
0xffe90505,
0xffe90505,
0xffe90505,
0xffe90505,
0xffe90505,
0xffe90505,
0xffe90505,
0xffe90505,
0xffe90505,
0xffe90505,
0xffe90505,
0xffe90505,
0xffe90505,
0xffe90505,
0xffe90505,
0xffe90505,
0xffe90505,
0xffe90505,
0xffe90505,
0xffe90505,
0xffe90505,
0xffe90505,
0xffe90505,
0xffe90505,
0xffe90505,
0xffe90505,
0xffe90505,
0xffe90505,
0xffe90505,
0xffe90505,
0xffe80505,
0xffe90505,
0xffde0706,
0xffaf3e28,
0xff89a357,
0xff528c35,
0xff3d801d,
0xff428817,
0xff438b17,
0xff438916,
0xff498d19,
0xff4c8e26,
0xff4b8d2b,
0xff4c8e27,
0xff498e20,
0xff478d1a,
0xff489014,
0xff489014,
0xff468c14,
0xff448a14,
0xff458b18,
0xff458b19,
0xff478c18,
0xff448a11,
0xff458b0d,
0xff488b08,
0xff438706,
0xff41850a,
0xff4a8e19,
0xff45881c,
0xff2a6c08,
0xff2a6e0f,
0xff367a1c,
0xff387c1f,
0xff3b801e,
0xff3e851f,
0xff448a1e,
0xff3d8216,
0xff40841a,
0xff46881a,
0xff4c8a1a,
0xff4f8e18,
0xff4f9016,
0xff58991d,
0xff58951a,
0xff4f830b,
0xff597f08,
0xff6a7c06,
0xff696c00,
0xff916c0a,
0xffcc5906,
0xffe64900,
0xffe94e02,
0xffe84d00,
0xffea4e00,
0xffea5001,
0xffe95100,
0xffed5603,
0xffe85002,
0xffe14700,
0xffe44800,
0xffe74900,
0xffef5304,
0xffec5304,
0xffe94f00,
0xffec5100,
0xffee5301,
0xffee5503,
0xfff05804,
0xfff35c04,
0xfff56004,
0xfff66304,
0xfff56403,
0xfff56502,
0xfff56802,
0xfff86700,
0xfffa6800,
0xfffa6b00,
0xfff76700,
0xffed6302,
0xffee7518,
0xfff5914a,
0xffea4934,
0xffea0e0e,
0xffe90505,
0xffe90505,
0xffe80505,
0xffe90505,
0xffe90505,
0xffe90505,
0xffe90505,
0xffe90505,
0xffe90505,
0xffe90505,
0xffe90505,
0xffe90505,
0xffe90505,
0xffe90505,
0xffe90505,
0xffe90505,
0xffe90505,
0xffe90505,
0xffe90505,
0xffe90505,
0xffe90505,
0xffe90505,
0xffe90505,
0xffe90505,
0xffe90505,
0xffe90505,
0xffe90505,
0xffe90505,
0xffe90505,
0xffe90505,
0xffe90505,
0xffe90505,
0xffe90505,
0xffe90505,
0xffe90505,
0xffe90505,
0xffe90505,
0xffe90505,
0xffe90505,
0xffe90505,
0xffe90505,
0xffe90505,
0xffe90505,
0xffe90505,
0xffe90505,
0xffe90505,
0xffe90505,
0xffe90505,
0xffe90505,
0xffe90505,
0xffe90505,
0xffe90505,
0xffe90505,
0xffe90505,
0xffe90505,
0xffe90505,
0xffe90505,
0xffe90505,
0xffe90505,
0xffe90505,
0xffe90505,
0xffe90505,
0xffe90505,
0xffe90505,
0xffe90505,
0xffe90505,
0xffe90505,
0xffe90505,
0xffe90505,
0xffe90505,
0xffe90505,
0xffe90505,
0xffe90505,
0xffe90505,
0xffe90505,
0xffe90505,
0xffe90505,
0xffe90505,
0xffe90505,
0xffe90505,
0xffe90505,
0xffe90505,
0xffe90505,
0xffe90505,
0xffe90505,
0xffe90505,
0xffe90505,
0xffe90505,
0xffe90505,
0xffe90505,
0xffe90505,
0xffe90505,
0xffe90505,
0xffe90505,
0xffe90505,
0xffe90505,
0xffe90505,
0xffe90505,
0xffe90505,
0xffe90505,
0xffe90505,
0xffe90505,
0xffe90505,
0xffe90505,
0xffe90505,
0xffe90505,
0xffe90505,
0xffe90505,
0xffe90505,
0xffe90505,
0xffe90505,
0xffe90505,
0xffe90505,
0xffe90505,
0xffe90505,
0xffe90505,
0xffe90505,
0xffe90505,
0xffe90505,
0xffe90505,
0xffe90505,
0xffe90505,
0xffe90505,
0xffe90505,
0xffe90505,
0xffe90505,
0xffe90505,
0xffe90505,
0xffe90505,
0xffe90505,
0xffe90505,
0xffe90505,
0xffe90505,
0xffe90505,
0xffe90505,
0xffe90505,
0xffe90505,
0xffe90505,
0xffe90505,
0xffe90505,
0xffe90505,
0xffe90505,
0xffe90505,
0xffe90505,
0xffe90505,
0xffe90505,
0xffe90505,
0xffe90505,
0xffe90505,
0xffe90505,
0xffe90505,
0xffe90505,
0xffe90505,
0xffe90505,
0xffe90505,
0xffe90505,
0xffe90505,
0xffe70505,
0xffe90505,
0xffe40606,
0xffd22b22,
0xff8a7c51,
0xff52832e,
0xff3e8111,
0xff40860e,
0xff428915,
0xff45881d,
0xff468226,
0xff458025,
0xff43831c,
0xff42871b,
0xff468a1a,
0xff498e1a,
0xff4c911b,
0xff4c911c,
0xff4c921c,
0xff4d921c,
0xff4c921a,
0xff50971c,
0xff519819,
0xff559b1a,
0xff579d15,
0xff589a13,
0xff5b9e18,
0xff66a825,
0xff6bac30,
0xff51911e,
0xff306f05,
0xff29680a,
0xff38781b,
0xff3c7c20,
0xff3a7f22,
0xff3e8521,
0xff3a801b,
0xff3d831c,
0xff45831c,
0xff498319,
0xff4d8b1c,
0xff4f8c1a,
0xff538e1c,
0xff5d9523,
0xff538312,
0xff537a07,
0xff5c7b06,
0xff686800,
0xff9e6509,
0xffd25505,
0xffe54700,
0xffe94c01,
0xffe84c01,
0xffe94d01,
0xffea4e01,
0xffea4f01,
0xffee5204,
0xffe94d03,
0xffdf4300,
0xffdf4300,
0xffec4f05,
0xffea4d04,
0xffe74a02,
0xffe94c03,
0xffec5002,
0xffed5104,
0xffef5505,
0xffef5705,
0xfff15b06,
0xfff35e05,
0xfff35f03,
0xfff36002,
0xfff36203,
0xfff66302,
0xfffa6802,
0xfffe6c02,
0xfff56400,
0xfff26804,
0xfffd9732,
0xffee7647,
0xffdd1712,
0xffe60606,
0xffe90505,
0xffe90505,
0xffe80505,
0xffe90505,
0xffe90505,
0xffe90505,
0xffe90505,
0xffe90505,
0xffe90505,
0xffe90505,
0xffe90505,
0xffe90505,
0xffe90505,
0xffe90505,
0xffe90505,
0xffe90505,
0xffe90505,
0xffe90505,
0xffe90505,
0xffe90505,
0xffe90505,
0xffe90505,
0xffe90505,
0xffe90505,
0xffe90505,
0xffe90505,
0xffe90505,
0xffe90505,
0xffe90505,
0xffe90505,
0xffe90505,
0xffe90505,
0xffe90505,
0xffe90505,
0xffe90505,
0xffe90505,
0xffe90505,
0xffe90505,
0xffe90505,
0xffe90505,
0xffe90505,
0xffe90505,
0xffe90505,
0xffe90505,
0xffe90505,
0xffe90505,
0xffe90505,
0xffe90505,
0xffe90505,
0xffe90505,
0xffe90505,
0xffe90505,
0xffe90505,
0xffe90505,
0xffe90505,
0xffe90505,
0xffe90505,
0xffe90505,
0xffe90505,
0xffe90505,
0xffe90505,
0xffe90505,
0xffe90505,
0xffe90505,
0xffe90505,
0xffe90505,
0xffe90505,
0xffe90505,
0xffe90505,
0xffe90505,
0xffe90505,
0xffe90505,
0xffe90505,
0xffe90505,
0xffe90505,
0xffe90505,
0xffe90505,
0xffe90505,
0xffe90505,
0xffe90505,
0xffe90505,
0xffe90505,
0xffe90505,
0xffe90505,
0xffe90505,
0xffe90505,
0xffe90505,
0xffe90505,
0xffe90505,
0xffe90505,
0xffe90505,
0xffe90505,
0xffe90505,
0xffe90505,
0xffe90505,
0xffe90505,
0xffe90505,
0xffe90505,
0xffe90505,
0xffe90505,
0xffe90505,
0xffe90505,
0xffe90505,
0xffe90505,
0xffe90505,
0xffe90505,
0xffe90505,
0xffe90505,
0xffe90505,
0xffe90505,
0xffe90505,
0xffe90505,
0xffe90505,
0xffe90505,
0xffe90505,
0xffe90505,
0xffe90505,
0xffe90505,
0xffe90505,
0xffe90505,
0xffe90505,
0xffe90505,
0xffe90505,
0xffe90505,
0xffe90505,
0xffe90505,
0xffe90505,
0xffe90505,
0xffe90505,
0xffe90505,
0xffe90505,
0xffe90505,
0xffe90505,
0xffe90505,
0xffe90505,
0xffe90505,
0xffe90505,
0xffe90505,
0xffe90505,
0xffe90505,
0xffe90505,
0xffe90505,
0xffe90505,
0xffe90505,
0xffe90505,
0xffe90505,
0xffe90505,
0xffe90505,
0xffe90505,
0xffe90505,
0xffe90505,
0xffe90505,
0xffe90505,
0xffe90505,
0xffe90505,
0xffe90505,
0xffe90505,
0xffe90505,
0xffe90505,
0xffe70505,
0xffe90505,
0xffe70505,
0xffd50e0a,
0xffa25638,
0xff749a47,
0xff407f15,
0xff408213,
0xff41851b,
0xff408423,
0xff428525,
0xff44861f,
0xff44871c,
0xff44871c,
0xff43871a,
0xff438719,
0xff458a1a,
0xff468b17,
0xff478d15,
0xff498f15,
0xff499112,
0xff4d9514,
0xff519916,
0xff549912,
0xff5da013,
0xff68ab1b,
0xff75b625,
0xff87c639,
0xff8dcb46,
0xff6ba82e,
0xff327008,
0xff29680a,
0xff357714,
0xff367c1b,
0xff3b8120,
0xff357d1b,
0xff387e1c,
0xff407e1a,
0xff46801a,
0xff47851c,
0xff4a881c,
0xff4e881a,
0xff588e21,
0xff5a891b,
0xff537a0a,
0xff547602,
0xff696500,
0xffa75f08,
0xffd75505,
0xffe74800,
0xffe84a00,
0xffe84c01,
0xffe84c01,
0xffe94b01,
0xffeb4c02,
0xffec4e02,
0xffe74802,
0xffdd4000,
0xffe54904,
0xffe84d07,
0xffe54801,
0xffe64703,
0xffe84a03,
0xffe94c02,
0xffea4e02,
0xffea5001,
0xffe95201,
0xffe85301,
0xffeb5601,
0xffef5a01,
0xfff15e02,
0xfff46104,
0xfff66304,
0xfff86804,
0xfff66601,
0xfff36a07,
0xffe67723,
0xffdc4e2e,
0xffe50d09,
0xffe80505,
0xffe90505,
0xffe70505,
0xffe90505,
0xffe90505,
0xffe90505,
0xffe90505,
0xffe90505,
0xffe90505,
0xffe90505,
0xffe90505,
0xffe90505,
0xffe90505,
0xffe90505,
0xffe90505,
0xffe90505,
0xffe90505,
0xffe90505,
0xffe90505,
0xffe90505,
0xffe90505,
0xffe90505,
0xffe90505,
0xffe90505,
0xffe90505,
0xffe90505,
0xffe90505,
0xffe90505,
0xffe90505,
0xffe90505,
0xffe90505,
0xffe90505,
0xffe90505,
0xffe90505,
0xffe90505,
0xffe90505,
0xffe90505,
0xffe90505,
0xffe90505,
0xffe90505,
0xffe90505,
0xffe90505,
0xffe90505,
0xffe90505,
0xffe90505,
0xffe90505,
0xffe90505,
0xffe90505,
0xffe90505,
0xffe90505,
0xffe90505,
0xffe90505,
0xffe90505,
0xffe90505,
0xffe90505,
0xffe90505,
0xffe90505,
0xffe90505,
0xffe90505,
0xffe90505,
0xffe90505,
0xffe90505,
0xffe90505,
0xffe90505,
0xffe90505,
0xffe90505,
0xffe90505,
0xffe90505,
0xffe90505,
0xffe90505,
0xffe90505,
0xffe90505,
0xffe90505,
0xffe90505,
0xffe90505,
0xffe90505,
0xffe90505,
0xffe90505,
0xffe90505,
0xffe90505,
0xffe90505,
0xffe90505,
0xffe90505,
0xffe90505,
0xffe90505,
0xffe90505,
0xffe90505,
0xffe90505,
0xffe90505,
0xffe90505,
0xffe90505,
0xffe90505,
0xffe90505,
0xffe90505,
0xffe90505,
0xffe90505,
0xffe90505,
0xffe90505,
0xffe90505,
0xffe90505,
0xffe90505,
0xffe90505,
0xffe90505,
0xffe90505,
0xffe90505,
0xffe90505,
0xffe90505,
0xffe90505,
0xffe90505,
0xffe90505,
0xffe90505,
0xffe90505,
0xffe90505,
0xffe90505,
0xffe90505,
0xffe90505,
0xffe90505,
0xffe90505,
0xffe90505,
0xffe90505,
0xffe90505,
0xffe90505,
0xffe90505,
0xffe90505,
0xffe90505,
0xffe90505,
0xffe90505,
0xffe90505,
0xffe90505,
0xffe90505,
0xffe90505,
0xffe90505,
0xffe90505,
0xffe90505,
0xffe90505,
0xffe90505,
0xffe90505,
0xffe90505,
0xffe90505,
0xffe90505,
0xffe90505,
0xffe90505,
0xffe90505,
0xffe90505,
0xffe90505,
0xffe90505,
0xffe90505,
0xffe90505,
0xffe90505,
0xffe90505,
0xffe90505,
0xffe90505,
0xffe90505,
0xffe90505,
0xffe90505,
0xffe90505,
0xffe90505,
0xffe90505,
0xffe90505,
0xffe90505,
0xffe90505,
0xffe90505,
0xffe80505,
0xffe90505,
0xffe90505,
0xffe10707,
0xffd14737,
0xff869754,
0xff3f7819,
0xff3b8213,
0xff38891a,
0xff39891c,
0xff3f861c,
0xff42861b,
0xff41861b,
0xff41851a,
0xff42871a,
0xff448a1c,
0xff458b19,
0xff468c18,
0xff488f18,
0xff488f16,
0xff489015,
0xff499013,
0xff4f950e,
0xff559a0c,
0xff5fa213,
0xff68aa17,
0xff76b822,
0xff85c533,
0xff8ccd44,
0xff74b537,
0xff408115,
0xff266a02,
0xff34780d,
0xff387f17,
0xff327a15,
0xff347c19,
0xff3e7e1d,
0xff41801b,
0xff408319,
0xff45861a,
0xff4a851b,
0xff4e861d,
0xff5e8b21,
0xff587d11,
0xff516d01,
0xff6f6000,
0xffab5b07,
0xffd85205,
0xffe64800,
0xffe54a01,
0xffe54901,
0xffe74a00,
0xffe84900,
0xffe94a01,
0xffec4e03,
0xffe34401,
0xffe84b07,
0xffea4e09,
0xffdf4301,
0xffe14400,
0xffe24400,
0xffe44600,
0xffe54800,
0xffe64b00,
0xffe84f00,
0xffe95200,
0xffeb5600,
0xffef5a00,
0xfff35e01,
0xfff56203,
0xfff66405,
0xfff76706,
0xfff36b05,
0xfff96e09,
0xfff77c2e,
0xffc52316,
0xffe20606,
0xffe90505,
0xffe90505,
0xffe80505,
0xffe90505,
0xffe90505,
0xffe90505,
0xffe90505,
0xffe90505,
0xffe90505,
0xffe90505,
0xffe90505,
0xffe90505,
0xffe90505,
0xffe90505,
0xffe90505,
0xffe90505,
0xffe90505,
0xffe90505,
0xffe90505,
0xffe90505,
0xffe90505,
0xffe90505,
0xffe90505,
0xffe90505,
0xffe90505,
0xffe90505,
0xffe90505,
0xffe90505,
0xffe90505,
0xffe90505,
0xffe90505,
0xffe90505,
0xffe90505,
0xffe90505,
0xffe90505,
0xffe90505,
0xffe90505,
0xffe90505,
0xffe90505,
0xffe90505,
0xffe90505,
0xffe90505,
0xffe90505,
0xffe90505,
0xffe90505,
0xffe90505,
0xffe90505,
0xffe90505,
0xffe90505,
0xffe90505,
0xffe90505,
0xffe90505,
0xffe90505,
0xffe90505,
0xffe90505,
0xffe90505,
0xffe90505,
0xffe90505,
0xffe90505,
0xffe90505,
0xffe90505,
0xffe90505,
0xffe90505,
0xffe90505,
0xffe90505,
0xffe90505,
0xffe90505,
0xffe90505,
0xffe90505,
0xffe90505,
0xffe90505,
0xffe90505,
0xffe90505,
0xffe90505,
0xffe90505,
0xffe90505,
0xffe90505,
0xffe90505,
0xffe90505,
0xffe90505,
0xffe90505,
0xffe90505,
0xffe90505,
0xffe90505,
0xffe90505,
0xffe90505,
0xffe90505,
0xffe90505,
0xffe90505,
0xffe90505,
0xffe90505,
0xffe90505,
0xffe90505,
0xffe90505,
0xffe90505,
0xffe90505,
0xffe90505,
0xffe90505,
0xffe90505,
0xffe90505,
0xffe90505,
0xffe90505,
0xffe90505,
0xffe90505,
0xffe90505,
0xffe90505,
0xffe90505,
0xffe90505,
0xffe90505,
0xffe90505,
0xffe90505,
0xffe90505,
0xffe90505,
0xffe90505,
0xffe90505,
0xffe90505,
0xffe90505,
0xffe90505,
0xffe90505,
0xffe90505,
0xffe90505,
0xffe90505,
0xffe90505,
0xffe90505,
0xffe90505,
0xffe90505,
0xffe90505,
0xffe90505,
0xffe90505,
0xffe90505,
0xffe90505,
0xffe90505,
0xffe90505,
0xffe90505,
0xffe90505,
0xffe90505,
0xffe90505,
0xffe90505,
0xffe90505,
0xffe90505,
0xffe90505,
0xffe90505,
0xffe90505,
0xffe90505,
0xffe90505,
0xffe90505,
0xffe90505,
0xffe90505,
0xffe90505,
0xffe90505,
0xffe90505,
0xffe90505,
0xffe90505,
0xffe90505,
0xffe90505,
0xffe90505,
0xffe90505,
0xffe90505,
0xffe90505,
0xffe90505,
0xffe90505,
0xffe90505,
0xffe90505,
0xffe90505,
0xffe80505,
0xffe90505,
0xffe90505,
0xffe50606,
0xffc61c16,
0xff686d38,
0xff4d8b2e,
0xff368116,
0xff348414,
0xff3b8519,
0xff3e841b,
0xff40851b,
0xff40851b,
0xff40851b,
0xff41871c,
0xff41881b,
0xff42891a,
0xff448b1b,
0xff458d19,
0xff468e19,
0xff478f19,
0xff4c9216,
0xff529717,
0xff579b15,
0xff60a517,
0xff6aaf1d,
0xff76b827,
0xff77b92d,
0xff77b835,
0xff68a931,
0xff45871c,
0xff2b6d04,
0xff30730e,
0xff327916,
0xff317a17,
0xff377a19,
0xff3b7d1b,
0xff3c8119,
0xff40821a,
0xff44811a,
0xff48811a,
0xff598520,
0xff5b7e16,
0xff556d02,
0xff745b00,
0xffad5203,
0xffd64b03,
0xffe44800,
0xffe24701,
0xffe24700,
0xffe64801,
0xffe74901,
0xffe64800,
0xffe34500,
0xffe94b08,
0xfff1560d,
0xffea4e05,
0xffeb4e03,
0xffec4f02,
0xffed5004,
0xffee5203,
0xffee5202,
0xffee5301,
0xfff05701,
0xfff15a01,
0xfff25f00,
0xfff66000,
0xfff66303,
0xfff66303,
0xfff66303,
0xfff56402,
0xfff16700,
0xfff9710b,
0xfffa8a40,
0xffe32018,
0xffe80505,
0xffe90505,
0xffe80505,
0xffe90505,
0xffe90505,
0xffe90505,
0xffe90505,
0xffe90505,
0xffe90505,
0xffe90505,
0xffe90505,
0xffe90505,
0xffe90505,
0xffe90505,
0xffe90505,
0xffe90505,
0xffe90505,
0xffe90505,
0xffe90505,
0xffe90505,
0xffe90505,
0xffe90505,
0xffe90505,
0xffe90505,
0xffe90505,
0xffe90505,
0xffe90505,
0xffe90505,
0xffe90505,
0xffe90505,
0xffe90505,
0xffe90505,
0xffe90505,
0xffe90505,
0xffe90505,
0xffe90505,
0xffe90505,
0xffe90505,
0xffe90505,
0xffe90505,
0xffe90505,
0xffe90505,
0xffe90505,
0xffe90505,
0xffe90505,
0xffe90505,
0xffe90505,
0xffe90505,
0xffe90505,
0xffe90505,
0xffe90505,
0xffe90505,
0xffe90505,
0xffe90505,
0xffe90505,
0xffe90505,
0xffe90505,
0xffe90505,
0xffe90505,
0xffe90505,
0xffe90505,
0xffe90505,
0xffe90505,
0xffe90505,
0xffe90505,
0xffe90505,
0xffe90505,
0xffe90505,
0xffe90505,
0xffe90505,
0xffe90505,
0xffe90505,
0xffe90505,
0xffe90505,
0xffe90505,
0xffe90505,
0xffe90505,
0xffe90505,
0xffe90505,
0xffe90505,
0xffe90505,
0xffe90505,
0xffe90505,
0xffe90505,
0xffe90505,
0xffe90505,
0xffe90505,
0xffe90505,
0xffe90505,
0xffe90505,
0xffe90505,
0xffe90505,
0xffe90505,
0xffe90505,
0xffe90505,
0xffe90505,
0xffe90505,
0xffe90505,
0xffe90505,
0xffe90505,
0xffe90505,
0xffe90505,
0xffe90505,
0xffe90505,
0xffe90505,
0xffe90505,
0xffe90505,
0xffe90505,
0xffe90505,
0xffe90505,
0xffe90505,
0xffe90505,
0xffe90505,
0xffe90505,
0xffe90505,
0xffe90505,
0xffe90505,
0xffe90505,
0xffe90505,
0xffe90505,
0xffe90505,
0xffe90505,
0xffe90505,
0xffe90505,
0xffe90505,
0xffe90505,
0xffe90505,
0xffe90505,
0xffe90505,
0xffe90505,
0xffe90505,
0xffe90505,
0xffe90505,
0xffe90505,
0xffe90505,
0xffe90505,
0xffe90505,
0xffe90505,
0xffe90505,
0xffe90505,
0xffe90505,
0xffe90505,
0xffe90505,
0xffe90505,
0xffe90505,
0xffe90505,
0xffe90505,
0xffe90505,
0xffe90505,
0xffe90505,
0xffe90505,
0xffe90505,
0xffe90505,
0xffe90505,
0xffe90505,
0xffe90505,
0xffe90505,
0xffe90505,
0xffe90505,
0xffe90505,
0xffe90505,
0xffe90505,
0xffe90505,
0xffe90505,
0xffe90505,
0xffe90505,
0xffe90505,
0xffe80505,
0xffe90505,
0xffe70505,
0xffc6130e,
0xff686938,
0xff3f7c1f,
0xff377e14,
0xff3a821a,
0xff3b831d,
0xff3d841d,
0xff3d851e,
0xff3e851e,
0xff3e861f,
0xff3e861e,
0xff3e861d,
0xff3f871b,
0xff3f881a,
0xff418a1a,
0xff448b1c,
0xff498e1f,
0xff4e9220,
0xff52971f,
0xff559a1b,
0xff579c17,
0xff589c15,
0xff549712,
0xff529416,
0xff539521,
0xff55972c,
0xff438520,
0xff2b6e0e,
0xff266c0c,
0xff2d7313,
0xff337616,
0xff377a19,
0xff39801b,
0xff3c801b,
0xff417f1b,
0xff477e1b,
0xff517f1c,
0xff5a7d1a,
0xff5a6e0a,
0xff785701,
0xffad4700,
0xffd04301,
0xffe14702,
0xffe14602,
0xffe14501,
0xffe54703,
0xffe64702,
0xffe04200,
0xffe14303,
0xffef510a,
0xffe94d03,
0xffeb4f02,
0xffef5305,
0xffee5302,
0xfff05501,
0xfff15602,
0xfff25701,
0xfff25901,
0xfff45c01,
0xfff45e00,
0xfff46000,
0xfff66202,
0xfff66302,
0xfff66301,
0xfff56201,
0xfff46200,
0xfff16300,
0xffec6402,
0xffed731b,
0xfff89355,
0xffe63123,
0xffe40606,
0xffe90505,
0xffe70505,
0xffe90505,
0xffe90505,
0xffe90505,
0xffe90505,
0xffe90505,
0xffe90505,
0xffe90505,
0xffe90505,
0xffe90505,
0xffe90505,
0xffe90505,
0xffe90505,
0xffe90505,
0xffe90505,
0xffe90505,
0xffe90505,
0xffe90505,
0xffe90505,
0xffe90505,
0xffe90505,
0xffe90505,
0xffe90505,
0xffe90505,
0xffe90505,
0xffe90505,
0xffe90505,
0xffe90505,
0xffe90505,
0xffe90505,
0xffe90505,
0xffe90505,
0xffe90505,
0xffe90505,
0xffe90505,
0xffe90505,
0xffe90505,
0xffe90505,
0xffe90505,
0xffe90505,
0xffe90505,
0xffe90505,
0xffe90505,
0xffe90505,
0xffe90505,
0xffe90505,
0xffe90505,
0xffe90505,
0xffe90505,
0xffe90505,
0xffe90505,
0xffe90505,
0xffe90505,
0xffe90505,
0xffe90505,
0xffe90505,
0xffe90505,
0xffe90505,
0xffe90505,
0xffe90505,
0xffe90505,
0xffe90505,
0xffe90505,
0xffe90505,
0xffe90505,
0xffe90505,
0xffe90505,
0xffe90505,
0xffe90505,
0xffe90505,
0xffe90505,
0xffe90505,
0xffe90505,
0xffe90505,
0xffe90505,
0xffe90505,
0xffe90505,
0xffe90505,
0xffe90505,
0xffe90505,
0xffe90505,
0xffe90505,
0xffe90505,
0xffe90505,
0xffe90505,
0xffe90505,
0xffe90505,
0xffe90505,
0xffe90505,
0xffe90505,
0xffe90505,
0xffe90505,
0xffe90505,
0xffe90505,
0xffe90505,
0xffe90505,
0xffe90505,
0xffe90505,
0xffe90505,
0xffe90505,
0xffe90505,
0xffe90505,
0xffe90505,
0xffe90505,
0xffe90505,
0xffe90505,
0xffe90505,
0xffe90505,
0xffe90505,
0xffe90505,
0xffe90505,
0xffe90505,
0xffe90505,
0xffe90505,
0xffe90505,
0xffe90505,
0xffe90505,
0xffe90505,
0xffe90505,
0xffe90505,
0xffe90505,
0xffe90505,
0xffe90505,
0xffe90505,
0xffe90505,
0xffe90505,
0xffe90505,
0xffe90505,
0xffe90505,
0xffe90505,
0xffe90505,
0xffe90505,
0xffe90505,
0xffe90505,
0xffe90505,
0xffe90505,
0xffe90505,
0xffe90505,
0xffe90505,
0xffe90505,
0xffe90505,
0xffe90505,
0xffe90505,
0xffe90505,
0xffe90505,
0xffe90505,
0xffe90505,
0xffe90505,
0xffe90505,
0xffe90505,
0xffe90505,
0xffe90505,
0xffe90505,
0xffe90505,
0xffe90505,
0xffe90505,
0xffe90505,
0xffe90505,
0xffe90505,
0xffe90505,
0xffe90505,
0xffe90505,
0xffe90505,
0xffe90505,
0xffe90505,
0xffe70505,
0xffe90505,
0xffe70505,
0xffc01c15,
0xff74924a,
0xff3a7618,
0xff387d1a,
0xff37801c,
0xff38801c,
0xff38801d,
0xff3b8320,
0xff3c8421,
0xff3a821f,
0xff3b821f,
0xff3c851e,
0xff3d851d,
0xff3e861d,
0xff408820,
0xff428923,
0xff428821,
0xff458c1f,
0xff498f1e,
0xff478d17,
0xff42860d,
0xff3f840c,
0xff428512,
0xff3f8116,
0xff3f811a,
0xff468727,
0xff418326,
0xff2e7115,
0xff23650a,
0xff307014,
0xff377919,
0xff367b1a,
0xff3a7c1a,
0xff417d1d,
0xff457c1e,
0xff4c7b1b,
0xff577b1a,
0xff5a6b0c,
0xff7c5403,
0xffac3e02,
0xffcb3a00,
0xffe04402,
0xffe04604,
0xffdf4503,
0xffe24603,
0xffdd4000,
0xffdf4301,
0xffea4c06,
0xffe94b03,
0xffe74a00,
0xffeb4f02,
0xffec5001,
0xffec5200,
0xffed5400,
0xffef5500,
0xfff15700,
0xfff25800,
0xfff25b00,
0xfff45e00,
0xfff76102,
0xfff76202,
0xfff66202,
0xfff66202,
0xfff56102,
0xfff56201,
0xfff46300,
0xfff06101,
0xffe55701,
0xfff1670c,
0xfffb973f,
0xffd94327,
0xffe00605,
0xffe90505,
0xffe80505,
0xffe80505,
0xffe90505,
0xffe90505,
0xffe90505,
0xffe90505,
0xffe90505,
0xffe90505,
0xffe90505,
0xffe90505,
0xffe90505,
0xffe90505,
0xffe90505,
0xffe90505,
0xffe90505,
0xffe90505,
0xffe90505,
0xffe90505,
0xffe90505,
0xffe90505,
0xffe90505,
0xffe90505,
0xffe90505,
0xffe90505,
0xffe90505,
0xffe90505,
0xffe90505,
0xffe90505,
0xffe90505,
0xffe90505,
0xffe90505,
0xffe90505,
0xffe90505,
0xffe90505,
0xffe90505,
0xffe90505,
0xffe90505,
0xffe90505,
0xffe90505,
0xffe90505,
0xffe90505,
0xffe90505,
0xffe90505,
0xffe90505,
0xffe90505,
0xffe90505,
0xffe90505,
0xffe90505,
0xffe90505,
0xffe90505,
0xffe90505,
0xffe90505,
0xffe90505,
0xffe90505,
0xffe90505,
0xffe90505,
0xffe90505,
0xffe90505,
0xffe90505,
0xffe90505,
0xffe90505,
0xffe90505,
0xffe90505,
0xffe90505,
0xffe90505,
0xffe90505,
0xffe90505,
0xffe90505,
0xffe90505,
0xffe90505,
0xffe90505,
0xffe90505,
0xffe90505,
0xffe90505,
0xffe90505,
0xffe90505,
0xffe90505,
0xffe90505,
0xffe90505,
0xffe90505,
0xffe90505,
0xffe90505,
0xffe90505,
0xffe90505,
0xffe90505,
0xffe90505,
0xffe90505,
0xffe90505,
0xffe90505,
0xffe90505,
0xffe90505,
0xffe90505,
0xffe90505,
0xffe90505,
0xffe90505,
0xffe90505,
0xffe90505,
0xffe90505,
0xffe90505,
0xffe90505,
0xffe90505,
0xffe90505,
0xffe90505,
0xffe90505,
0xffe90505,
0xffe90505,
0xffe90505,
0xffe90505,
0xffe90505,
0xffe90505,
0xffe90505,
0xffe90505,
0xffe90505,
0xffe90505,
0xffe90505,
0xffe90505,
0xffe90505,
0xffe90505,
0xffe90505,
0xffe90505,
0xffe90505,
0xffe90505,
0xffe90505,
0xffe90505,
0xffe90505,
0xffe90505,
0xffe90505,
0xffe90505,
0xffe90505,
0xffe90505,
0xffe90505,
0xffe90505,
0xffe90505,
0xffe90505,
0xffe90505,
0xffe90505,
0xffe90505,
0xffe90505,
0xffe90505,
0xffe90505,
0xffe90505,
0xffe90505,
0xffe90505,
0xffe90505,
0xffe90505,
0xffe90505,
0xffe90505,
0xffe90505,
0xffe90505,
0xffe90505,
0xffe90505,
0xffe90505,
0xffe90505,
0xffe90505,
0xffe90505,
0xffe90505,
0xffe90505,
0xffe90505,
0xffe90505,
0xffe90505,
0xffe90505,
0xffe90505,
0xffe90505,
0xffe80505,
0xffe80505,
0xffe90505,
0xffe20606,
0xffc2412e,
0xff63873f,
0xff37741f,
0xff377d1d,
0xff367f1c,
0xff377e1e,
0xff367d1d,
0xff367d1d,
0xff357d1d,
0xff357d1d,
0xff367e1d,
0xff38801e,
0xff3a821f,
0xff3b831f,
0xff3c841f,
0xff3b851f,
0xff3a851e,
0xff3b841c,
0xff3a8319,
0xff398216,
0xff3b8315,
0xff3c8114,
0xff3b7f13,
0xff387e13,
0xff397e16,
0xff377c17,
0xff3b811c,
0xff438426,
0xff38721b,
0xff2a620b,
0xff327113,
0xff357919,
0xff387617,
0xff3f771b,
0xff44791d,
0xff4b791d,
0xff55791b,
0xff57680c,
0xff7d5003,
0xffaf3904,
0xffc83500,
0xffdc4104,
0xffe04507,
0xffdf4505,
0xffd93d01,
0xffdb3e01,
0xffe74a03,
0xffe74901,
0xffe64801,
0xffeb4e03,
0xffec5003,
0xffec5102,
0xffee5300,
0xfff15700,
0xfff25801,
0xfff35901,
0xfff45a01,
0xfff45c00,
0xfff55f02,
0xfff96204,
0xfff86205,
0xfff56004,
0xfff25d01,
0xfff25e01,
0xfff56001,
0xfff96300,
0xfff96902,
0xfff36802,
0xffee5a00,
0xffee6706,
0xfff88b28,
0xffd75b2f,
0xffe2160f,
0xffe60505,
0xffe90505,
0xffe80505,
0xffe90505,
0xffe90505,
0xffe90505,
0xffe90505,
0xffe90505,
0xffe90505,
0xffe90505,
0xffe90505,
0xffe90505,
0xffe90505,
0xffe90505,
0xffe90505,
0xffe90505,
0xffe90505,
0xffe90505,
0xffe90505,
0xffe90505,
0xffe90505,
0xffe90505,
0xffe90505,
0xffe90505,
0xffe90505,
0xffe90505,
0xffe90505,
0xffe90505,
0xffe90505,
0xffe90505,
0xffe90505,
0xffe90505,
0xffe90505,
0xffe90505,
0xffe90505,
0xffe90505,
0xffe90505,
0xffe90505,
0xffe90505,
0xffe90505,
0xffe90505,
0xffe90505,
0xffe90505,
0xffe90505,
0xffe90505,
0xffe90505,
0xffe90505,
0xffe90505,
0xffe90505,
0xffe90505,
0xffe90505,
0xffe90505,
0xffe90505,
0xffe90505,
0xffe90505,
0xffe90505,
0xffe90505,
0xffe90505,
0xffe90505,
0xffe90505,
0xffe90505,
0xffe90505,
0xffe90505,
0xffe90505,
0xffe90505,
0xffe90505,
0xffe90505,
0xffe90505,
0xffe90505,
0xffe90505,
0xffe90505,
0xffe90505,
0xffe90505,
0xffe90505,
0xffe90505,
0xffe90505,
0xffe90505,
0xffe90505,
0xffe90505,
0xffe90505,
0xffe90505,
0xffe90505,
0xffe90505,
0xffe90505,
0xffe90505,
0xffe90505,
0xffe90505,
0xffe90505,
0xffe90505,
0xffe90505,
0xffe90505,
0xffe90505,
0xffe90505,
0xffe90505,
0xffe90505,
0xffe90505,
0xffe90505,
0xffe90505,
0xffe90505,
0xffe90505,
0xffe90505,
0xffe90505,
0xffe90505,
0xffe90505,
0xffe90505,
0xffe90505,
0xffe90505,
0xffe90505,
0xffe90505,
0xffe90505,
0xffe90505,
0xffe90505,
0xffe90505,
0xffe90505,
0xffe90505,
0xffe90505,
0xffe90505,
0xffe90505,
0xffe90505,
0xffe90505,
0xffe90505,
0xffe90505,
0xffe90505,
0xffe90505,
0xffe90505,
0xffe90505,
0xffe90505,
0xffe90505,
0xffe90505,
0xffe90505,
0xffe90505,
0xffe90505,
0xffe90505,
0xffe90505,
0xffe90505,
0xffe90505,
0xffe90505,
0xffe90505,
0xffe90505,
0xffe90505,
0xffe90505,
0xffe90505,
0xffe90505,
0xffe90505,
0xffe90505,
0xffe90505,
0xffe90505,
0xffe90505,
0xffe90505,
0xffe90505,
0xffe90505,
0xffe90505,
0xffe90505,
0xffe90505,
0xffe90505,
0xffe90505,
0xffe90505,
0xffe90505,
0xffe90505,
0xffe90505,
0xffe90505,
0xffe80505,
0xffe90505,
0xffe90505,
0xffe50606,
0xffe11c1a,
0xffb6684a,
0xff5e893d,
0xff2e6e19,
0xff397c23,
0xff367d20,
0xff367e1e,
0xff387f20,
0xff387f22,
0xff377e21,
0xff377e20,
0xff357c1d,
0xff307718,
0xff2f7616,
0xff327917,
0xff367e1b,
0xff38811c,
0xff36821a,
0xff338018,
0xff347f18,
0xff36801c,
0xff357e1b,
0xff357d1a,
0xff377e1b,
0xff377e19,
0xff387e16,
0xff387f16,
0xff377f16,
0xff327910,
0xff397818,
0xff4b802b,
0xff3d731c,
0xff276207,
0xff2f7011,
0xff3b761c,
0xff3f711a,
0xff46771e,
0xff4a781d,
0xff52761b,
0xff56660d,
0xff7d4c04,
0xffb53a04,
0xffc83400,
0xffd63c03,
0xffda3f04,
0xffd53b01,
0xffd83c01,
0xffe64807,
0xffe54702,
0xffe34500,
0xffe84a01,
0xffec4f05,
0xffed5205,
0xffee5204,
0xffee5302,
0xfff05601,
0xfff35903,
0xfff55b04,
0xfff55b03,
0xfff35b02,
0xfff55e04,
0xfff96106,
0xfff25d02,
0xffef5a01,
0xffef5a01,
0xfff45f05,
0xfff86107,
0xfffb6101,
0xfff96800,
0xfff46c00,
0xffec6301,
0xffec5d00,
0xfff06403,
0xfffd9023,
0xfff59d52,
0xffd02a1d,
0xffe10606,
0xffe90505,
0xffe90505,
0xffe80505,
0xffe90505,
0xffe90505,
0xffe90505,
0xffe90505,
0xffe90505,
0xffe90505,
0xffe90505,
0xffe90505,
0xffe90505,
0xffe90505,
0xffe90505,
0xffe90505,
0xffe90505,
0xffe90505,
0xffe90505,
0xffe90505,
0xffe90505,
0xffe90505,
0xffe90505,
0xffe90505,
0xffe90505,
0xffe90505,
0xffe90505,
0xffe90505,
0xffe90505,
0xffe90505,
0xffe90505,
0xffe90505,
0xffe90505,
0xffe90505,
0xffe90505,
0xffe90505,
0xffe90505,
0xffe90505,
0xffe90505,
0xffe90505,
0xffe90505,
0xffe90505,
0xffe90505,
0xffe90505,
0xffe90505,
0xffe90505,
0xffe90505,
0xffe90505,
0xffe90505,
0xffe90505,
0xffe90505,
0xffe90505,
0xffe90505,
0xffe90505,
0xffe90505,
0xffe90505,
0xffe90505,
0xffe90505,
0xffe90505,
0xffe90505,
0xffe90505,
0xffe90505,
0xffe90505,
0xffe90505,
0xffe90505,
0xffe90505,
0xffe90505,
0xffe90505,
0xffe90505,
0xffe90505,
0xffe90505,
0xffe90505,
0xffe90505,
0xffe90505,
0xffe90505,
0xffe90505,
0xffe90505,
0xffe90505,
0xffe90505,
0xffe90505,
0xffe90505,
0xffe90505,
0xffe90505,
0xffe90505,
0xffe90505,
0xffe90505,
0xffe90505,
0xffe90505,
0xffe90505,
0xffe90505,
0xffe90505,
0xffe90505,
0xffe90505,
0xffe90505,
0xffe90505,
0xffe90505,
0xffe90505,
0xffe90505,
0xffe90505,
0xffe90505,
0xffe90505,
0xffe90505,
0xffe90505,
0xffe90505,
0xffe90505,
0xffe90505,
0xffe90505,
0xffe90505,
0xffe90505,
0xffe90505,
0xffe90505,
0xffe90505,
0xffe90505,
0xffe90505,
0xffe90505,
0xffe90505,
0xffe90505,
0xffe90505,
0xffe90505,
0xffe90505,
0xffe90505,
0xffe90505,
0xffe90505,
0xffe90505,
0xffe90505,
0xffe90505,
0xffe90505,
0xffe90505,
0xffe90505,
0xffe90505,
0xffe90505,
0xffe90505,
0xffe90505,
0xffe90505,
0xffe90505,
0xffe90505,
0xffe90505,
0xffe90505,
0xffe90505,
0xffe90505,
0xffe90505,
0xffe90505,
0xffe90505,
0xffe90505,
0xffe90505,
0xffe90505,
0xffe90505,
0xffe90505,
0xffe90505,
0xffe90505,
0xffe90505,
0xffe90505,
0xffe90505,
0xffe90505,
0xffe90505,
0xffe90505,
0xffe90505,
0xffe90505,
0xffe90505,
0xffe80505,
0xffe80505,
0xffe40606,
0xffd6100d,
0xffaf3d2a,
0xff969f65,
0xff4c8a37,
0xff2b7218,
0xff317619,
0xff347a1e,
0xff367d21,
0xff357c20,
0xff357c20,
0xff367c22,
0xff367d22,
0xff377f23,
0xff3a8123,
0xff3a8121,
0xff357c1c,
0xff2d7613,
0xff2d7511,
0xff337c16,
0xff347f18,
0xff337f18,
0xff337f1b,
0xff307b1e,
0xff327b20,
0xff337b20,
0xff347c1f,
0xff367d1e,
0xff357b19,
0xff357b17,
0xff357e16,
0xff357c16,
0xff367516,
0xff3a6f18,
0xff457a23,
0xff3d751c,
0xff29660c,
0xff366b14,
0xff416e19,
0xff46731e,
0xff49751d,
0xff4f7319,
0xff55640d,
0xff814b06,
0xffba3906,
0xffc42e00,
0xffd13901,
0xffd23901,
0xffd33a01,
0xffe24608,
0xffe24406,
0xffdd4001,
0xffe24400,
0xffe94b02,
0xffed4f05,
0xffed4e04,
0xffec5003,
0xffef5404,
0xffef5401,
0xfff05502,
0xfff05602,
0xfff05903,
0xfff25a04,
0xfff55e05,
0xfff65e06,
0xffee5801,
0xffec5700,
0xfff15c04,
0xfff55f08,
0xfff35e08,
0xfff76107,
0xfffe6605,
0xfff96201,
0xffeb5f00,
0xffef6105,
0xfff96308,
0xfff66303,
0xfffb730d,
0xfff88932,
0xffe9653d,
0xffde1c14,
0xffe30605,
0xffe90505,
0xffe80505,
0xffe90505,
0xffe90505,
0xffe90505,
0xffe90505,
0xffe90505,
0xffe90505,
0xffe90505,
0xffe90505,
0xffe90505,
0xffe90505,
0xffe90505,
0xffe90505,
0xffe90505,
0xffe90505,
0xffe90505,
0xffe90505,
0xffe90505,
0xffe90505,
0xffe90505,
0xffe90505,
0xffe90505,
0xffe90505,
0xffe90505,
0xffe90505,
0xffe90505,
0xffe90505,
0xffe90505,
0xffe90505,
0xffe90505,
0xffe90505,
0xffe90505,
0xffe90505,
0xffe90505,
0xffe90505,
0xffe90505,
0xffe90505,
0xffe90505,
0xffe90505,
0xffe90505,
0xffe90505,
0xffe90505,
0xffe90505,
0xffe90505,
0xffe90505,
0xffe90505,
0xffe90505,
0xffe90505,
0xffe90505,
0xffe90505,
0xffe90505,
0xffe90505,
0xffe90505,
0xffe90505,
0xffe90505,
0xffe90505,
0xffe90505,
0xffe90505,
0xffe90505,
0xffe90505,
0xffe90505,
0xffe90505,
0xffe90505,
0xffe90505,
0xffe90505,
0xffe90505,
0xffe90505,
0xffe90505,
0xffe90505,
0xffe90505,
0xffe90505,
0xffe90505,
0xffe90505,
0xffe90505,
0xffe90505,
0xffe90505,
0xffe90505,
0xffe90505,
0xffe90505,
0xffe90505,
0xffe90505,
0xffe90505,
0xffe90505,
0xffe90505,
0xffe90505,
0xffe90505,
0xffe90505,
0xffe90505,
0xffe90505,
0xffe90505,
0xffe90505,
0xffe90505,
0xffe90505,
0xffe90505,
0xffe90505,
0xffe90505,
0xffe90505,
0xffe90505,
0xffe90505,
0xffe90505,
0xffe90505,
0xffe90505,
0xffe90505,
0xffe90505,
0xffe90505,
0xffe90505,
0xffe90505,
0xffe90505,
0xffe90505,
0xffe90505,
0xffe90505,
0xffe90505,
0xffe90505,
0xffe90505,
0xffe90505,
0xffe90505,
0xffe90505,
0xffe90505,
0xffe90505,
0xffe90505,
0xffe90505,
0xffe90505,
0xffe90505,
0xffe90505,
0xffe90505,
0xffe90505,
0xffe90505,
0xffe90505,
0xffe90505,
0xffe90505,
0xffe90505,
0xffe90505,
0xffe90505,
0xffe90505,
0xffe90505,
0xffe90505,
0xffe90505,
0xffe90505,
0xffe90505,
0xffe90505,
0xffe90505,
0xffe90505,
0xffe90505,
0xffe90505,
0xffe90505,
0xffe90505,
0xffe90505,
0xffe90505,
0xffe90505,
0xffe90505,
0xffe90505,
0xffe90505,
0xffe90505,
0xffe90505,
0xffe70505,
0xffe20606,
0xffda211a,
0xffc5624c,
0xff8f9354,
0xff508932,
0xff337c20,
0xff2c761a,
0xff2f791e,
0xff30791b,
0xff317719,
0xff32781e,
0xff347821,
0xff337920,
0xff347a21,
0xff357b21,
0xff357c20,
0xff357b1e,
0xff397f20,
0xff3d8422,
0xff3b831e,
0xff357d15,
0xff2e750f,
0xff2f7812,
0xff337d19,
0xff327c1b,
0xff31791e,
0xff347922,
0xff357b22,
0xff367b1f,
0xff377b1b,
0xff377d1a,
0xff387d19,
0xff387c1a,
0xff367a1a,
0xff38761b,
0xff396f17,
0xff376e14,
0xff3d791e,
0xff3d771e,
0xff34660f,
0xff3c6411,
0xff436a16,
0xff49701a,
0xff4f7119,
0xff56610a,
0xff874906,
0xffbf3605,
0xffc72d00,
0xffd03701,
0xffd03701,
0xffdb4209,
0xffdf4409,
0xffd93c01,
0xffde4100,
0xffe24400,
0xffe64801,
0xffea4c03,
0xffea4b02,
0xffea4e02,
0xffed5204,
0xffed5302,
0xffeb5200,
0xffec5200,
0xffef5601,
0xfff45c06,
0xfff35a06,
0xffeb5201,
0xffeb5400,
0xffee5801,
0xfff15b04,
0xfff15c06,
0xffef5905,
0xfff45b08,
0xfffe5e0b,
0xfffb5803,
0xffef5400,
0xffec5a05,
0xffee5c0a,
0xfff25e05,
0xfff56100,
0xfffb6f05,
0xfffa811a,
0xfff89d4c,
0xffe85b36,
0xffe61811,
0xffe50505,
0xffe80505,
0xffe80505,
0xffe90505,
0xffe90505,
0xffe90505,
0xffe90505,
0xffe90505,
0xffe90505,
0xffe90505,
0xffe90505,
0xffe90505,
0xffe90505,
0xffe90505,
0xffe90505,
0xffe90505,
0xffe90505,
0xffe90505,
0xffe90505,
0xffe90505,
0xffe90505,
0xffe90505,
0xffe90505,
0xffe90505,
0xffe90505,
0xffe90505,
0xffe90505,
0xffe90505,
0xffe90505,
0xffe90505,
0xffe90505,
0xffe90505,
0xffe90505,
0xffe90505,
0xffe90505,
0xffe90505,
0xffe90505,
0xffe90505,
0xffe90505,
0xffe90505,
0xffe90505,
0xffe90505,
0xffe90505,
0xffe90505,
0xffe90505,
0xffe90505,
0xffe90505,
0xffe90505,
0xffe90505,
0xffe90505,
0xffe90505,
0xffe90505,
0xffe90505,
0xffe90505,
0xffe90505,
0xffe90505,
0xffe90505,
0xffe90505,
0xffe90505,
0xffe90505,
0xffe90505,
0xffe90505,
0xffe90505,
0xffe90505,
0xffe90505,
0xffe90505,
0xffe90505,
0xffe90505,
0xffe90505,
0xffe90505,
0xffe90505,
0xffe90505,
0xffe90505,
0xffe90505,
0xffe90505,
0xffe90505,
0xffe90505,
0xffe90505,
0xffe90505,
0xffe90505,
0xffe90505,
0xffe90505,
0xffe90505,
0xffe90505,
0xffe90505,
0xffe90505,
0xffe90505,
0xffe90505,
0xffe90505,
0xffe90505,
0xffe90505,
0xffe90505,
0xffe90505,
0xffe90505,
0xffe90505,
0xffe90505,
0xffe90505,
0xffe90505,
0xffe90505,
0xffe90505,
0xffe90505,
0xffe90505,
0xffe90505,
0xffe90505,
0xffe90505,
0xffe90505,
0xffe90505,
0xffe90505,
0xffe90505,
0xffe90505,
0xffe90505,
0xffe90505,
0xffe90505,
0xffe90505,
0xffe90505,
0xffe90505,
0xffe90505,
0xffe90505,
0xffe90505,
0xffe90505,
0xffe90505,
0xffe90505,
0xffe90505,
0xffe90505,
0xffe90505,
0xffe90505,
0xffe90505,
0xffe90505,
0xffe90505,
0xffe90505,
0xffe90505,
0xffe90505,
0xffe90505,
0xffe90505,
0xffe90505,
0xffe90505,
0xffe90505,
0xffe90505,
0xffe90505,
0xffe90505,
0xffe90505,
0xffe90505,
0xffe90505,
0xffe90505,
0xffe90505,
0xffe90505,
0xffe90505,
0xffe90505,
0xffe90505,
0xffe90505,
0xffe90505,
0xffe80505,
0xffe70505,
0xffdf0908,
0xffc72b20,
0xffa96a4a,
0xff8c9d5f,
0xff447b26,
0xff347915,
0xff347f17,
0xff337f1e,
0xff317b20,
0xff337a22,
0xff367b22,
0xff31761d,
0xff30741e,
0xff31751f,
0xff337620,
0xff32771f,
0xff32771e,
0xff32761b,
0xff317719,
0xff307615,
0xff327913,
0xff377e16,
0xff3a8117,
0xff347b13,
0xff2c710a,
0xff296e09,
0xff2c710e,
0xff2f7313,
0xff2f7314,
0xff2d720f,
0xff2f740c,
0xff30740b,
0xff2f730b,
0xff2e700b,
0xff2d6d0d,
0xff2c6e10,
0xff306d12,
0xff356f14,
0xff357115,
0xff337415,
0xff3a771a,
0xff46741f,
0xff466717,
0xff415f10,
0xff466714,
0xff4d6913,
0xff565c06,
0xff8e4805,
0xffc53404,
0xffcc3000,
0xffcc3301,
0xffd73f0b,
0xffdf450b,
0xffd93e02,
0xffd93c00,
0xffda3d00,
0xffdb3d00,
0xffdf4000,
0xffe34400,
0xffe54600,
0xffe64900,
0xffe64b00,
0xffe54d00,
0xffe64f00,
0xffe95100,
0xffec5300,
0xffee5501,
0xffea5201,
0xffe54d00,
0xffe74f00,
0xffe95200,
0xffe85001,
0xffe75102,
0xffea5302,
0xffef5504,
0xfff65906,
0xfff65802,
0xfff45800,
0xfff35e03,
0xffee630b,
0xffec670b,
0xfff76b05,
0xfffc6900,
0xfffa6801,
0xffed6d05,
0xffec8714,
0xfff9b96f,
0xffe34137,
0xffe60605,
0xffe90505,
0xffe90505,
0xffe90505,
0xffe90505,
0xffe90505,
0xffe90505,
0xffe90505,
0xffe90505,
0xffe90505,
0xffe90505,
0xffe90505,
0xffe90505,
0xffe90505,
0xffe90505,
0xffe90505,
0xffe90505,
0xffe90505,
0xffe90505,
0xffe90505,
0xffe90505,
0xffe90505,
0xffe90505,
0xffe90505,
0xffe90505,
0xffe90505,
0xffe90505,
0xffe90505,
0xffe90505,
0xffe90505,
0xffe90505,
0xffe90505,
0xffe90505,
0xffe90505,
0xffe90505,
0xffe90505,
0xffe90505,
0xffe90505,
0xffe90505,
0xffe90505,
0xffe90505,
0xffe90505,
0xffe90505,
0xffe90505,
0xffe90505,
0xffe90505,
0xffe90505,
0xffe90505,
0xffe90505,
0xffe90505,
0xffe90505,
0xffe90505,
0xffe90505,
0xffe90505,
0xffe90505,
0xffe90505,
0xffe90505,
0xffe90505,
0xffe90505,
0xffe90505,
0xffe90505,
0xffe90505,
0xffe90505,
0xffe90505,
0xffe90505,
0xffe90505,
0xffe90505,
0xffe90505,
0xffe90505,
0xffe90505,
0xffe90505,
0xffe90505,
0xffe90505,
0xffe90505,
0xffe90505,
0xffe90505,
0xffe90505,
0xffe90505,
0xffe90505,
0xffe90505,
0xffe90505,
0xffe90505,
0xffe90505,
0xffe90505,
0xffe90505,
0xffe90505,
0xffe90505,
0xffe90505,
0xffe90505,
0xffe90505,
0xffe90505,
0xffe90505,
0xffe90505,
0xffe90505,
0xffe90505,
0xffe90505,
0xffe90505,
0xffe90505,
0xffe90505,
0xffe90505,
0xffe90505,
0xffe90505,
0xffe90505,
0xffe90505,
0xffe90505,
0xffe90505,
0xffe90505,
0xffe90505,
0xffe90505,
0xffe90505,
0xffe90505,
0xffe90505,
0xffe90505,
0xffe90505,
0xffe90505,
0xffe90505,
0xffe90505,
0xffe90505,
0xffe90505,
0xffe90505,
0xffe90505,
0xffe90505,
0xffe90505,
0xffe90505,
0xffe90505,
0xffe90505,
0xffe90505,
0xffe90505,
0xffe90505,
0xffe90505,
0xffe90505,
0xffe90505,
0xffe90505,
0xffe90505,
0xffe90505,
0xffe90505,
0xffe90505,
0xffe90505,
0xffe90505,
0xffe90505,
0xffe90505,
0xffe90505,
0xffe90505,
0xffe90505,
0xffe90505,
0xffe90505,
0xffe90505,
0xffe90505,
0xffe90505,
0xffe90505,
0xffe70505,
0xffcf1b15,
0xff9b8552,
0xff73984a,
0xff4b852b,
0xff307717,
0xff2e7717,
0xff337b1c,
0xff357b21,
0xff33781d,
0xff32741d,
0xff30721b,
0xff2f731c,
0xff2d721d,
0xff2d711c,
0xff2d711a,
0xff2c7119,
0xff2c7119,
0xff2d7218,
0xff2e7216,
0xff317716,
0xff337916,
0xff337914,
0xff317810,
0xff347b10,
0xff387f13,
0xff3e8214,
0xff397c0d,
0xff34780b,
0xff3b7f10,
0xff3e810f,
0xff42870f,
0xff458a10,
0xff438910,
0xff428712,
0xff3e8013,
0xff3a7913,
0xff3c7b15,
0xff3d7a19,
0xff387617,
0xff2f7112,
0xff26690a,
0xff28680b,
0xff3e6b16,
0xff516f20,
0xff4f6b1c,
0xff425f0d,
0xff435b06,
0xff555503,
0xff914505,
0xffc62f02,
0xffc82a01,
0xffd13a0b,
0xffdb440c,
0xffd33801,
0xffd43901,
0xffd93e01,
0xffdb3f02,
0xffdd3f03,
0xffe44505,
0xffe64805,
0xffe54703,
0xffe64a03,
0xffe94e03,
0xffe95102,
0xffea5301,
0xffef5602,
0xfff35b05,
0xfff35d06,
0xfff05902,
0xffec5500,
0xffed5501,
0xffec5500,
0xffec5500,
0xfff05903,
0xfff35f09,
0xfff4640b,
0xfff26a04,
0xfff27000,
0xfff86d00,
0xfffb6c01,
0xfff86e06,
0xfff5720b,
0xfffa7006,
0xfffc6803,
0xfffc6407,
0xfff76d0a,
0xfff68b2c,
0xfff8ae74,
0xffdd544a,
0xffe40606,
0xffe90505,
0xffe90505,
0xffe90505,
0xffe90505,
0xffe90505,
0xffe90505,
0xffe90505,
0xffe90505,
0xffe90505,
0xffe90505,
0xffe90505,
0xffe90505,
0xffe90505,
0xffe90505,
0xffe90505,
0xffe90505,
0xffe90505,
0xffe90505,
0xffe90505,
0xffe90505,
0xffe90505,
0xffe90505,
0xffe90505,
0xffe90505,
0xffe90505,
0xffe90505,
0xffe90505,
0xffe90505,
0xffe90505,
0xffe90505,
0xffe90505,
0xffe90505,
0xffe90505,
0xffe90505,
0xffe90505,
0xffe90505,
0xffe90505,
0xffe90505,
0xffe90505,
0xffe90505,
0xffe90505,
0xffe90505,
0xffe90505,
0xffe90505,
0xffe90505,
0xffe90505,
0xffe90505,
0xffe90505,
0xffe90505,
0xffe90505,
0xffe90505,
0xffe90505,
0xffe90505,
0xffe90505,
0xffe90505,
0xffe90505,
0xffe90505,
0xffe90505,
0xffe90505,
0xffe90505,
0xffe90505,
0xffe90505,
0xffe90505,
0xffe90505,
0xffe90505,
0xffe90505,
0xffe90505,
0xffe90505,
0xffe90505,
0xffe90505,
0xffe90505,
0xffe90505,
0xffe90505,
0xffe90505,
0xffe90505,
0xffe90505,
0xffe90505,
0xffe90505,
0xffe90505,
0xffe90505,
0xffe90505,
0xffe90505,
0xffe90505,
0xffe90505,
0xffe90505,
0xffe90505,
0xffe90505,
0xffe90505,
0xffe90505,
0xffe90505,
0xffe90505,
0xffe90505,
0xffe90505,
0xffe90505,
0xffe90505,
0xffe90505,
0xffe90505,
0xffe90505,
0xffe90505,
0xffe90505,
0xffe90505,
0xffe90505,
0xffe90505,
0xffe90505,
0xffe90505,
0xffe90505,
0xffe90505,
0xffe90505,
0xffe90505,
0xffe90505,
0xffe90505,
0xffe90505,
0xffe90505,
0xffe90505,
0xffe90505,
0xffe90505,
0xffe90505,
0xffe90505,
0xffe90505,
0xffe90505,
0xffe90505,
0xffe90505,
0xffe90505,
0xffe90505,
0xffe90505,
0xffe90505,
0xffe90505,
0xffe90505,
0xffe90505,
0xffe90505,
0xffe90505,
0xffe90505,
0xffe90505,
0xffe90505,
0xffe90505,
0xffe90505,
0xffe90505,
0xffe90505,
0xffe90505,
0xffe90505,
0xffe90505,
0xffe90505,
0xffe90505,
0xffe90505,
0xffe90505,
0xffe90505,
0xffe90505,
0xffe90505,
0xffe90505,
0xffe70505,
0xffd02d26,
0xffafbd81,
0xff578c32,
0xff488a23,
0xff3a8415,
0xff378217,
0xff398121,
0xff3a7d26,
0xff367420,
0xff37741f,
0xff37741d,
0xff36741d,
0xff37781f,
0xff35791e,
0xff377b20,
0xff397d20,
0xff3a7e20,
0xff3d7f22,
0xff408322,
0xff458625,
0xff458922,
0xff45881f,
0xff478b1d,
0xff488e1d,
0xff549925,
0xff549923,
0xff4c911b,
0xff4b9019,
0xff53981e,
0xff5a9e21,
0xff5fa524,
0xff63a926,
0xff65ab27,
0xff62a727,
0xff61a62b,
0xff6baf3b,
0xff67a93c,
0xff5c9c31,
0xff529225,
0xff4a8a21,
0xff44811b,
0xff427c17,
0xff42710e,
0xff3e6309,
0xff476b14,
0xff4f6b11,
0xff4a5802,
0xff554600,
0xff974104,
0xffc32b00,
0xffcf3406,
0xffe44c0f,
0xffdd4003,
0xffd63701,
0xffdc4109,
0xffdd4508,
0xffe34705,
0xffe94905,
0xffec4f0b,
0xffeb5110,
0xffe64e0c,
0xffec5006,
0xfff15406,
0xfff15606,
0xffef5a08,
0xfff45e07,
0xfffb6305,
0xfffe6c0a,
0xfffd6a0a,
0xfff25b04,
0xfff45704,
0xfff55b03,
0xfff25f01,
0xfff26302,
0xfff46606,
0xfff36c09,
0xfff07205,
0xffee7501,
0xfff87401,
0xfffc6e00,
0xfff96800,
0xfff06a01,
0xfff0720f,
0xfff8802d,
0xfff58b52,
0xffec694d,
0xffd02e21,
0xffe31713,
0xffe40707,
0xffe80505,
0xffe90505,
0xffe90505,
0xffe90505,
0xffe90505,
0xffe90505,
0xffe90505,
0xffe90505,
0xffe90505,
0xffe90505,
0xffe90505,
0xffe90505,
0xffe90505,
0xffe90505,
0xffe90505,
0xffe90505,
0xffe90505,
0xffe90505,
0xffe90505,
0xffe90505,
0xffe90505,
0xffe90505,
0xffe90505,
0xffe90505,
0xffe90505,
0xffe90505,
0xffe90505,
0xffe90505,
0xffe90505,
0xffe90505,
0xffe90505,
0xffe90505,
0xffe90505,
0xffe90505,
0xffe90505,
0xffe90505,
0xffe90505,
0xffe90505,
0xffe90505,
0xffe90505,
0xffe90505,
0xffe90505,
0xffe90505,
0xffe90505,
0xffe90505,
0xffe90505,
0xffe90505,
0xffe90505,
0xffe90505,
0xffe90505,
0xffe90505,
0xffe90505,
0xffe90505,
0xffe90505,
0xffe90505,
0xffe90505,
0xffe90505,
0xffe90505,
0xffe90505,
0xffe90505,
0xffe90505,
0xffe90505,
0xffe90505,
0xffe90505,
0xffe90505,
0xffe90505,
0xffe90505,
0xffe90505,
0xffe90505,
0xffe90505,
0xffe90505,
0xffe90505,
0xffe90505,
0xffe90505,
0xffe90505,
0xffe90505,
0xffe90505,
0xffe90505,
0xffe90505,
0xffe90505,
0xffe90505,
0xffe90505,
0xffe90505,
0xffe90505,
0xffe90505,
0xffe90505,
0xffe90505,
0xffe90505,
0xffe90505,
0xffe90505,
0xffe90505,
0xffe90505,
0xffe90505,
0xffe90505,
0xffe90505,
0xffe90505,
0xffe90505,
0xffe90505,
0xffe90505,
0xffe90505,
0xffe90505,
0xffe90505,
0xffe90505,
0xffe90505,
0xffe90505,
0xffe90505,
0xffe90505,
0xffe90505,
0xffe90505,
0xffe90505,
0xffe90505,
0xffe90505,
0xffe90505,
0xffe90505,
0xffe90505,
0xffe90505,
0xffe90505,
0xffe90505,
0xffe90505,
0xffe90505,
0xffe90505,
0xffe90505,
0xffe90505,
0xffe90505,
0xffe90505,
0xffe90505,
0xffe90505,
0xffe90505,
0xffe90505,
0xffe90505,
0xffe90505,
0xffe90505,
0xffe90505,
0xffe90505,
0xffe90505,
0xffe90505,
0xffe90505,
0xffe90505,
0xffe90505,
0xffe90505,
0xffe90505,
0xffe90505,
0xffe90505,
0xffe90505,
0xffe90505,
0xffe90505,
0xffe90505,
0xffe90505,
0xffe90505,
0xffe90505,
0xffe90505,
0xffe40606,
0xffdb1c19,
0xffca5845,
0xff928849,
0xff639435,
0xff4f9125,
0xff3c7f18,
0xff3e8022,
0xff3c7e27,
0xff3e7c27,
0xff3e7b24,
0xff3d7a20,
0xff3d7e1f,
0xff3b811e,
0xff3f8422,
0xff428523,
0xff428523,
0xff438523,
0xff478823,
0xff498c23,
0xff478b1d,
0xff448917,
0xff499118,
0xff569d20,
0xff51991c,
0xff448d12,
0xff458e15,
0xff4b941a,
0xff51991d,
0xff529a1b,
0xff529818,
0xff569c1b,
0xff559b1c,
0xff5da326,
0xff76bc43,
0xff6ab13b,
0xff4b911d,
0xff488c14,
0xff4c8e16,
0xff518c19,
0xff4f871b,
0xff52861c,
0xff5a891c,
0xff4f7c12,
0xff456f0e,
0xff556f0d,
0xff5f5d08,
0xff663d03,
0xff9f3903,
0xffcd3501,
0xffd94206,
0xffda4006,
0xffe33d01,
0xffe53f02,
0xffe04308,
0xffdb4505,
0xffe04601,
0xffe54501,
0xffe94a03,
0xffe54f0e,
0xffe14c0a,
0xffe54901,
0xffee4b01,
0xffee5002,
0xffe95506,
0xffee5c03,
0xfff66201,
0xfff96a01,
0xfffa6d09,
0xfff6630b,
0xfff25303,
0xffef5401,
0xffec5f00,
0xffed6401,
0xfff26704,
0xfff26c06,
0xfff36d06,
0xfff56e04,
0xfffb6c03,
0xfff06203,
0xfff46c0b,
0xfffa852c,
0xfff47c48,
0xffdd3628,
0xffe0110e,
0xffe30606,
0xffe50606,
0xffe90505,
0xffe90505,
0xffe90505,
0xffe80505,
0xffe90505,
0xffe90505,
0xffe90505,
0xffe90505,
0xffe90505,
0xffe90505,
0xffe90505,
0xffe90505,
0xffe90505,
0xffe90505,
0xffe90505,
0xffe90505,
0xffe90505,
0xffe90505,
0xffe90505,
0xffe90505,
0xffe90505,
0xffe90505,
0xffe90505,
0xffe90505,
0xffe90505,
0xffe90505,
0xffe90505,
0xffe90505,
0xffe90505,
0xffe90505,
0xffe90505,
0xffe90505,
0xffe90505,
0xffe90505,
0xffe90505,
0xffe90505,
0xffe90505,
0xffe90505,
0xffe90505,
0xffe90505,
0xffe90505,
0xffe90505,
0xffe90505,
0xffe90505,
0xffe90505,
0xffe90505,
0xffe90505,
0xffe90505,
0xffe90505,
0xffe90505,
0xffe90505,
0xffe90505,
0xffe90505,
0xffe90505,
0xffe90505,
0xffe90505,
0xffe90505,
0xffe90505,
0xffe90505,
0xffe90505,
0xffe90505,
0xffe90505,
0xffe90505,
0xffe90505,
0xffe90505,
0xffe90505,
0xffe90505,
0xffe90505,
0xffe90505,
0xffe90505,
0xffe90505,
0xffe90505,
0xffe90505,
0xffe90505,
0xffe90505,
0xffe90505,
0xffe90505,
0xffe90505,
0xffe90505,
0xffe90505,
0xffe90505,
0xffe90505,
0xffe90505,
0xffe90505,
0xffe90505,
0xffe90505,
0xffe90505,
0xffe90505,
0xffe90505,
0xffe90505,
0xffe90505,
0xffe90505,
0xffe90505,
0xffe90505,
0xffe90505,
0xffe90505,
0xffe90505,
0xffe90505,
0xffe90505,
0xffe90505,
0xffe90505,
0xffe90505,
0xffe90505,
0xffe90505,
0xffe90505,
0xffe90505,
0xffe90505,
0xffe90505,
0xffe90505,
0xffe90505,
0xffe90505,
0xffe90505,
0xffe90505,
0xffe90505,
0xffe90505,
0xffe90505,
0xffe90505,
0xffe90505,
0xffe90505,
0xffe90505,
0xffe90505,
0xffe90505,
0xffe90505,
0xffe90505,
0xffe90505,
0xffe90505,
0xffe90505,
0xffe90505,
0xffe90505,
0xffe90505,
0xffe90505,
0xffe90505,
0xffe90505,
0xffe90505,
0xffe90505,
0xffe90505,
0xffe90505,
0xffe90505,
0xffe90505,
0xffe90505,
0xffe90505,
0xffe90505,
0xffe90505,
0xffe90505,
0xffe90505,
0xffe90505,
0xffe90505,
0xffe90505,
0xffe90505,
0xffe90505,
0xffe90505,
0xffe90505,
0xffe80505,
0xffe90505,
0xffe80505,
0xffe40606,
0xffdb0d0a,
0xffb03423,
0xff868148,
0xff5b8a33,
0xff3c7817,
0xff3d7b1f,
0xff377c24,
0xff327a21,
0xff2e7b1f,
0xff307c1d,
0xff337c19,
0xff357c1a,
0xff387f1b,
0xff3a821d,
0xff3c841d,
0xff3d851b,
0xff3c8517,
0xff408816,
0xff4a951e,
0xff529f24,
0xff4f9d1d,
0xff469414,
0xff4a9719,
0xff4e9b1f,
0xff4c981c,
0xff519a1d,
0xff539a1c,
0xff549c1c,
0xff559d1d,
0xff67af31,
0xff9be266,
0xff8ad158,
0xff49911b,
0xff3a830f,
0xff3e8411,
0xff3e820c,
0xff387b02,
0xff357202,
0xff3c710c,
0xff497814,
0xff48740f,
0xff476d0b,
0xff4f6609,
0xff6c5c0e,
0xff8c430c,
0xffb53706,
0xffd73e03,
0xffd84001,
0xffd83801,
0xffe63a00,
0xffe84001,
0xffdb3d01,
0xffde4101,
0xffe24600,
0xffe84a00,
0xffeb4e04,
0xffed5307,
0xffef5303,
0xffee4e00,
0xffed4800,
0xffed4a01,
0xffe75204,
0xffeb5904,
0xfff05f00,
0xffee6700,
0xfff17003,
0xfff9720e,
0xfff66607,
0xfff15e00,
0xffec6100,
0xfff46407,
0xfff9660c,
0xfff86b05,
0xfffc6c01,
0xfff86201,
0xfff66505,
0xfffe8f36,
0xfff27949,
0xffe3362a,
0xffe50c0a,
0xffe60606,
0xffe90505,
0xffe90505,
0xffe90505,
0xffe90505,
0xffe90505,
0xffe90505,
0xffe90505,
0xffe90505,
0xffe90505,
0xffe90505,
0xffe90505,
0xffe90505,
0xffe90505,
0xffe90505,
0xffe90505,
0xffe90505,
0xffe90505,
0xffe90505,
0xffe90505,
0xffe90505,
0xffe90505,
0xffe90505,
0xffe90505,
0xffe90505,
0xffe90505,
0xffe90505,
0xffe90505,
0xffe90505,
0xffe90505,
0xffe90505,
0xffe90505,
0xffe90505,
0xffe90505,
0xffe90505,
0xffe90505,
0xffe90505,
0xffe90505,
0xffe90505,
0xffe90505,
0xffe90505,
0xffe90505,
0xffe90505,
0xffe90505,
0xffe90505,
0xffe90505,
0xffe90505,
0xffe90505,
0xffe90505,
0xffe90505,
0xffe90505,
0xffe90505,
0xffe90505,
0xffe90505,
0xffe90505,
0xffe90505,
0xffe90505,
0xffe90505,
0xffe90505,
0xffe90505,
0xffe90505,
0xffe90505,
0xffe90505,
0xffe90505,
0xffe90505,
0xffe90505,
0xffe90505,
0xffe90505,
0xffe90505,
0xffe90505,
0xffe90505,
0xffe90505,
0xffe90505,
0xffe90505,
0xffe90505,
0xffe90505,
0xffe90505,
0xffe90505,
0xffe90505,
0xffe90505,
0xffe90505,
0xffe90505,
0xffe90505,
0xffe90505,
0xffe90505,
0xffe90505,
0xffe90505,
0xffe90505,
0xffe90505,
0xffe90505,
0xffe90505,
0xffe90505,
0xffe90505,
0xffe90505,
0xffe90505,
0xffe90505,
0xffe90505,
0xffe90505,
0xffe90505,
0xffe90505,
0xffe90505,
0xffe90505,
0xffe90505,
0xffe90505,
0xffe90505,
0xffe90505,
0xffe90505,
0xffe90505,
0xffe90505,
0xffe90505,
0xffe90505,
0xffe90505,
0xffe90505,
0xffe90505,
0xffe90505,
0xffe90505,
0xffe90505,
0xffe90505,
0xffe90505,
0xffe90505,
0xffe90505,
0xffe90505,
0xffe90505,
0xffe90505,
0xffe90505,
0xffe90505,
0xffe90505,
0xffe90505,
0xffe90505,
0xffe90505,
0xffe90505,
0xffe90505,
0xffe90505,
0xffe90505,
0xffe90505,
0xffe90505,
0xffe90505,
0xffe90505,
0xffe90505,
0xffe90505,
0xffe90505,
0xffe90505,
0xffe90505,
0xffe90505,
0xffe90505,
0xffe90505,
0xffe90505,
0xffe90505,
0xffe90505,
0xffe90505,
0xffe90505,
0xffe90505,
0xffe90505,
0xffe90505,
0xffe90505,
0xffe90505,
0xffe90505,
0xffe90505,
0xffe90505,
0xffe90505,
0xffe90505,
0xffe50606,
0xffd70c0a,
0xffb75036,
0xff8da159,
0xff4b7f27,
0xff397c1f,
0xff2e781b,
0xff2b7e22,
0xff2f8024,
0xff357d21,
0xff377d20,
0xff357d1e,
0xff347f1c,
0xff36821b,
0xff388619,
0xff3e8c1c,
0xff4b9b26,
0xff50a129,
0xff499b20,
0xff449516,
0xff479919,
0xff4c9b1f,
0xff4f9b21,
0xff4e991e,
0xff4f991d,
0xff549d1f,
0xff50991a,
0xff5da426,
0xff89d154,
0xff82ca51,
0xff48901b,
0xff3a8411,
0xff3f8819,
0xff3f8519,
0xff3e8214,
0xff3a830e,
0xff3f8113,
0xff3e7517,
0xff366610,
0xff375e07,
0xff3e5c05,
0xff576616,
0xff715618,
0xff9d370b,
0xffcb3808,
0xffd13801,
0xffdb3e02,
0xffe44403,
0xffe43f01,
0xffe73f03,
0xffe64003,
0xffe23f00,
0xffe64600,
0xffeb5000,
0xffed5303,
0xffef5403,
0xfff45a02,
0xfff65c00,
0xfff05400,
0xffea4e00,
0xffe75303,
0xffe95603,
0xffef5b00,
0xffef6500,
0xffee6b01,
0xfff47008,
0xfffe720a,
0xfffd6f05,
0xfff66d00,
0xfff96a08,
0xfffe670d,
0xfffa6401,
0xfff36603,
0xfffb801e,
0xfff47e3e,
0xffe23e2a,
0xffe60f0c,
0xffe70606,
0xffe90505,
0xffe90505,
0xffe90505,
0xffe90505,
0xffe90505,
0xffe90505,
0xffe90505,
0xffe90505,
0xffe90505,
0xffe90505,
0xffe90505,
0xffe90505,
0xffe90505,
0xffe90505,
0xffe90505,
0xffe90505,
0xffe90505,
0xffe90505,
0xffe90505,
0xffe90505,
0xffe90505,
0xffe90505,
0xffe90505,
0xffe90505,
0xffe90505,
0xffe90505,
0xffe90505,
0xffe90505,
0xffe90505,
0xffe90505,
0xffe90505,
0xffe90505,
0xffe90505,
0xffe90505,
0xffe90505,
0xffe90505,
0xffe90505,
0xffe90505,
0xffe90505,
0xffe90505,
0xffe90505,
0xffe90505,
0xffe90505,
0xffe90505,
0xffe90505,
0xffe90505,
0xffe90505,
0xffe90505,
0xffe90505,
0xffe90505,
0xffe90505,
0xffe90505,
0xffe90505,
0xffe90505,
0xffe90505,
0xffe90505,
0xffe90505,
0xffe90505,
0xffe90505,
0xffe90505,
0xffe90505,
0xffe90505,
0xffe90505,
0xffe90505,
0xffe90505,
0xffe90505,
0xffe90505,
0xffe90505,
0xffe90505,
0xffe90505,
0xffe90505,
0xffe90505,
0xffe90505,
0xffe90505,
0xffe90505,
0xffe90505,
0xffe90505,
0xffe90505,
0xffe90505,
0xffe90505,
0xffe90505,
0xffe90505,
0xffe90505,
0xffe90505,
0xffe90505,
0xffe90505,
0xffe90505,
0xffe90505,
0xffe90505,
0xffe90505,
0xffe90505,
0xffe90505,
0xffe90505,
0xffe90505,
0xffe90505,
0xffe90505,
0xffe90505,
0xffe90505,
0xffe90505,
0xffe90505,
0xffe90505,
0xffe90505,
0xffe90505,
0xffe90505,
0xffe90505,
0xffe90505,
0xffe90505,
0xffe90505,
0xffe90505,
0xffe90505,
0xffe90505,
0xffe90505,
0xffe90505,
0xffe90505,
0xffe90505,
0xffe90505,
0xffe90505,
0xffe90505,
0xffe90505,
0xffe90505,
0xffe90505,
0xffe90505,
0xffe90505,
0xffe90505,
0xffe90505,
0xffe90505,
0xffe90505,
0xffe90505,
0xffe90505,
0xffe90505,
0xffe90505,
0xffe90505,
0xffe90505,
0xffe90505,
0xffe90505,
0xffe90505,
0xffe90505,
0xffe90505,
0xffe90505,
0xffe90505,
0xffe90505,
0xffe90505,
0xffe90505,
0xffe90505,
0xffe90505,
0xffe90505,
0xffe90505,
0xffe90505,
0xffe90505,
0xffe90505,
0xffe90505,
0xffe90505,
0xffe90505,
0xffe90505,
0xffe90505,
0xffe90505,
0xffe90505,
0xffe90505,
0xffe90505,
0xffe90505,
0xffe90505,
0xffe80505,
0xffe90505,
0xffe90505,
0xffe30606,
0xffd61f18,
0xff9b613b,
0xff608938,
0xff397920,
0xff327822,
0xff307a26,
0xff317623,
0xff347822,
0xff347a20,
0xff317a1d,
0xff35811d,
0xff3d8c22,
0xff479627,
0xff489827,
0xff45951f,
0xff45931e,
0xff489621,
0xff4b9a21,
0xff4a9a20,
0xff4b971d,
0xff519d21,
0xff519d20,
0xff4d991c,
0xff56a124,
0xff71bc40,
0xff68b339,
0xff3e8812,
0xff3e8815,
0xff448f20,
0xff408c1f,
0xff40871f,
0xff43841e,
0xff3e8417,
0xff377912,
0xff3a6e17,
0xff396415,
0xff416417,
0xff707a32,
0xff943e23,
0xffa93824,
0xffbc411b,
0xffd43707,
0xffd9470a,
0xffe35018,
0xffe04e14,
0xffdf450a,
0xffe43d02,
0xffee4204,
0xffe44504,
0xffe14500,
0xffeb4f00,
0xffee5600,
0xffec5708,
0xffee5c09,
0xfff16101,
0xfff46500,
0xfff36201,
0xffe75a00,
0xffe55300,
0xffed5601,
0xfff25f02,
0xfff16303,
0xfff66805,
0xfffa6905,
0xfffc6c01,
0xfff87100,
0xfff76f02,
0xfff56401,
0xfff76a0a,
0xfff98535,
0xffcd4b2d,
0xffdf110f,
0xffe60606,
0xffe90505,
0xffe90505,
0xffe80505,
0xffe90505,
0xffe90505,
0xffe90505,
0xffe90505,
0xffe90505,
0xffe90505,
0xffe90505,
0xffe90505,
0xffe90505,
0xffe90505,
0xffe90505,
0xffe90505,
0xffe90505,
0xffe90505,
0xffe90505,
0xffe90505,
0xffe90505,
0xffe90505,
0xffe90505,
0xffe90505,
0xffe90505,
0xffe90505,
0xffe90505,
0xffe90505,
0xffe90505,
0xffe90505,
0xffe90505,
0xffe90505,
0xffe90505,
0xffe90505,
0xffe90505,
0xffe90505,
0xffe90505,
0xffe90505,
0xffe90505,
0xffe90505,
0xffe90505,
0xffe90505,
0xffe90505,
0xffe90505,
0xffe90505,
0xffe90505,
0xffe90505,
0xffe90505,
0xffe90505,
0xffe90505,
0xffe90505,
0xffe90505,
0xffe90505,
0xffe90505,
0xffe90505,
0xffe90505,
0xffe90505,
0xffe90505,
0xffe90505,
0xffe90505,
0xffe90505,
0xffe90505,
0xffe90505,
0xffe90505,
0xffe90505,
0xffe90505,
0xffe90505,
0xffe90505,
0xffe90505,
0xffe90505,
0xffe90505,
0xffe90505,
0xffe90505,
0xffe90505,
0xffe90505,
0xffe90505,
0xffe90505,
0xffe90505,
0xffe90505,
0xffe90505,
0xffe90505,
0xffe90505,
0xffe90505,
0xffe90505,
0xffe90505,
0xffe90505,
0xffe90505,
0xffe90505,
0xffe90505,
0xffe90505,
0xffe90505,
0xffe90505,
0xffe90505,
0xffe90505,
0xffe90505,
0xffe90505,
0xffe90505,
0xffe90505,
0xffe90505,
0xffe90505,
0xffe90505,
0xffe90505,
0xffe90505,
0xffe90505,
0xffe90505,
0xffe90505,
0xffe90505,
0xffe90505,
0xffe90505,
0xffe90505,
0xffe90505,
0xffe90505,
0xffe90505,
0xffe90505,
0xffe90505,
0xffe90505,
0xffe90505,
0xffe90505,
0xffe90505,
0xffe90505,
0xffe90505,
0xffe90505,
0xffe90505,
0xffe90505,
0xffe90505,
0xffe90505,
0xffe90505,
0xffe90505,
0xffe90505,
0xffe90505,
0xffe90505,
0xffe90505,
0xffe90505,
0xffe90505,
0xffe90505,
0xffe90505,
0xffe90505,
0xffe90505,
0xffe90505,
0xffe90505,
0xffe90505,
0xffe90505,
0xffe90505,
0xffe90505,
0xffe90505,
0xffe90505,
0xffe90505,
0xffe90505,
0xffe90505,
0xffe90505,
0xffe90505,
0xffe90505,
0xffe90505,
0xffe90505,
0xffe90505,
0xffe90505,
0xffe90505,
0xffe90505,
0xffe90505,
0xffe90505,
0xffe90505,
0xffe90505,
0xffe90505,
0xffe90505,
0xffe90505,
0xffe80505,
0xffe90505,
0xffe90505,
0xffe90505,
0xffdf0606,
0xffa72114,
0xff596636,
0xff3e7735,
0xff306f25,
0xff2e7022,
0xff327525,
0xff357925,
0xff377d25,
0xff3a8526,
0xff408d29,
0xff429029,
0xff428f25,
0xff499528,
0xff4d972b,
0xff4e982c,
0xff4c9628,
0xff4c9a22,
0xff48971d,
0xff4b991f,
0xff4a971c,
0xff4f9c22,
0xff61ae33,
0xff58a42c,
0xff428e18,
0xff418e1b,
0xff438e20,
0xff439024,
0xff3c8920,
0xff448723,
0xff4c8427,
0xff3c781c,
0xff306f12,
0xff396a11,
0xff3e6715,
0xff677b37,
0xffad472f,
0xffe00606,
0xffdb0907,
0xffae3010,
0xffe94f12,
0xffe75b25,
0xffc61d12,
0xffcf452b,
0xfff15b1e,
0xffe44501,
0xffe14601,
0xffe04c05,
0xffe24b02,
0xffe54a00,
0xffed5105,
0xffee580a,
0xffec5c09,
0xffee5f05,
0xfff56506,
0xfffc6f09,
0xfff96d09,
0xfff16105,
0xffea5601,
0xffeb5b00,
0xffef6204,
0xfff06405,
0xfff16303,
0xfff66801,
0xfff56d00,
0xfff26700,
0xfff16c0a,
0xfff9904e,
0xffdf3628,
0xffe30606,
0xffe90505,
0xffe90505,
0xffe90505,
0xffe90505,
0xffe90505,
0xffe90505,
0xffe90505,
0xffe90505,
0xffe90505,
0xffe90505,
0xffe90505,
0xffe90505,
0xffe90505,
0xffe90505,
0xffe90505,
0xffe90505,
0xffe90505,
0xffe90505,
0xffe90505,
0xffe90505,
0xffe90505,
0xffe90505,
0xffe90505,
0xffe90505,
0xffe90505,
0xffe90505,
0xffe90505,
0xffe90505,
0xffe90505,
0xffe90505,
0xffe90505,
0xffe90505,
0xffe90505,
0xffe90505,
0xffe90505,
0xffe90505,
0xffe90505,
0xffe90505,
0xffe90505,
0xffe90505,
0xffe90505,
0xffe90505,
0xffe90505,
0xffe90505,
0xffe90505,
0xffe90505,
0xffe90505,
0xffe90505,
0xffe90505,
0xffe90505,
0xffe90505,
0xffe90505,
0xffe90505,
0xffe90505,
0xffe90505,
0xffe90505,
0xffe90505,
0xffe90505,
0xffe90505,
0xffe90505,
0xffe90505,
0xffe90505,
0xffe90505,
0xffe90505,
0xffe90505,
0xffe90505,
0xffe90505,
0xffe90505,
0xffe90505,
0xffe90505,
0xffe90505,
0xffe90505,
0xffe90505,
0xffe90505,
0xffe90505,
0xffe90505,
0xffe90505,
0xffe90505,
0xffe90505,
0xffe90505,
0xffe90505,
0xffe90505,
0xffe90505,
0xffe90505,
0xffe90505,
0xffe90505,
0xffe90505,
0xffe90505,
0xffe90505,
0xffe90505,
0xffe90505,
0xffe90505,
0xffe90505,
0xffe90505,
0xffe90505,
0xffe90505,
0xffe90505,
0xffe90505,
0xffe90505,
0xffe90505,
0xffe90505,
0xffe90505,
0xffe90505,
0xffe90505,
0xffe90505,
0xffe90505,
0xffe90505,
0xffe90505,
0xffe90505,
0xffe90505,
0xffe90505,
0xffe90505,
0xffe90505,
0xffe90505,
0xffe90505,
0xffe90505,
0xffe90505,
0xffe90505,
0xffe90505,
0xffe90505,
0xffe90505,
0xffe90505,
0xffe90505,
0xffe90505,
0xffe90505,
0xffe90505,
0xffe90505,
0xffe90505,
0xffe90505,
0xffe90505,
0xffe90505,
0xffe90505,
0xffe90505,
0xffe90505,
0xffe90505,
0xffe90505,
0xffe90505,
0xffe90505,
0xffe90505,
0xffe90505,
0xffe90505,
0xffe90505,
0xffe90505,
0xffe90505,
0xffe90505,
0xffe90505,
0xffe90505,
0xffe90505,
0xffe90505,
0xffe90505,
0xffe90505,
0xffe90505,
0xffe90505,
0xffe90505,
0xffe90505,
0xffe90505,
0xffe90505,
0xffe90505,
0xffe90505,
0xffe90505,
0xffe90505,
0xffe90505,
0xffe90505,
0xffe90505,
0xffe90505,
0xffe90505,
0xffe90505,
0xffe90505,
0xffe90505,
0xffe80505,
0xffe90505,
0xffe30605,
0xff963b2b,
0xff487a3a,
0xff2f6d21,
0xff327525,
0xff357928,
0xff387d29,
0xff3a8129,
0xff3b8529,
0xff3d8a28,
0xff418d29,
0xff48932d,
0xff4d9531,
0xff4e9631,
0xff4e9530,
0xff4f9430,
0xff4c9828,
0xff48991f,
0xff49991f,
0xff4b9a21,
0xff55a42c,
0xff509f28,
0xff3f8d18,
0xff428f1d,
0xff469323,
0xff418e23,
0xff3e8b22,
0xff428e29,
0xff4a8929,
0xff45751e,
0xff326a19,
0xff37761e,
0xff3d7210,
0xff5f852d,
0xffae744b,
0xffdd0908,
0xffe90505,
0xffe10505,
0xffbc321b,
0xffef6520,
0xffea6830,
0xffdc0805,
0xffde0c0a,
0xffe25835,
0xffeb5c19,
0xffde4a01,
0xffde4901,
0xffe24f02,
0xffe55004,
0xffe84f06,
0xffec5506,
0xffed5a05,
0xffec5b06,
0xfff3620a,
0xfffd6e0f,
0xffff7611,
0xfffe7311,
0xfff96d0e,
0xfff26605,
0xffec6000,
0xffec6001,
0xffed6101,
0xfff26401,
0xfff06400,
0xfff96602,
0xfff97a25,
0xffe12017,
0xffe60606,
0xffe90505,
0xffe80505,
0xffe90505,
0xffe90505,
0xffe90505,
0xffe90505,
0xffe90505,
0xffe90505,
0xffe90505,
0xffe90505,
0xffe90505,
0xffe90505,
0xffe90505,
0xffe90505,
0xffe90505,
0xffe90505,
0xffe90505,
0xffe90505,
0xffe90505,
0xffe90505,
0xffe90505,
0xffe90505,
0xffe90505,
0xffe90505,
0xffe90505,
0xffe90505,
0xffe90505,
0xffe90505,
0xffe90505,
0xffe90505,
0xffe90505,
0xffe90505,
0xffe90505,
0xffe90505,
0xffe90505,
0xffe90505,
0xffe90505,
0xffe90505,
0xffe90505,
0xffe90505,
0xffe90505,
0xffe90505,
0xffe90505,
0xffe90505,
0xffe90505,
0xffe90505,
0xffe90505,
0xffe90505,
0xffe90505,
0xffe90505,
0xffe90505,
0xffe90505,
0xffe90505,
0xffe90505,
0xffe90505,
0xffe90505,
0xffe90505,
0xffe90505,
0xffe90505,
0xffe90505,
0xffe90505,
0xffe90505,
0xffe90505,
0xffe90505,
0xffe90505,
0xffe90505,
0xffe90505,
0xffe90505,
0xffe90505,
0xffe90505,
0xffe90505,
0xffe90505,
0xffe90505,
0xffe90505,
0xffe90505,
0xffe90505,
0xffe90505,
0xffe90505,
0xffe90505,
0xffe90505,
0xffe90505,
0xffe90505,
0xffe90505,
0xffe90505,
0xffe90505,
0xffe90505,
0xffe90505,
0xffe90505,
0xffe90505,
0xffe90505,
0xffe90505,
0xffe90505,
0xffe90505,
0xffe90505,
0xffe90505,
0xffe90505,
0xffe90505,
0xffe90505,
0xffe90505,
0xffe90505,
0xffe90505,
0xffe90505,
0xffe90505,
0xffe90505,
0xffe90505,
0xffe90505,
0xffe90505,
0xffe90505,
0xffe90505,
0xffe90505,
0xffe90505,
0xffe90505,
0xffe90505,
0xffe90505,
0xffe90505,
0xffe90505,
0xffe90505,
0xffe90505,
0xffe90505,
0xffe90505,
0xffe90505,
0xffe90505,
0xffe90505,
0xffe90505,
0xffe90505,
0xffe90505,
0xffe90505,
0xffe90505,
0xffe90505,
0xffe90505,
0xffe90505,
0xffe90505,
0xffe90505,
0xffe90505,
0xffe90505,
0xffe90505,
0xffe90505,
0xffe90505,
0xffe90505,
0xffe90505,
0xffe90505,
0xffe90505,
0xffe90505,
0xffe90505,
0xffe90505,
0xffe90505,
0xffe90505,
0xffe90505,
0xffe90505,
0xffe90505,
0xffe90505,
0xffe90505,
0xffe90505,
0xffe90505,
0xffe90505,
0xffe90505,
0xffe90505,
0xffe90505,
0xffe90505,
0xffe90505,
0xffe90505,
0xffe90505,
0xffe90505,
0xffe90505,
0xffe90505,
0xffe90505,
0xffe90505,
0xffe90505,
0xffe90505,
0xffe90505,
0xffe80505,
0xffe70505,
0xffcc201b,
0xff74774a,
0xff2f701e,
0xff2a7217,
0xff327a23,
0xff337c26,
0xff357f27,
0xff368126,
0xff378526,
0xff3d8b28,
0xff43912c,
0xff4a9732,
0xff4c9834,
0xff4a9531,
0xff4e9734,
0xff4e9632,
0xff4a962b,
0xff469722,
0xff489924,
0xff4b9c26,
0xff4b9a27,
0xff429220,
0xff3f8e1f,
0xff439023,
0xff429025,
0xff418e28,
0xff3f8b28,
0xff45922f,
0xff408023,
0xff3b6b18,
0xff3a7425,
0xff37791e,
0xff3b770d,
0xff8c9a4c,
0xffda241c,
0xffe80505,
0xffe90505,
0xffe60605,
0xffe3392c,
0xffde6623,
0xfff67635,
0xffdb1814,
0xffe90505,
0xffdb0f0c,
0xffe45838,
0xfff55f1b,
0xffe44c03,
0xffe04d00,
0xffe25504,
0xffe65705,
0xffe85101,
0xffec5502,
0xffeb5f01,
0xffed6104,
0xfff66307,
0xfffe700b,
0xfffe730e,
0xfffe7717,
0xfffe7812,
0xfffc7305,
0xfffb6f03,
0xfff66b04,
0xfff66c05,
0xfff26701,
0xfffa6b06,
0xfff27d35,
0xffcb1915,
0xffe80505,
0xffe90505,
0xffe90505,
0xffe90505,
0xffe90505,
0xffe90505,
0xffe90505,
0xffe90505,
0xffe90505,
0xffe90505,
0xffe90505,
0xffe90505,
0xffe90505,
0xffe90505,
0xffe90505,
0xffe90505,
0xffe90505,
0xffe90505,
0xffe90505,
0xffe90505,
0xffe90505,
0xffe90505,
0xffe90505,
0xffe90505,
0xffe90505,
0xffe90505,
0xffe90505,
0xffe90505,
0xffe90505,
0xffe90505,
0xffe90505,
0xffe90505,
0xffe90505,
0xffe90505,
0xffe90505,
0xffe90505,
0xffe90505,
0xffe90505,
0xffe90505,
0xffe90505,
0xffe90505,
0xffe90505,
0xffe90505,
0xffe90505,
0xffe90505,
0xffe90505,
0xffe90505,
0xffe90505,
0xffe90505,
0xffe90505,
0xffe90505,
0xffe90505,
0xffe90505,
0xffe90505,
0xffe90505,
0xffe90505,
0xffe90505,
0xffe90505,
0xffe90505,
0xffe90505,
0xffe90505,
0xffe90505,
0xffe90505,
0xffe90505,
0xffe90505,
0xffe90505,
0xffe90505,
0xffe90505,
0xffe90505,
0xffe90505,
0xffe90505,
0xffe90505,
0xffe90505,
0xffe90505,
0xffe90505,
0xffe90505,
0xffe90505,
0xffe90505,
0xffe90505,
0xffe90505,
0xffe90505,
0xffe90505,
0xffe90505,
0xffe90505,
0xffe90505,
0xffe90505,
0xffe90505,
0xffe90505,
0xffe90505,
0xffe90505,
0xffe90505,
0xffe90505,
0xffe90505,
0xffe90505,
0xffe90505,
0xffe90505,
0xffe90505,
0xffe90505,
0xffe90505,
0xffe90505,
0xffe90505,
0xffe90505,
0xffe90505,
0xffe90505,
0xffe90505,
0xffe90505,
0xffe90505,
0xffe90505,
0xffe90505,
0xffe90505,
0xffe90505,
0xffe90505,
0xffe90505,
0xffe90505,
0xffe90505,
0xffe90505,
0xffe90505,
0xffe90505,
0xffe90505,
0xffe90505,
0xffe90505,
0xffe90505,
0xffe90505,
0xffe90505,
0xffe90505,
0xffe90505,
0xffe90505,
0xffe90505,
0xffe90505,
0xffe90505,
0xffe90505,
0xffe90505,
0xffe90505,
0xffe90505,
0xffe90505,
0xffe90505,
0xffe90505,
0xffe90505,
0xffe90505,
0xffe90505,
0xffe90505,
0xffe90505,
0xffe90505,
0xffe90505,
0xffe90505,
0xffe90505,
0xffe90505,
0xffe90505,
0xffe90505,
0xffe90505,
0xffe90505,
0xffe90505,
0xffe90505,
0xffe90505,
0xffe90505,
0xffe90505,
0xffe90505,
0xffe90505,
0xffe90505,
0xffe90505,
0xffe90505,
0xffe90505,
0xffe90505,
0xffe90505,
0xffe90505,
0xffe90505,
0xffe90505,
0xffe90505,
0xffe90505,
0xffe90505,
0xffe90505,
0xffe90505,
0xffdd0909,
0xff9b7b5c,
0xff538a42,
0xff2a6e14,
0xff2c7717,
0xff317c20,
0xff2e791f,
0xff307c21,
0xff348123,
0xff368524,
0xff398725,
0xff3f8e29,
0xff4c9a35,
0xff4c9e36,
0xff4ea239,
0xff4c9e35,
0xff48992f,
0xff48982c,
0xff469728,
0xff439426,
0xff439628,
0xff439426,
0xff409124,
0xff3f8f23,
0xff429127,
0xff408d26,
0xff448f2c,
0xff469231,
0xff3c8828,
0xff32741a,
0xff377420,
0xff387b25,
0xff327a15,
0xff5c952d,
0xffa34426,
0xffe20606,
0xffe90505,
0xffe70505,
0xffe80505,
0xffda1612,
0xffd2622d,
0xfffc853f,
0xffeb3c2f,
0xffe70505,
0xffe80505,
0xffe10e0d,
0xffe8563e,
0xfff9722b,
0xffe95703,
0xffe65000,
0xffed5501,
0xffee5500,
0xffea5600,
0xffe55c00,
0xffea5f00,
0xffee5d01,
0xffef5e01,
0xfff66906,
0xfffb7521,
0xfffb7922,
0xfffc7e1b,
0xfffc8115,
0xfffd831b,
0xfffd8421,
0xfffe831f,
0xfffb8124,
0xfff89b53,
0xffec9679,
0xffe20f0e,
0xffe90505,
0xffe90505,
0xffe90505,
0xffe90505,
0xffe90505,
0xffe90505,
0xffe90505,
0xffe90505,
0xffe90505,
0xffe90505,
0xffe90505,
0xffe90505,
0xffe90505,
0xffe90505,
0xffe90505,
0xffe90505,
0xffe90505,
0xffe90505,
0xffe90505,
0xffe90505,
0xffe90505,
0xffe90505,
0xffe90505,
0xffe90505,
0xffe90505,
0xffe90505,
0xffe90505,
0xffe90505,
0xffe90505,
0xffe90505,
0xffe90505,
0xffe90505,
0xffe90505,
0xffe90505,
0xffe90505,
0xffe90505,
0xffe90505,
0xffe90505,
0xffe90505,
0xffe90505,
0xffe90505,
0xffe90505,
0xffe90505,
0xffe90505,
0xffe90505,
0xffe90505,
0xffe90505,
0xffe90505,
0xffe90505,
0xffe90505,
0xffe90505,
0xffe90505,
0xffe90505,
0xffe90505,
0xffe90505,
0xffe90505,
0xffe90505,
0xffe90505,
0xffe90505,
0xffe90505,
0xffe90505,
0xffe90505,
0xffe90505,
0xffe90505,
0xffe90505,
0xffe90505,
0xffe90505,
0xffe90505,
0xffe90505,
0xffe90505,
0xffe90505,
0xffe90505,
0xffe90505,
0xffe90505,
0xffe90505,
0xffe90505,
0xffe90505,
0xffe90505,
0xffe90505,
0xffe90505,
0xffe90505,
0xffe90505,
0xffe90505,
0xffe90505,
0xffe90505,
0xffe90505,
0xffe90505,
0xffe90505,
0xffe90505,
0xffe90505,
0xffe90505,
0xffe90505,
0xffe90505,
0xffe90505,
0xffe90505,
0xffe90505,
0xffe90505,
0xffe90505,
0xffe90505,
0xffe90505,
0xffe90505,
0xffe90505,
0xffe90505,
0xffe90505,
0xffe90505,
0xffe90505,
0xffe90505,
0xffe90505,
0xffe90505,
0xffe90505,
0xffe90505,
0xffe90505,
0xffe90505,
0xffe90505,
0xffe90505,
0xffe90505,
0xffe90505,
0xffe90505,
0xffe90505,
0xffe90505,
0xffe90505,
0xffe90505,
0xffe90505,
0xffe90505,
0xffe90505,
0xffe90505,
0xffe90505,
0xffe90505,
0xffe90505,
0xffe90505,
0xffe90505,
0xffe90505,
0xffe90505,
0xffe90505,
0xffe90505,
0xffe90505,
0xffe90505,
0xffe90505,
0xffe90505,
0xffe90505,
0xffe90505,
0xffe90505,
0xffe90505,
0xffe90505,
0xffe90505,
0xffe90505,
0xffe90505,
0xffe90505,
0xffe90505,
0xffe90505,
0xffe90505,
0xffe90505,
0xffe90505,
0xffe90505,
0xffe90505,
0xffe90505,
0xffe90505,
0xffe90505,
0xffe90505,
0xffe90505,
0xffe90505,
0xffe90505,
0xffe90505,
0xffe90505,
0xffe90505,
0xffe90505,
0xffe90505,
0xffe90505,
0xffe90505,
0xffe90505,
0xffe90505,
0xffe70808,
0xffc5372b,
0xff7c5d36,
0xff70854a,
0xff6ea055,
0xff4e913d,
0xff3a7c2a,
0xff2f7120,
0xff377a28,
0xff3b7e2a,
0xff3d812b,
0xff418a2f,
0xff4a9636,
0xff4f9f3a,
0xff4ea33b,
0xff49a237,
0xff459f31,
0xff42982e,
0xff41942c,
0xff40922a,
0xff40932b,
0xff40922a,
0xff3e9128,
0xff3f9029,
0xff419029,
0xff428f2a,
0xff428c2c,
0xff468f31,
0xff347c21,
0xff2d731a,
0xff367c25,
0xff337c1a,
0xff3a8119,
0xff7d8e44,
0xffd5100c,
0xffe80505,
0xffe70505,
0xffe80505,
0xffe90505,
0xffe40909,
0xffce462c,
0xfffd813b,
0xffdd4b36,
0xffe30606,
0xffe90505,
0xffe90505,
0xffe30b0b,
0xffdd4531,
0xffdc611f,
0xfff15c07,
0xfff25101,
0xfff65700,
0xfff15a00,
0xffe75c04,
0xffe45e01,
0xffe76001,
0xffed6d0b,
0xffe6571f,
0xffd74327,
0xffce4628,
0xffce4720,
0xffcf481d,
0xffce4d22,
0xffd05228,
0xffd5522a,
0xffd5502f,
0xffda543b,
0xffde382f,
0xffe50707,
0xffe90505,
0xffe90505,
0xffe90505,
0xffe90505,
0xffe90505,
0xffe90505,
0xffe90505,
0xffe90505,
0xffe90505,
0xffe90505,
0xffe90505,
0xffe90505,
0xffe90505,
0xffe90505,
0xffe90505,
0xffe90505,
0xffe90505,
0xffe90505,
0xffe90505,
0xffe90505,
0xffe90505,
0xffe90505,
0xffe90505,
0xffe90505,
0xffe90505,
0xffe90505,
0xffe90505,
0xffe90505,
0xffe90505,
0xffe90505,
0xffe90505,
0xffe90505,
0xffe90505,
0xffe90505,
0xffe90505,
0xffe90505,
0xffe90505,
0xffe90505,
0xffe90505,
0xffe90505,
0xffe90505,
0xffe90505,
0xffe90505,
0xffe90505,
0xffe90505,
0xffe90505,
0xffe90505,
0xffe90505,
0xffe90505,
0xffe90505,
0xffe90505,
0xffe90505,
0xffe90505,
0xffe90505,
0xffe90505,
0xffe90505,
0xffe90505,
0xffe90505,
0xffe90505,
0xffe90505,
0xffe90505,
0xffe90505,
0xffe90505,
0xffe90505,
0xffe90505,
0xffe90505,
0xffe90505,
0xffe90505,
0xffe90505,
0xffe90505,
0xffe90505,
0xffe90505,
0xffe90505,
0xffe90505,
0xffe90505,
0xffe90505,
0xffe90505,
0xffe90505,
0xffe90505,
0xffe90505,
0xffe90505,
0xffe90505,
0xffe90505,
0xffe90505,
0xffe90505,
0xffe90505,
0xffe90505,
0xffe90505,
0xffe90505,
0xffe90505,
0xffe90505,
0xffe90505,
0xffe90505,
0xffe90505,
0xffe90505,
0xffe90505,
0xffe90505,
0xffe90505,
0xffe90505,
0xffe90505,
0xffe90505,
0xffe90505,
0xffe90505,
0xffe90505,
0xffe90505,
0xffe90505,
0xffe90505,
0xffe90505,
0xffe90505,
0xffe90505,
0xffe90505,
0xffe90505,
0xffe90505,
0xffe90505,
0xffe90505,
0xffe90505,
0xffe90505,
0xffe90505,
0xffe90505,
0xffe90505,
0xffe90505,
0xffe90505,
0xffe90505,
0xffe90505,
0xffe90505,
0xffe90505,
0xffe90505,
0xffe90505,
0xffe90505,
0xffe90505,
0xffe90505,
0xffe90505,
0xffe90505,
0xffe90505,
0xffe90505,
0xffe90505,
0xffe90505,
0xffe90505,
0xffe90505,
0xffe90505,
0xffe90505,
0xffe90505,
0xffe90505,
0xffe90505,
0xffe90505,
0xffe90505,
0xffe90505,
0xffe90505,
0xffe90505,
0xffe90505,
0xffe90505,
0xffe90505,
0xffe90505,
0xffe90505,
0xffe90505,
0xffe90505,
0xffe90505,
0xffe90505,
0xffe90505,
0xffe90505,
0xffe90505,
0xffe90505,
0xffe90505,
0xffe90505,
0xffe90505,
0xffe90505,
0xffe90505,
0xffe90505,
0xffe90505,
0xffe90505,
0xffe70505,
0xffe90505,
0xffe50606,
0xffdd0808,
0xffd81714,
0xffb8392c,
0xff7e3a20,
0xff946e4a,
0xffac986b,
0xff929061,
0xff808e5b,
0xff7a9458,
0xff789d5b,
0xff60974b,
0xff4b943d,
0xff4a9b3b,
0xff449f36,
0xff419e33,
0xff3d952f,
0xff3c902e,
0xff3e922f,
0xff409531,
0xff3f9330,
0xff3e902c,
0xff3e8f2c,
0xff3f8e2b,
0xff44902f,
0xff448e2f,
0xff3e8629,
0xff30761b,
0xff327b21,
0xff358123,
0xff307a0f,
0xff669d3c,
0xffa6472e,
0xffe30606,
0xffe90505,
0xffe90505,
0xffe90505,
0xffe90505,
0xffe50505,
0xffb9140c,
0xffec6e34,
0xffdd794b,
0xffe20c0b,
0xffe90505,
0xffe80505,
0xffe90505,
0xffe20606,
0xffc71c14,
0xfff17540,
0xfffc7222,
0xfff85b0a,
0xfff55a07,
0xffeb600d,
0xffe4610a,
0xffdf6306,
0xfffb933b,
0xffdf2718,
0xffe30605,
0xffe10707,
0xffdf0707,
0xffdf0707,
0xffde0707,
0xffdf0707,
0xffe10807,
0xffe30909,
0xffea0d0d,
0xffe60606,
0xffe80505,
0xffe80505,
0xffe90505,
0xffe90505,
0xffe90505,
0xffe90505,
0xffe90505,
0xffe90505,
0xffe90505,
0xffe90505,
0xffe90505,
0xffe90505,
0xffe90505,
0xffe90505,
0xffe90505,
0xffe90505,
0xffe90505,
0xffe90505,
0xffe90505,
0xffe90505,
0xffe90505,
0xffe90505,
0xffe90505,
0xffe90505,
0xffe90505,
0xffe90505,
0xffe90505,
0xffe90505,
0xffe90505,
0xffe90505,
0xffe90505,
0xffe90505,
0xffe90505,
0xffe90505,
0xffe90505,
0xffe90505,
0xffe90505,
0xffe90505,
0xffe90505,
0xffe90505,
0xffe90505,
0xffe90505,
0xffe90505,
0xffe90505,
0xffe90505,
0xffe90505,
0xffe90505,
0xffe90505,
0xffe90505,
0xffe90505,
0xffe90505,
0xffe90505,
0xffe90505,
0xffe90505,
0xffe90505,
0xffe90505,
0xffe90505,
0xffe90505,
0xffe90505,
0xffe90505,
0xffe90505,
0xffe90505,
0xffe90505,
0xffe90505,
0xffe90505,
0xffe90505,
0xffe90505,
0xffe90505,
0xffe90505,
0xffe90505,
0xffe90505,
0xffe90505,
0xffe90505,
0xffe90505,
0xffe90505,
0xffe90505,
0xffe90505,
0xffe90505,
0xffe90505,
0xffe90505,
0xffe90505,
0xffe90505,
0xffe90505,
0xffe90505,
0xffe90505,
0xffe90505,
0xffe90505,
0xffe90505,
0xffe90505,
0xffe90505,
0xffe90505,
0xffe90505,
0xffe90505,
0xffe90505,
0xffe90505,
0xffe90505,
0xffe90505,
0xffe90505,
0xffe90505,
0xffe90505,
0xffe90505,
0xffe90505,
0xffe90505,
0xffe90505,
0xffe90505,
0xffe90505,
0xffe90505,
0xffe90505,
0xffe90505,
0xffe90505,
0xffe90505,
0xffe90505,
0xffe90505,
0xffe90505,
0xffe90505,
0xffe90505,
0xffe90505,
0xffe90505,
0xffe90505,
0xffe90505,
0xffe90505,
0xffe90505,
0xffe90505,
0xffe90505,
0xffe90505,
0xffe90505,
0xffe90505,
0xffe90505,
0xffe90505,
0xffe90505,
0xffe90505,
0xffe90505,
0xffe90505,
0xffe90505,
0xffe90505,
0xffe90505,
0xffe90505,
0xffe90505,
0xffe90505,
0xffe90505,
0xffe90505,
0xffe90505,
0xffe90505,
0xffe90505,
0xffe90505,
0xffe90505,
0xffe90505,
0xffe90505,
0xffe90505,
0xffe90505,
0xffe90505,
0xffe90505,
0xffe90505,
0xffe90505,
0xffe90505,
0xffe90505,
0xffe90505,
0xffe90505,
0xffe90505,
0xffe90505,
0xffe90505,
0xffe90505,
0xffe90505,
0xffe90505,
0xffe90505,
0xffe90505,
0xffe90505,
0xffe90505,
0xffe90505,
0xffe90505,
0xffe90505,
0xffe90505,
0xffe80505,
0xffe90505,
0xffe90505,
0xffe80505,
0xffe40606,
0xffe10605,
0xffe20a0a,
0xffe51311,
0xffd81613,
0xffc91a15,
0xffc31c16,
0xffc81812,
0xff9d3823,
0xff60904e,
0xff408a38,
0xff3b8f32,
0xff37902e,
0xff388f2e,
0xff388d2f,
0xff3b8f31,
0xff3d9132,
0xff3b8f30,
0xff3a8b2d,
0xff398b2a,
0xff3d8c2b,
0xff438e2f,
0xff458e30,
0xff377c22,
0xff33781d,
0xff378022,
0xff337f18,
0xff448716,
0xff868b43,
0xffd5100e,
0xffe80505,
0xffe80505,
0xffe90505,
0xffe90505,
0xffe80505,
0xffe90505,
0xffda0e0b,
0xffe76a41,
0xfff99f5c,
0xffe5261a,
0xffe80505,
0xffe90505,
0xffe80505,
0xffe90505,
0xffe60505,
0xffe00f0d,
0xffd53624,
0xffef7548,
0xfff3742f,
0xfff9771b,
0xfffb6a06,
0xffea5b02,
0xfff27f1a,
0xffe4633a,
0xffe50909,
0xffe90505,
0xffe90505,
0xffe90505,
0xffe90505,
0xffe90505,
0xffe90505,
0xffe90505,
0xffe90505,
0xffe90505,
0xffe80505,
0xffe90505,
0xffe90505,
0xffe90505,
0xffe90505,
0xffe90505,
0xffe90505,
0xffe90505,
0xffe90505,
0xffe90505,
0xffe90505,
0xffe90505,
0xffe90505,
0xffe90505,
0xffe90505,
0xffe90505,
0xffe90505,
0xffe90505,
0xffe90505,
0xffe90505,
0xffe90505,
0xffe90505,
0xffe90505,
0xffe90505,
0xffe90505,
0xffe90505,
0xffe90505,
0xffe90505,
0xffe90505,
0xffe90505,
0xffe90505,
0xffe90505,
0xffe90505,
0xffe90505,
0xffe90505,
0xffe90505,
0xffe90505,
0xffe90505,
0xffe90505,
0xffe90505,
0xffe90505,
0xffe90505,
0xffe90505,
0xffe90505,
0xffe90505,
0xffe90505,
0xffe90505,
0xffe90505,
0xffe90505,
0xffe90505,
0xffe90505,
0xffe90505,
0xffe90505,
0xffe90505,
0xffe90505,
0xffe90505,
0xffe90505,
0xffe90505,
0xffe90505,
0xffe90505,
0xffe90505,
0xffe90505,
0xffe90505,
0xffe90505,
0xffe90505,
0xffe90505,
0xffe90505,
0xffe90505,
0xffe90505,
0xffe90505,
0xffe90505,
0xffe90505,
0xffe90505,
0xffe90505,
0xffe90505,
0xffe90505,
0xffe90505,
0xffe90505,
0xffe90505,
0xffe90505,
0xffe90505,
0xffe90505,
0xffe90505,
0xffe90505,
0xffe90505,
0xffe90505,
0xffe90505,
0xffe90505,
0xffe90505,
0xffe90505,
0xffe90505,
0xffe90505,
0xffe90505,
0xffe90505,
0xffe90505,
0xffe90505,
0xffe90505,
0xffe90505,
0xffe90505,
0xffe90505,
0xffe90505,
0xffe90505,
0xffe90505,
0xffe90505,
0xffe90505,
0xffe90505,
0xffe90505,
0xffe90505,
0xffe90505,
0xffe90505,
0xffe90505,
0xffe90505,
0xffe90505,
0xffe90505,
0xffe90505,
0xffe90505,
0xffe90505,
0xffe90505,
0xffe90505,
0xffe90505,
0xffe90505,
0xffe90505,
0xffe90505,
0xffe90505,
0xffe90505,
0xffe90505,
0xffe90505,
0xffe90505,
0xffe90505,
0xffe90505,
0xffe90505,
0xffe90505,
0xffe90505,
0xffe90505,
0xffe90505,
0xffe90505,
0xffe90505,
0xffe90505,
0xffe90505,
0xffe90505,
0xffe90505,
0xffe90505,
0xffe90505,
0xffe90505,
0xffe90505,
0xffe90505,
0xffe90505,
0xffe90505,
0xffe90505,
0xffe90505,
0xffe90505,
0xffe90505,
0xffe90505,
0xffe90505,
0xffe90505,
0xffe90505,
0xffe90505,
0xffe90505,
0xffe90505,
0xffe90505,
0xffe90505,
0xffe90505,
0xffe90505,
0xffe90505,
0xffe90505,
0xffe90505,
0xffe90505,
0xffe90505,
0xffe90505,
0xffe90505,
0xffe90505,
0xffe90505,
0xffe90505,
0xffe90505,
0xffe90505,
0xffe90505,
0xffe90505,
0xffe90505,
0xffe90505,
0xffe90505,
0xffe80505,
0xffe70505,
0xffe70505,
0xffe70505,
0xffb71912,
0xff5a864a,
0xff347a30,
0xff348531,
0xff33892d,
0xff35892e,
0xff34872c,
0xff33882c,
0xff338a2b,
0xff33882a,
0xff37892c,
0xff3a892e,
0xff3e892f,
0xff408a2f,
0xff3b8329,
0xff33781d,
0xff34781c,
0xff408224,
0xff427f21,
0xff6b9135,
0xffb64328,
0xffe40606,
0xffe90505,
0xffe90505,
0xffe90505,
0xffe90505,
0xffe90505,
0xffe90505,
0xffe20505,
0xffb8321b,
0xfffa8c40,
0xffd8482c,
0xffe40606,
0xffe90505,
0xffe90505,
0xffe80505,
0xffe90505,
0xffe90505,
0xffe50606,
0xffdf0e0d,
0xffda3624,
0xffe8602c,
0xffee6d1f,
0xfffd8733,
0xfff3882f,
0xfff9c682,
0xffd82922,
0xffe70505,
0xffe90505,
0xffe90505,
0xffe90505,
0xffe90505,
0xffe90505,
0xffe90505,
0xffe90505,
0xffe90505,
0xffe90505,
0xffe90505,
0xffe90505,
0xffe90505,
0xffe90505,
0xffe90505,
0xffe90505,
0xffe90505,
0xffe90505,
0xffe90505,
0xffe90505,
0xffe90505,
0xffe90505,
0xffe90505,
0xffe90505,
0xffe90505,
0xffe90505,
0xffe90505,
0xffe90505,
0xffe90505,
0xffe90505,
0xffe90505,
0xffe90505,
0xffe90505,
0xffe90505,
0xffe90505,
0xffe90505,
0xffe90505,
0xffe90505,
0xffe90505,
0xffe90505,
0xffe90505,
0xffe90505,
0xffe90505,
0xffe90505,
0xffe90505,
0xffe90505,
0xffe90505,
0xffe90505,
0xffe90505,
0xffe90505,
0xffe90505,
0xffe90505,
0xffe90505,
0xffe90505,
0xffe90505,
0xffe90505,
0xffe90505,
0xffe90505,
0xffe90505,
0xffe90505,
0xffe90505,
0xffe90505,
0xffe90505,
0xffe90505,
0xffe90505,
0xffe90505,
0xffe90505,
0xffe90505,
0xffe90505,
0xffe90505,
0xffe90505,
0xffe90505,
0xffe90505,
0xffe90505,
0xffe90505,
0xffe90505,
0xffe90505,
0xffe90505,
0xffe90505,
0xffe90505,
0xffe90505,
0xffe90505,
0xffe90505,
0xffe90505,
0xffe90505,
0xffe90505,
0xffe90505,
0xffe90505,
0xffe90505,
0xffe90505,
0xffe90505,
0xffe90505,
0xffe90505,
0xffe90505,
0xffe90505,
0xffe90505,
0xffe90505,
0xffe90505,
0xffe90505,
0xffe90505,
0xffe90505,
0xffe90505,
0xffe90505,
0xffe90505,
0xffe90505,
0xffe90505,
0xffe90505,
0xffe90505,
0xffe90505,
0xffe90505,
0xffe90505,
0xffe90505,
0xffe90505,
0xffe90505,
0xffe90505,
0xffe90505,
0xffe90505,
0xffe90505,
0xffe90505,
0xffe90505,
0xffe90505,
0xffe90505,
0xffe90505,
0xffe90505,
0xffe90505,
0xffe90505,
0xffe90505,
0xffe90505,
0xffe90505,
0xffe90505,
0xffe90505,
0xffe90505,
0xffe90505,
0xffe90505,
0xffe90505,
0xffe90505,
0xffe90505,
0xffe90505,
0xffe90505,
0xffe90505,
0xffe90505,
0xffe90505,
0xffe90505,
0xffe90505,
0xffe90505,
0xffe90505,
0xffe90505,
0xffe90505,
0xffe90505,
0xffe90505,
0xffe90505,
0xffe90505,
0xffe90505,
0xffe90505,
0xffe90505,
0xffe90505,
0xffe90505,
0xffe90505,
0xffe90505,
0xffe90505,
0xffe90505,
0xffe90505,
0xffe90505,
0xffe90505,
0xffe90505,
0xffe90505,
0xffe90505,
0xffe90505,
0xffe90505,
0xffe90505,
0xffe90505,
0xffe90505,
0xffe90505,
0xffe90505,
0xffe90505,
0xffe90505,
0xffe90505,
0xffe90505,
0xffe90505,
0xffe90505,
0xffe90505,
0xffe90505,
0xffe90505,
0xffe90505,
0xffe90505,
0xffe90505,
0xffe90505,
0xffe90505,
0xffe90505,
0xffe90505,
0xffe90505,
0xffe90505,
0xffde0f0d,
0xff7d673e,
0xff32752b,
0xff327d2c,
0xff31812c,
0xff30812b,
0xff327e28,
0xff327e27,
0xff32872c,
0xff328a2d,
0xff32832b,
0xff3c8a35,
0xff438938,
0xff3e8534,
0xff3d8733,
0xff358028,
0xff2d761a,
0xff4f8e30,
0xff7d7a3d,
0xff8a774e,
0xffc38267,
0xffdf0c0c,
0xffe90505,
0xffe90505,
0xffe90505,
0xffe90505,
0xffe90505,
0xffe90505,
0xffe80505,
0xffe60505,
0xffd2221b,
0xfff68e43,
0xfff68a51,
0xffe2120f,
0xffe90505,
0xffe90505,
0xffe90505,
0xffe90505,
0xffe80505,
0xffe90505,
0xffe90505,
0xffe50606,
0xffe00807,
0xffdd130f,
0xffe73027,
0xffd23e30,
0xffd64d40,
0xffd91110,
0xffe80505,
0xffe90505,
0xffe90505,
0xffe90505,
0xffe90505,
0xffe90505,
0xffe90505,
0xffe90505,
0xffe90505,
0xffe90505,
0xffe90505,
0xffe90505,
0xffe90505,
0xffe90505,
0xffe90505,
0xffe90505,
0xffe90505,
0xffe90505,
0xffe90505,
0xffe90505,
0xffe90505,
0xffe90505,
0xffe90505,
0xffe90505,
0xffe90505,
0xffe90505,
0xffe90505,
0xffe90505,
0xffe90505,
0xffe90505,
0xffe90505,
0xffe90505,
0xffe90505,
0xffe90505,
0xffe90505,
0xffe90505,
0xffe90505,
0xffe90505,
0xffe90505,
0xffe90505,
0xffe90505,
0xffe90505,
0xffe90505,
0xffe90505,
0xffe90505,
0xffe90505,
0xffe90505,
0xffe90505,
0xffe90505,
0xffe90505,
0xffe90505,
0xffe90505,
0xffe90505,
0xffe90505,
0xffe90505,
0xffe90505,
0xffe90505,
0xffe90505,
0xffe90505,
0xffe90505,
0xffe90505,
0xffe90505,
0xffe90505,
0xffe90505,
0xffe90505,
0xffe90505,
0xffe90505,
0xffe90505,
0xffe90505,
0xffe90505,
0xffe90505,
0xffe90505,
0xffe90505,
0xffe90505,
0xffe90505,
0xffe90505,
0xffe90505,
0xffe90505,
0xffe90505,
0xffe90505,
0xffe90505,
0xffe90505,
0xffe90505,
0xffe90505,
0xffe90505,
0xffe90505,
0xffe90505,
0xffe90505,
0xffe90505,
0xffe90505,
0xffe90505,
0xffe90505,
0xffe90505,
0xffe90505,
0xffe90505,
0xffe90505,
0xffe90505,
0xffe90505,
0xffe90505,
0xffe90505,
0xffe90505,
0xffe90505,
0xffe90505,
0xffe90505,
0xffe90505,
0xffe90505,
0xffe90505,
0xffe90505,
0xffe90505,
0xffe90505,
0xffe90505,
0xffe90505,
0xffe90505,
0xffe90505,
0xffe90505,
0xffe90505,
0xffe90505,
0xffe90505,
0xffe90505,
0xffe90505,
0xffe90505,
0xffe90505,
0xffe90505,
0xffe90505,
0xffe90505,
0xffe90505,
0xffe90505,
0xffe90505,
0xffe90505,
0xffe90505,
0xffe90505,
0xffe90505,
0xffe90505,
0xffe90505,
0xffe90505,
0xffe90505,
0xffe90505,
0xffe90505,
0xffe90505,
0xffe90505,
0xffe90505,
0xffe90505,
0xffe90505,
0xffe90505,
0xffe90505,
0xffe90505,
0xffe90505,
0xffe90505,
0xffe90505,
0xffe90505,
0xffe90505,
0xffe90505,
0xffe90505,
0xffe90505,
0xffe90505,
0xffe90505,
0xffe90505,
0xffe90505,
0xffe90505,
0xffe90505,
0xffe90505,
0xffe90505,
0xffe90505,
0xffe90505,
0xffe90505,
0xffe90505,
0xffe90505,
0xffe90505,
0xffe90505,
0xffe90505,
0xffe90505,
0xffe90505,
0xffe90505,
0xffe90505,
0xffe90505,
0xffe90505,
0xffe90505,
0xffe90505,
0xffe90505,
0xffe90505,
0xffe90505,
0xffe90505,
0xffe90505,
0xffe90505,
0xffe90505,
0xffe90505,
0xffe90505,
0xffe90505,
0xffe90505,
0xffe90505,
0xffe90505,
0xffe50606,
0xffca4f40,
0xff68955a,
0xff2b6b24,
0xff377d30,
0xff3b8034,
0xff437f37,
0xff488036,
0xff4d833b,
0xff588d47,
0xff719354,
0xff7b9054,
0xff4c8640,
0xff398431,
0xff328428,
0xff2f8425,
0xff307d23,
0xff609649,
0xffbb855b,
0xffdd120e,
0xffde0d0c,
0xffe41111,
0xffe80505,
0xffe80505,
0xffe80505,
0xffe90505,
0xffe90505,
0xffe90505,
0xffe90505,
0xffe90505,
0xffe90505,
0xffe60b0a,
0xffdd5a33,
0xfffc8d4c,
0xffdf483a,
0xffe50606,
0xffe90505,
0xffe90505,
0xffe90505,
0xffe90505,
0xffe90505,
0xffe80505,
0xffe90505,
0xffe90505,
0xffe80505,
0xffe70606,
0xffe40606,
0xffe40606,
0xffe70505,
0xffe80505,
0xffe90505,
0xffe90505,
0xffe90505,
0xffe90505,
0xffe90505,
0xffe90505,
0xffe90505,
0xffe90505,
0xffe90505,
0xffe90505,
0xffe90505,
0xffe90505,
0xffe90505,
0xffe90505,
0xffe90505,
0xffe90505,
0xffe90505,
0xffe90505,
0xffe90505,
0xffe90505,
0xffe90505,
0xffe90505,
0xffe90505,
0xffe90505,
0xffe90505,
0xffe90505,
0xffe90505,
0xffe90505,
0xffe90505,
0xffe90505,
0xffe90505,
0xffe90505,
0xffe90505,
0xffe90505,
0xffe90505,
0xffe90505,
0xffe90505,
0xffe90505,
0xffe90505,
0xffe90505,
0xffe90505,
0xffe90505,
0xffe90505,
0xffe90505,
0xffe90505,
0xffe90505,
0xffe90505,
0xffe90505,
0xffe90505,
0xffe90505,
0xffe90505,
0xffe90505,
0xffe90505,
0xffe90505,
0xffe90505,
0xffe90505,
0xffe90505,
0xffe90505,
0xffe90505,
0xffe90505,
0xffe90505,
0xffe90505,
0xffe90505,
0xffe90505,
0xffe90505,
0xffe90505,
0xffe90505,
0xffe90505,
0xffe90505,
0xffe90505,
0xffe90505,
0xffe90505,
0xffe90505,
0xffe90505,
0xffe90505,
0xffe90505,
0xffe90505,
0xffe90505,
0xffe90505,
0xffe90505,
0xffe90505,
0xffe90505,
0xffe90505,
0xffe90505,
0xffe90505,
0xffe90505,
0xffe90505,
0xffe90505,
0xffe90505,
0xffe90505,
0xffe90505,
0xffe90505,
0xffe90505,
0xffe90505,
0xffe90505,
0xffe90505,
0xffe90505,
0xffe90505,
0xffe90505,
0xffe90505,
0xffe90505,
0xffe90505,
0xffe90505,
0xffe90505,
0xffe90505,
0xffe90505,
0xffe90505,
0xffe90505,
0xffe90505,
0xffe90505,
0xffe90505,
0xffe90505,
0xffe90505,
0xffe90505,
0xffe90505,
0xffe90505,
0xffe90505,
0xffe90505,
0xffe90505,
0xffe90505,
0xffe90505,
0xffe90505,
0xffe90505,
0xffe90505,
0xffe90505,
0xffe90505,
0xffe90505,
0xffe90505,
0xffe90505,
0xffe90505,
0xffe90505,
0xffe90505,
0xffe90505,
0xffe90505,
0xffe90505,
0xffe90505,
0xffe90505,
0xffe90505,
0xffe90505,
0xffe90505,
0xffe90505,
0xffe90505,
0xffe90505,
0xffe90505,
0xffe90505,
0xffe90505,
0xffe90505,
0xffe90505,
0xffe90505,
0xffe90505,
0xffe90505,
0xffe90505,
0xffe90505,
0xffe90505,
0xffe90505,
0xffe90505,
0xffe90505,
0xffe90505,
0xffe90505,
0xffe90505,
0xffe90505,
0xffe90505,
0xffe90505,
0xffe90505,
0xffe90505,
0xffe90505,
0xffe90505,
0xffe90505,
0xffe90505,
0xffe90505,
0xffe90505,
0xffe90505,
0xffe90505,
0xffe90505,
0xffe90505,
0xffe90505,
0xffe90505,
0xffe90505,
0xffe90505,
0xffe90505,
0xffe90505,
0xffe90505,
0xffe90505,
0xffe90505,
0xffe90505,
0xffe90505,
0xffe90505,
0xffe90505,
0xffe90505,
0xffe90505,
0xffe50606,
0xffcd3f37,
0xff84936b,
0xff5c7b4a,
0xff5d6b3c,
0xff7f7149,
0xffa16a4a,
0xffc46a51,
0xffc14937,
0xffae1b13,
0xffc8110d,
0xffd11610,
0xff8d6940,
0xff39882f,
0xff238119,
0xff2a861c,
0xff599140,
0xff97432d,
0xffe50e0a,
0xffe90505,
0xffe90505,
0xffe90505,
0xffe90505,
0xffe80505,
0xffe90505,
0xffe90505,
0xffe90505,
0xffe90505,
0xffe90505,
0xffe90505,
0xffe90505,
0xffe60505,
0xffdb2d24,
0xfff38254,
0xfff5936b,
0xffe1100f,
0xffe90505,
0xffe80505,
0xffe90505,
0xffe90505,
0xffe90505,
0xffe90505,
0xffe90505,
0xffe90505,
0xffe90505,
0xffe90505,
0xffe90505,
0xffe90505,
0xffe90505,
0xffe80505,
0xffe90505,
0xffe90505,
0xffe90505,
0xffe90505,
0xffe90505,
0xffe90505,
0xffe90505,
0xffe90505,
0xffe90505,
0xffe90505,
0xffe90505,
0xffe90505,
0xffe90505,
0xffe90505,
0xffe90505,
0xffe90505,
0xffe90505,
0xffe90505,
0xffe90505,
0xffe90505,
0xffe90505,
0xffe90505,
0xffe90505,
0xffe90505,
0xffe90505,
0xffe90505,
0xffe90505,
0xffe90505,
0xffe90505,
0xffe90505,
0xffe90505,
0xffe90505,
0xffe90505,
0xffe90505,
0xffe90505,
0xffe90505,
0xffe90505,
0xffe90505,
0xffe90505,
0xffe90505,
0xffe90505,
0xffe90505,
0xffe90505,
0xffe90505,
0xffe90505,
0xffe90505,
0xffe90505,
0xffe90505,
0xffe90505,
0xffe90505,
0xffe90505,
0xffe90505,
0xffe90505,
0xffe90505,
0xffe90505,
0xffe90505,
0xffe90505,
0xffe90505,
0xffe90505,
0xffe90505,
0xffe90505,
0xffe90505,
0xffe90505,
0xffe90505,
0xffe90505,
0xffe90505,
0xffe90505,
0xffe90505,
0xffe90505,
0xffe90505,
0xffe90505,
0xffe90505,
0xffe90505,
0xffe90505,
0xffe90505,
0xffe90505,
0xffe90505,
0xffe90505,
0xffe90505,
0xffe90505,
0xffe90505,
0xffe90505,
0xffe90505,
0xffe90505,
0xffe90505,
0xffe90505,
0xffe90505,
0xffe90505,
0xffe90505,
0xffe90505,
0xffe90505,
0xffe90505,
0xffe90505,
0xffe90505,
0xffe90505,
0xffe90505,
0xffe90505,
0xffe90505,
0xffe90505,
0xffe90505,
0xffe90505,
0xffe90505,
0xffe90505,
0xffe90505,
0xffe90505,
0xffe90505,
0xffe90505,
0xffe90505,
0xffe90505,
0xffe90505,
0xffe90505,
0xffe90505,
0xffe90505,
0xffe90505,
0xffe90505,
0xffe90505,
0xffe90505,
0xffe90505,
0xffe90505,
0xffe90505,
0xffe90505,
0xffe90505,
0xffe90505,
0xffe90505,
0xffe90505,
0xffe90505,
0xffe90505,
0xffe90505,
0xffe90505,
0xffe90505,
0xffe90505,
0xffe90505,
0xffe90505,
0xffe90505,
0xffe90505,
0xffe90505,
0xffe90505,
0xffe90505,
0xffe90505,
0xffe90505,
0xffe90505,
0xffe90505,
0xffe90505,
0xffe90505,
0xffe90505,
0xffe90505,
0xffe90505,
0xffe90505,
0xffe90505,
0xffe90505,
0xffe90505,
0xffe90505,
0xffe90505,
0xffe90505,
0xffe90505,
0xffe90505,
0xffe90505,
0xffe90505,
0xffe90505,
0xffe90505,
0xffe90505,
0xffe90505,
0xffe90505,
0xffe90505,
0xffe90505,
0xffe90505,
0xffe90505,
0xffe90505,
0xffe90505,
0xffe90505,
0xffe90505,
0xffe90505,
0xffe90505,
0xffe90505,
0xffe90505,
0xffe90505,
0xffe90505,
0xffe90505,
0xffe90505,
0xffe90505,
0xffe90505,
0xffe90505,
0xffe90505,
0xffe90505,
0xffe90505,
0xffe90505,
0xffe90505,
0xffe90505,
0xffe90505,
0xffe90505,
0xffe90505,
0xffe40808,
0xffd11e19,
0xffcc1e1a,
0xffc90907,
0xffd60c09,
0xffe30a0a,
0xffe40606,
0xffe50606,
0xffe60505,
0xffe80505,
0xffdf0a0a,
0xff886b44,
0xff347e2e,
0xff2d7d23,
0xff759d53,
0xffac3c29,
0xffe00606,
0xffe90505,
0xffe80505,
0xffe90505,
0xffe90505,
0xffe90505,
0xffe90505,
0xffe90505,
0xffe90505,
0xffe90505,
0xffe90505,
0xffe90505,
0xffe90505,
0xffe90505,
0xffe90505,
0xffe30a0a,
0xffc3412c,
0xfff9793f,
0xffe54734,
0xffe50606,
0xffe90505,
0xffe80505,
0xffe90505,
0xffe90505,
0xffe90505,
0xffe90505,
0xffe90505,
0xffe90505,
0xffe90505,
0xffe90505,
0xffe90505,
0xffe90505,
0xffe90505,
0xffe90505,
0xffe90505,
0xffe90505,
0xffe90505,
0xffe90505,
0xffe90505,
0xffe90505,
0xffe90505,
0xffe90505,
0xffe90505,
0xffe90505,
0xffe90505,
0xffe90505,
0xffe90505,
0xffe90505,
0xffe90505,
0xffe90505,
0xffe90505,
0xffe90505,
0xffe90505,
0xffe90505,
0xffe90505,
0xffe90505,
0xffe90505,
0xffe90505,
0xffe90505,
0xffe90505,
0xffe90505,
0xffe90505,
0xffe90505,
0xffe90505,
0xffe90505,
0xffe90505,
0xffe90505,
0xffe90505,
0xffe90505,
0xffe90505,
0xffe90505,
0xffe90505,
0xffe90505,
0xffe90505,
0xffe90505,
0xffe90505,
0xffe90505,
0xffe90505,
0xffe90505,
0xffe90505,
0xffe90505,
0xffe90505,
0xffe90505,
0xffe90505,
0xffe90505,
0xffe90505,
0xffe90505,
0xffe90505,
0xffe90505,
0xffe90505,
0xffe90505,
0xffe90505,
0xffe90505,
0xffe90505,
0xffe90505,
0xffe90505,
0xffe90505,
0xffe90505,
0xffe90505,
0xffe90505,
0xffe90505,
0xffe90505,
0xffe90505,
0xffe90505,
0xffe90505,
0xffe90505,
0xffe90505,
0xffe90505,
0xffe90505,
0xffe90505,
0xffe90505,
0xffe90505,
0xffe90505,
0xffe90505,
0xffe90505,
0xffe90505,
0xffe90505,
0xffe90505,
0xffe90505,
0xffe90505,
0xffe90505,
0xffe90505,
0xffe90505,
0xffe90505,
0xffe90505,
0xffe90505,
0xffe90505,
0xffe90505,
0xffe90505,
0xffe90505,
0xffe90505,
0xffe90505,
0xffe90505,
0xffe90505,
0xffe90505,
0xffe90505,
0xffe90505,
0xffe90505,
0xffe90505,
0xffe90505,
0xffe90505,
0xffe90505,
0xffe90505,
0xffe90505,
0xffe90505,
0xffe90505,
0xffe90505,
0xffe90505,
0xffe90505,
0xffe90505,
0xffe90505,
0xffe90505,
0xffe90505,
0xffe90505,
0xffe90505,
0xffe90505,
0xffe90505,
0xffe90505,
0xffe90505,
0xffe90505,
0xffe90505,
0xffe90505,
0xffe90505,
0xffe90505,
0xffe90505,
0xffe90505,
0xffe90505,
0xffe90505,
0xffe90505,
0xffe90505,
0xffe90505,
0xffe90505,
0xffe90505,
0xffe90505,
0xffe90505,
0xffe90505,
0xffe90505,
0xffe90505,
0xffe90505,
0xffe90505,
0xffe90505,
0xffe90505,
0xffe90505,
0xffe90505,
0xffe90505,
0xffe90505,
0xffe90505,
0xffe90505,
0xffe90505,
0xffe90505,
0xffe90505,
0xffe90505,
0xffe90505,
0xffe90505,
0xffe90505,
0xffe90505,
0xffe90505,
0xffe90505,
0xffe90505,
0xffe90505,
0xffe90505,
0xffe90505,
0xffe90505,
0xffe90505,
0xffe90505,
0xffe90505,
0xffe90505,
0xffe90505,
0xffe90505,
0xffe90505,
0xffe90505,
0xffe90505,
0xffe90505,
0xffe90505,
0xffe90505,
0xffe90505,
0xffe90505,
0xffe90505,
0xffe90505,
0xffe90505,
0xffe90505,
0xffe90505,
0xffe90505,
0xffe70505,
0xffe90505,
0xffe70505,
0xffe70505,
0xffe80505,
0xffe90505,
0xffe90505,
0xffe90505,
0xffe90505,
0xffe90505,
0xffe80505,
0xffe02722,
0xff758b5e,
0xff44753f,
0xffa5956c,
0xffd32a20,
0xffe50606,
0xffe90505,
0xffe70505,
0xffe80505,
0xffe90505,
0xffe90505,
0xffe90505,
0xffe90505,
0xffe90505,
0xffe90505,
0xffe90505,
0xffe90505,
0xffe90505,
0xffe90505,
0xffe90505,
0xffe80505,
0xffe70505,
0xffc9110d,
0xfff16c3c,
0xfff49052,
0xffd8150f,
0xffe80505,
0xffe90505,
0xffe90505,
0xffe90505,
0xffe90505,
0xffe90505,
0xffe90505,
0xffe90505,
0xffe90505,
0xffe90505,
0xffe90505,
0xffe90505,
0xffe90505,
0xffe90505,
0xffe90505,
0xffe90505,
0xffe90505,
0xffe90505,
0xffe90505,
0xffe90505,
0xffe90505,
0xffe90505,
0xffe90505,
0xffe90505,
0xffe90505,
0xffe90505,
0xffe90505,
0xffe90505,
0xffe90505,
0xffe90505,
0xffe90505,
0xffe90505,
0xffe90505,
0xffe90505,
0xffe90505,
0xffe90505,
0xffe90505,
0xffe90505,
0xffe90505,
0xffe90505,
0xffe90505,
0xffe90505,
0xffe90505,
0xffe90505,
0xffe90505,
0xffe90505,
0xffe90505,
0xffe90505,
0xffe90505,
0xffe90505,
0xffe90505,
0xffe90505,
0xffe90505,
0xffe90505,
0xffe90505,
0xffe90505,
0xffe90505,
0xffe90505,
0xffe90505,
0xffe90505,
0xffe90505,
0xffe90505,
0xffe90505,
0xffe90505,
0xffe90505,
0xffe90505,
0xffe90505,
0xffe90505,
0xffe90505,
0xffe90505,
0xffe90505,
0xffe90505,
0xffe90505,
0xffe90505,
0xffe90505,
0xffe90505,
0xffe90505,
0xffe90505,
0xffe90505,
0xffe90505,
0xffe90505,
0xffe90505,
0xffe90505,
0xffe90505,
0xffe90505,
0xffe90505,
0xffe90505,
0xffe90505,
0xffe90505,
0xffe90505,
0xffe90505,
0xffe90505,
0xffe90505,
0xffe90505,
0xffe90505,
0xffe90505,
0xffe90505,
0xffe90505,
0xffe90505,
0xffe90505,
0xffe90505,
0xffe90505,
0xffe90505,
0xffe90505,
0xffe90505,
0xffe90505,
0xffe90505,
0xffe90505,
0xffe90505,
0xffe90505,
0xffe90505,
0xffe90505,
0xffe90505,
0xffe90505,
0xffe90505,
0xffe90505,
0xffe90505,
0xffe90505,
0xffe90505,
0xffe90505,
0xffe90505,
0xffe90505,
0xffe90505,
0xffe90505,
0xffe90505,
0xffe90505,
0xffe90505,
0xffe90505,
0xffe90505,
0xffe90505,
0xffe90505,
0xffe90505,
0xffe90505,
0xffe90505,
0xffe90505,
0xffe90505,
0xffe90505,
0xffe90505,
0xffe90505,
0xffe90505,
0xffe90505,
0xffe90505,
0xffe90505,
0xffe90505,
0xffe90505,
0xffe90505,
0xffe90505,
0xffe90505,
0xffe90505,
0xffe90505,
0xffe90505,
0xffe90505,
0xffe90505,
0xffe90505,
0xffe90505,
0xffe90505,
0xffe90505,
0xffe90505,
0xffe90505,
0xffe90505,
0xffe90505,
0xffe90505,
0xffe90505,
0xffe90505,
0xffe90505,
0xffe90505,
0xffe90505,
0xffe90505,
0xffe90505,
0xffe90505,
0xffe90505,
0xffe90505,
0xffe90505,
0xffe90505,
0xffe90505,
0xffe90505,
0xffe90505,
0xffe90505,
0xffe90505,
0xffe90505,
0xffe90505,
0xffe90505,
0xffe90505,
0xffe90505,
0xffe90505,
0xffe90505,
0xffe90505,
0xffe90505,
0xffe90505,
0xffe90505,
0xffe90505,
0xffe90505,
0xffe90505,
0xffe90505,
0xffe90505,
0xffe90505,
0xffe90505,
0xffe90505,
0xffe90505,
0xffe90505,
0xffe90505,
0xffe90505,
0xffe90505,
0xffe90505,
0xffe90505,
0xffe90505,
0xffe90505,
0xffe90505,
0xffe90505,
0xffe90505,
0xffe90505,
0xffe90505,
0xffe90505,
0xffe90505,
0xffe11311,
0xffcb7864,
0xffa94e41,
0xffde1211,
0xffe80606,
0xffe90505,
0xffe80505,
0xffe80505,
0xffe90505,
0xffe90505,
0xffe90505,
0xffe90505,
0xffe90505,
0xffe90505,
0xffe90505,
0xffe90505,
0xffe90505,
0xffe90505,
0xffe90505,
0xffe90505,
0xffe80505,
0xffe90505,
0xffe30505,
0xffc43626,
0xffef782e,
0xffee7343,
0xffe40909,
0xffe90505,
0xffe70505,
0xffe90505,
0xffe90505,
0xffe90505,
0xffe90505,
0xffe90505,
0xffe90505,
0xffe90505,
0xffe90505,
0xffe90505,
0xffe90505,
0xffe90505,
0xffe90505,
0xffe90505,
0xffe90505,
0xffe90505,
0xffe90505,
0xffe90505,
0xffe90505,
0xffe90505,
0xffe90505,
0xffe90505,
0xffe90505,
0xffe90505,
0xffe90505,
0xffe90505,
0xffe90505,
0xffe90505,
0xffe90505,
0xffe90505,
0xffe90505,
0xffe90505,
0xffe90505,
0xffe90505,
0xffe90505,
0xffe90505,
0xffe90505,
0xffe90505,
0xffe90505,
0xffe90505,
0xffe90505,
0xffe90505,
0xffe90505,
0xffe90505,
0xffe90505,
0xffe90505,
0xffe90505,
0xffe90505,
0xffe90505,
0xffe90505,
0xffe90505,
0xffe90505,
0xffe90505,
0xffe90505,
0xffe90505,
0xffe90505,
0xffe90505,
0xffe90505,
0xffe90505,
0xffe90505,
0xffe90505,
0xffe90505,
0xffe90505,
0xffe90505,
0xffe90505,
0xffe90505,
0xffe90505,
0xffe90505,
0xffe90505,
0xffe90505,
0xffe90505,
0xffe90505,
0xffe90505,
0xffe90505,
0xffe90505,
0xffe90505,
0xffe90505,
0xffe90505,
0xffe90505,
0xffe90505,
0xffe90505,
0xffe90505,
0xffe90505,
0xffe90505,
0xffe90505,
0xffe90505,
0xffe90505,
0xffe90505,
0xffe90505,
0xffe90505,
0xffe90505,
0xffe90505,
0xffe90505,
0xffe90505,
0xffe90505,
0xffe90505,
0xffe90505,
0xffe90505,
0xffe90505,
0xffe90505,
0xffe90505,
0xffe90505,
0xffe90505,
0xffe90505,
0xffe90505,
0xffe90505,
0xffe90505,
0xffe90505,
0xffe90505,
0xffe90505,
0xffe90505,
0xffe90505,
0xffe90505,
0xffe90505,
0xffe90505,
0xffe90505,
0xffe90505,
0xffe90505,
0xffe90505,
0xffe90505,
0xffe90505,
0xffe90505,
0xffe90505,
0xffe90505,
0xffe90505,
0xffe90505,
0xffe90505,
0xffe90505,
0xffe90505,
0xffe90505,
0xffe90505,
0xffe90505,
0xffe90505,
0xffe90505,
0xffe90505,
0xffe90505,
0xffe90505,
0xffe90505,
0xffe90505,
0xffe90505,
0xffe90505,
0xffe90505,
0xffe90505,
0xffe90505,
0xffe90505,
0xffe90505,
0xffe90505,
0xffe90505,
0xffe90505,
0xffe90505,
0xffe90505,
0xffe90505,
0xffe90505,
0xffe90505,
0xffe90505,
0xffe90505,
0xffe90505,
0xffe90505,
0xffe90505,
0xffe90505,
0xffe90505,
0xffe90505,
0xffe90505,
0xffe90505,
0xffe90505,
0xffe90505,
0xffe90505,
0xffe90505,
0xffe90505,
0xffe90505,
0xffe90505,
0xffe90505,
0xffe90505,
0xffe90505,
0xffe90505,
0xffe90505,
0xffe90505,
0xffe90505,
0xffe90505,
0xffe90505,
0xffe90505,
0xffe90505,
0xffe90505,
0xffe90505,
0xffe90505,
0xffe90505,
0xffe90505,
0xffe90505,
0xffe90505,
0xffe90505,
0xffe90505,
0xffe90505,
0xffe90505,
0xffe90505,
0xffe90505,
0xffe90505,
0xffe90505,
0xffe90505,
0xffe90505,
0xffe90505,
0xffe90505,
0xffe90505,
0xffe90505,
0xffe90505,
0xffe90505,
0xffe90505,
0xffe90505,
0xffe90505,
0xffe90505,
0xffe90505,
0xffe90505,
0xffe80505,
0xffe80505,
0xffea0f0f,
0xffe20606,
0xffe90505,
0xffe90505,
0xffe80505,
0xffe90505,
0xffe90505,
0xffe90505,
0xffe90505,
0xffe90505,
0xffe90505,
0xffe90505,
0xffe90505,
0xffe90505,
0xffe90505,
0xffe90505,
0xffe90505,
0xffe90505,
0xffe90505,
0xffe90505,
0xffe70505,
0xffe90505,
0xffdd110f,
0xffe86f41,
0xfffb914e,
0xffd9402b,
0xffe50606,
0xffe90505,
0xffe70505,
0xffe90505,
0xffe90505,
0xffe90505,
0xffe90505,
0xffe90505,
0xffe90505,
0xffe90505,
0xffe90505,
0xffe90505,
0xffe90505,
0xffe90505,
0xffe90505,
0xffe90505,
0xffe90505,
0xffe90505,
0xffe90505,
0xffe90505,
0xffe90505,
0xffe90505,
0xffe90505,
0xffe90505,
0xffe90505,
0xffe90505,
0xffe90505,
0xffe90505,
0xffe90505,
0xffe90505,
0xffe90505,
0xffe90505,
0xffe90505,
0xffe90505,
0xffe90505,
0xffe90505,
0xffe90505,
0xffe90505,
0xffe90505,
0xffe90505,
0xffe90505,
0xffe90505,
0xffe90505,
0xffe90505,
0xffe90505,
0xffe90505,
0xffe90505,
0xffe90505,
0xffe90505,
0xffe90505,
0xffe90505,
0xffe90505,
0xffe90505,
0xffe90505,
0xffe90505,
0xffe90505,
0xffe90505,
0xffe90505,
0xffe90505,
0xffe90505,
0xffe90505,
0xffe90505,
0xffe90505,
0xffe90505,
0xffe90505,
0xffe90505,
0xffe90505,
0xffe90505,
0xffe90505,
0xffe90505,
0xffe90505,
0xffe90505,
0xffe90505,
0xffe90505,
0xffe90505,
0xffe90505,
0xffe90505,
0xffe90505,
0xffe90505,
0xffe90505,
0xffe90505,
0xffe90505,
0xffe90505,
0xffe90505,
0xffe90505,
0xffe90505,
0xffe90505,
0xffe90505,
0xffe90505,
0xffe90505,
0xffe90505,
0xffe90505,
0xffe90505,
0xffe90505,
0xffe90505,
0xffe90505,
0xffe90505,
0xffe90505,
0xffe90505,
0xffe90505,
0xffe90505,
0xffe90505,
0xffe90505,
0xffe90505,
0xffe90505,
0xffe90505,
0xffe90505,
0xffe90505,
0xffe90505,
0xffe90505,
0xffe90505,
0xffe90505,
0xffe90505,
0xffe90505,
0xffe90505,
0xffe90505,
0xffe90505,
0xffe90505,
0xffe90505,
0xffe90505,
0xffe90505,
0xffe90505,
0xffe90505,
0xffe90505,
0xffe90505,
0xffe90505,
0xffe90505,
0xffe90505,
0xffe90505,
0xffe90505,
0xffe90505,
0xffe90505,
0xffe90505,
0xffe90505,
0xffe90505,
0xffe90505,
0xffe90505,
0xffe90505,
0xffe90505,
0xffe90505,
0xffe90505,
0xffe90505,
0xffe90505,
0xffe90505,
0xffe90505,
0xffe90505,
0xffe90505,
0xffe90505,
0xffe90505,
0xffe90505,
0xffe90505,
0xffe90505,
0xffe90505,
0xffe90505,
0xffe90505,
0xffe90505,
0xffe90505,
0xffe90505,
0xffe90505,
0xffe90505,
0xffe90505,
0xffe90505,
0xffe90505,
0xffe90505,
0xffe90505,
0xffe90505,
0xffe90505,
0xffe90505,
0xffe90505,
0xffe90505,
0xffe90505,
0xffe90505,
0xffe90505,
0xffe90505,
0xffe90505,
0xffe90505,
0xffe90505,
0xffe90505,
0xffe90505,
0xffe90505,
0xffe90505,
0xffe90505,
0xffe90505,
0xffe90505,
0xffe90505,
0xffe90505,
0xffe90505,
0xffe90505,
0xffe90505,
0xffe90505,
0xffe90505,
0xffe90505,
0xffe90505,
0xffe90505,
0xffe90505,
0xffe90505,
0xffe90505,
0xffe90505,
0xffe90505,
0xffe90505,
0xffe90505,
0xffe90505,
0xffe90505,
0xffe90505,
0xffe90505,
0xffe90505,
0xffe90505,
0xffe90505,
0xffe90505,
0xffe90505,
0xffe90505,
0xffe90505,
0xffe80505,
0xffe90505,
0xffe90505,
0xffe90505,
0xffe90505,
0xffe90505,
0xffe90505,
0xffe90505,
0xffe90505,
0xffe90505,
0xffe90505,
0xffe90505,
0xffe90505,
0xffe90505,
0xffe90505,
0xffe90505,
0xffe90505,
0xffe90505,
0xffe90505,
0xffe90505,
0xffe90505,
0xffe90505,
0xffe90505,
0xffe80505,
0xffe60505,
0xffcc221b,
0xffd15327,
0xfff17737,
0xffd02617,
0xffe50605,
0xffe90505,
0xffe80505,
0xffe90505,
0xffe90505,
0xffe90505,
0xffe90505,
0xffe90505,
0xffe90505,
0xffe90505,
0xffe90505,
0xffe90505,
0xffe90505,
0xffe90505,
0xffe90505,
0xffe90505,
0xffe90505,
0xffe90505,
0xffe90505,
0xffe90505,
0xffe90505,
0xffe90505,
0xffe90505,
0xffe90505,
0xffe90505,
0xffe90505,
0xffe90505,
0xffe90505,
0xffe90505,
0xffe90505,
0xffe90505,
0xffe90505,
0xffe90505,
0xffe90505,
0xffe90505,
0xffe90505,
0xffe90505,
0xffe90505,
0xffe90505,
0xffe90505,
0xffe90505,
0xffe90505,
0xffe90505,
0xffe90505,
0xffe90505,
0xffe90505,
0xffe90505,
0xffe90505,
0xffe90505,
0xffe90505,
0xffe90505,
0xffe90505,
0xffe90505,
0xffe90505,
0xffe90505,
0xffe90505,
0xffe90505,
0xffe90505,
0xffe90505,
0xffe90505,
0xffe90505,
0xffe90505,
0xffe90505,
0xffe90505,
0xffe90505,
0xffe90505,
0xffe90505,
0xffe90505,
0xffe90505,
0xffe90505,
0xffe90505,
0xffe90505,
0xffe90505,
0xffe90505,
0xffe90505,
0xffe90505,
0xffe90505,
0xffe90505,
0xffe90505,
0xffe90505,
0xffe90505,
0xffe90505,
0xffe90505,
0xffe90505,
0xffe90505,
0xffe90505,
0xffe90505,
0xffe90505,
0xffe90505,
0xffe90505,
0xffe90505,
0xffe90505,
0xffe90505,
0xffe90505,
0xffe90505,
0xffe90505,
0xffe90505,
0xffe90505,
0xffe90505,
0xffe90505,
0xffe90505,
0xffe90505,
0xffe90505,
0xffe90505,
0xffe90505,
0xffe90505,
0xffe90505,
0xffe90505,
0xffe90505,
0xffe90505,
0xffe90505,
0xffe90505,
0xffe90505,
0xffe90505,
0xffe90505,
0xffe90505,
0xffe90505,
0xffe90505,
0xffe90505,
0xffe90505,
0xffe90505,
0xffe90505,
0xffe90505,
0xffe90505,
0xffe90505,
0xffe90505,
0xffe90505,
0xffe90505,
0xffe90505,
0xffe90505,
0xffe90505,
0xffe90505,
0xffe90505,
0xffe90505,
0xffe90505,
0xffe90505,
0xffe90505,
0xffe90505,
0xffe90505,
0xffe90505,
0xffe90505,
0xffe90505,
0xffe90505,
0xffe90505,
0xffe90505,
0xffe90505,
0xffe90505,
0xffe90505,
0xffe90505,
0xffe90505,
0xffe90505,
0xffe90505,
0xffe90505,
0xffe90505,
0xffe90505,
0xffe90505,
0xffe90505,
0xffe90505,
0xffe90505,
0xffe90505,
0xffe90505,
0xffe90505,
0xffe90505,
0xffe90505,
0xffe90505,
0xffe90505,
0xffe90505,
0xffe90505,
0xffe90505,
0xffe90505,
0xffe90505,
0xffe90505,
0xffe90505,
0xffe90505,
0xffe90505,
0xffe90505,
0xffe90505,
0xffe90505,
0xffe90505,
0xffe90505,
0xffe90505,
0xffe90505,
0xffe90505,
0xffe90505,
0xffe90505,
0xffe90505,
0xffe90505,
0xffe90505,
0xffe90505,
0xffe90505,
0xffe90505,
0xffe90505,
0xffe90505,
0xffe90505,
0xffe90505,
0xffe90505,
0xffe90505,
0xffe90505,
0xffe90505,
0xffe90505,
0xffe90505,
0xffe90505,
0xffe90505,
0xffe90505,
0xffe90505,
0xffe90505,
0xffe90505,
0xffe90505,
0xffe90505,
0xffe90505,
0xffe90505,
0xffe90505,
0xffe90505,
0xffe90505,
0xffe90505,
0xffe90505,
0xffe90505,
0xffe90505,
0xffe90505,
0xffe90505,
0xffe90505,
0xffe90505,
0xffe90505,
0xffe90505,
0xffe90505,
0xffe90505,
0xffe90505,
0xffe90505,
0xffe90505,
0xffe90505,
0xffe90505,
0xffe90505,
0xffe90505,
0xffe90505,
0xffe90505,
0xffe90505,
0xffe20606,
0xffd7473a,
0xfffd6a2f,
0xfff68341,
0xffd12517,
0xffe50605,
0xffe90505,
0xffe80505,
0xffe90505,
0xffe90505,
0xffe90505,
0xffe90505,
0xffe90505,
0xffe90505,
0xffe90505,
0xffe90505,
0xffe90505,
0xffe90505,
0xffe90505,
0xffe90505,
0xffe90505,
0xffe90505,
0xffe90505,
0xffe90505,
0xffe90505,
0xffe90505,
0xffe90505,
0xffe90505,
0xffe90505,
0xffe90505,
0xffe90505,
0xffe90505,
0xffe90505,
0xffe90505,
0xffe90505,
0xffe90505,
0xffe90505,
0xffe90505,
0xffe90505,
0xffe90505,
0xffe90505,
0xffe90505,
0xffe90505,
0xffe90505,
0xffe90505,
0xffe90505,
0xffe90505,
0xffe90505,
0xffe90505,
0xffe90505,
0xffe90505,
0xffe90505,
0xffe90505,
0xffe90505,
0xffe90505,
0xffe90505,
0xffe90505,
0xffe90505,
0xffe90505,
0xffe90505,
0xffe90505,
0xffe90505,
0xffe90505,
0xffe90505,
0xffe90505,
0xffe90505,
0xffe90505,
0xffe90505,
0xffe90505,
0xffe90505,
0xffe90505,
0xffe90505,
0xffe90505,
0xffe90505,
0xffe90505,
0xffe90505,
0xffe90505,
0xffe90505,
0xffe90505,
0xffe90505,
0xffe90505,
0xffe90505,
0xffe90505,
0xffe90505,
0xffe90505,
0xffe90505,
0xffe90505,
0xffe90505,
0xffe90505,
0xffe90505,
0xffe90505,
0xffe90505,
0xffe90505,
0xffe90505,
0xffe90505,
0xffe90505,
0xffe90505,
0xffe90505,
0xffe90505,
0xffe90505,
0xffe90505,
0xffe90505,
0xffe90505,
0xffe90505,
0xffe90505,
0xffe90505,
0xffe90505,
0xffe90505,
0xffe90505,
0xffe90505,
0xffe90505,
0xffe90505,
0xffe90505,
0xffe90505,
0xffe90505,
0xffe90505,
0xffe90505,
0xffe90505,
0xffe90505,
0xffe90505,
0xffe90505,
0xffe90505,
0xffe90505,
0xffe90505,
0xffe90505,
0xffe90505,
0xffe90505,
0xffe90505,
0xffe90505,
0xffe90505,
0xffe90505,
0xffe90505,
0xffe90505,
0xffe90505,
0xffe90505,
0xffe90505,
0xffe90505,
0xffe90505,
0xffe90505,
0xffe90505,
0xffe90505,
0xffe90505,
0xffe90505,
0xffe90505,
0xffe90505,
0xffe90505,
0xffe90505,
0xffe90505,
0xffe90505,
0xffe90505,
0xffe90505,
0xffe90505,
0xffe90505,
0xffe90505,
0xffe90505,
0xffe90505,
0xffe90505,
0xffe90505,
0xffe90505,
0xffe90505,
0xffe90505,
0xffe90505,
0xffe90505,
0xffe90505,
0xffe90505,
0xffe90505,
0xffe90505,
0xffe90505,
0xffe90505,
0xffe90505,
0xffe90505,
0xffe90505,
0xffe90505,
0xffe90505,
0xffe90505,
0xffe90505,
0xffe90505,
0xffe90505,
0xffe90505,
0xffe90505,
0xffe90505,
0xffe90505,
0xffe90505,
0xffe90505,
0xffe90505,
0xffe90505,
0xffe90505,
0xffe90505,
0xffe90505,
0xffe90505,
0xffe90505,
0xffe90505,
0xffe90505,
0xffe90505,
0xffe90505,
0xffe90505,
0xffe90505,
0xffe90505,
0xffe90505,
0xffe90505,
0xffe90505,
0xffe90505,
0xffe90505,
0xffe90505,
0xffe90505,
0xffe90505,
0xffe90505,
0xffe90505,
0xffe90505,
0xffe90505,
0xffe90505,
0xffe90505,
0xffe90505,
0xffe90505,
0xffe90505,
0xffe90505,
0xffe90505,
0xffe90505,
0xffe90505,
0xffe90505,
0xffe90505,
0xffe90505,
0xffe90505,
0xffe90505,
0xffe90505,
0xffe90505,
0xffe90505,
0xffe90505,
0xffe90505,
0xffe90505,
0xffe90505,
0xffe90505,
0xffe90505,
0xffe90505,
0xffe90505,
0xffe90505,
0xffe90505,
0xffe90505,
0xffe90505,
0xffe80505,
0xffe90505,
0xffe6110f,
0xffe9593c,
0xfff36922,
0xfff58a42,
0xffcc2718,
0xffe40605,
0xffe90505,
0xffe70505,
0xffe90505,
0xffe90505,
0xffe90505,
0xffe90505,
0xffe90505,
0xffe90505,
0xffe90505,
0xffe90505,
0xffe90505,
0xffe90505,
0xffe90505,
0xffe90505,
0xffe90505,
0xffe90505,
0xffe90505,
0xffe90505,
0xffe90505,
0xffe90505,
0xffe90505,
0xffe90505,
0xffe90505,
0xffe90505,
0xffe90505,
0xffe90505,
0xffe90505,
0xffe90505,
0xffe90505,
0xffe90505,
0xffe90505,
0xffe90505,
0xffe90505,
0xffe90505,
0xffe90505,
0xffe90505,
0xffe90505,
0xffe90505,
0xffe90505,
0xffe90505,
0xffe90505,
0xffe90505,
0xffe90505,
0xffe90505,
0xffe90505,
0xffe90505,
0xffe90505,
0xffe90505,
0xffe90505,
0xffe90505,
0xffe90505,
0xffe90505,
0xffe90505,
0xffe90505,
0xffe90505,
0xffe90505,
0xffe90505,
0xffe90505,
0xffe90505,
0xffe90505,
0xffe90505,
0xffe90505,
0xffe90505,
0xffe90505,
0xffe90505,
0xffe90505,
0xffe90505,
0xffe90505,
0xffe90505,
0xffe90505,
0xffe90505,
0xffe90505,
0xffe90505,
0xffe90505,
0xffe90505,
0xffe90505,
0xffe90505,
0xffe90505,
0xffe90505,
0xffe90505,
0xffe90505,
0xffe90505,
0xffe90505,
0xffe90505,
0xffe90505,
0xffe90505,
0xffe90505,
0xffe90505,
0xffe90505,
0xffe90505,
0xffe90505,
0xffe90505,
0xffe90505,
0xffe90505,
0xffe90505,
0xffe90505,
0xffe90505,
0xffe90505,
0xffe90505,
0xffe90505,
0xffe90505,
0xffe90505,
0xffe90505,
0xffe90505,
0xffe90505,
0xffe90505,
0xffe90505,
0xffe90505,
0xffe90505,
0xffe90505,
0xffe90505,
0xffe90505,
0xffe90505,
0xffe90505,
0xffe90505,
0xffe90505,
0xffe90505,
0xffe90505,
0xffe90505,
0xffe90505,
0xffe90505,
0xffe90505,
0xffe90505,
0xffe90505,
0xffe90505,
0xffe90505,
0xffe90505,
0xffe90505,
0xffe90505,
0xffe90505,
0xffe90505,
0xffe90505,
0xffe90505,
0xffe90505,
0xffe90505,
0xffe90505,
0xffe90505,
0xffe90505,
0xffe90505,
0xffe90505,
0xffe90505,
0xffe90505,
0xffe90505,
0xffe90505,
0xffe90505,
0xffe90505,
0xffe90505,
0xffe90505,
0xffe90505,
0xffe90505,
0xffe90505,
0xffe90505,
0xffe90505,
0xffe90505,
0xffe90505,
0xffe90505,
0xffe90505,
0xffe90505,
0xffe90505,
0xffe90505,
0xffe90505,
0xffe90505,
0xffe90505,
0xffe90505,
0xffe90505,
0xffe90505,
0xffe90505,
0xffe90505,
0xffe90505,
0xffe90505,
0xffe90505,
0xffe90505,
0xffe90505,
0xffe90505,
0xffe90505,
0xffe90505,
0xffe90505,
0xffe90505,
0xffe90505,
0xffe90505,
0xffe90505,
0xffe90505,
0xffe90505,
0xffe90505,
0xffe90505,
0xffe90505,
0xffe90505,
0xffe90505,
0xffe90505,
0xffe90505,
0xffe90505,
0xffe90505,
0xffe90505,
0xffe90505,
0xffe90505,
0xffe90505,
0xffe90505,
0xffe90505,
0xffe90505,
0xffe90505,
0xffe90505,
0xffe90505,
0xffe90505,
0xffe90505,
0xffe90505,
0xffe90505,
0xffe90505,
0xffe90505,
0xffe90505,
0xffe90505,
0xffe90505,
0xffe90505,
0xffe90505,
0xffe90505,
0xffe90505,
0xffe90505,
0xffe90505,
0xffe90505,
0xffe90505,
0xffe90505,
0xffe90505,
0xffe90505,
0xffe90505,
0xffe90505,
0xffe90505,
0xffe90505,
0xffe90505,
0xffe90505,
0xffe90505,
0xffe90505,
0xffe90505,
0xffe90505,
0xffe90505,
0xffe90505,
0xffe80505,
0xffd61713,
0xffdb5c2d,
0xfff56819,
0xfff38339,
0xffc62a17,
0xffe20606,
0xffe90505,
0xffe80505,
0xffe90505,
0xffe90505,
0xffe90505,
0xffe90505,
0xffe90505,
0xffe90505,
0xffe90505,
0xffe90505,
0xffe90505,
0xffe90505,
0xffe90505,
0xffe90505,
0xffe90505,
0xffe90505,
0xffe90505,
0xffe90505,
0xffe90505,
0xffe90505,
0xffe90505,
0xffe90505,
0xffe90505,
0xffe90505,
0xffe90505,
0xffe90505,
0xffe90505,
0xffe90505,
0xffe90505,
0xffe90505,
0xffe90505,
0xffe90505,
0xffe90505,
0xffe90505,
0xffe90505,
0xffe90505,
0xffe90505,
0xffe90505,
0xffe90505,
0xffe90505,
0xffe90505,
0xffe90505,
0xffe90505,
0xffe90505,
0xffe90505,
0xffe90505,
0xffe90505,
0xffe90505,
0xffe90505,
0xffe90505,
0xffe90505,
0xffe90505,
0xffe90505,
0xffe90505,
0xffe90505,
0xffe90505,
0xffe90505,
0xffe90505,
0xffe90505,
0xffe90505,
0xffe90505,
0xffe90505,
0xffe90505,
0xffe90505,
0xffe90505,
0xffe90505,
0xffe90505,
0xffe90505,
0xffe90505,
0xffe90505,
0xffe90505,
0xffe90505,
0xffe90505,
0xffe90505,
0xffe90505,
0xffe90505,
0xffe90505,
0xffe90505,
0xffe90505,
0xffe90505,
0xffe90505,
0xffe90505,
0xffe90505,
0xffe90505,
0xffe90505,
0xffe90505,
0xffe90505,
0xffe90505,
0xffe90505,
0xffe90505,
0xffe90505,
0xffe90505,
0xffe90505,
0xffe90505,
0xffe90505,
0xffe90505,
0xffe90505,
0xffe90505,
0xffe90505,
0xffe90505,
0xffe90505,
0xffe90505,
0xffe90505,
0xffe90505,
0xffe90505,
0xffe90505,
0xffe90505,
0xffe90505,
0xffe90505,
0xffe90505,
0xffe90505,
0xffe90505,
0xffe90505,
0xffe90505,
0xffe90505,
0xffe90505,
0xffe90505,
0xffe90505,
0xffe90505,
0xffe90505,
0xffe90505,
0xffe90505,
0xffe90505,
0xffe90505,
0xffe90505,
0xffe90505,
0xffe90505,
0xffe90505,
0xffe90505,
0xffe90505,
0xffe90505,
0xffe90505,
0xffe90505,
0xffe90505,
0xffe90505,
0xffe90505,
0xffe90505,
0xffe90505,
0xffe90505,
0xffe90505,
0xffe90505,
0xffe90505,
0xffe90505,
0xffe90505,
0xffe90505,
0xffe90505,
0xffe90505,
0xffe90505,
0xffe90505,
0xffe90505,
0xffe90505,
0xffe90505,
0xffe90505,
0xffe90505,
0xffe90505,
0xffe90505,
0xffe90505,
0xffe90505,
0xffe90505,
0xffe90505,
0xffe90505,
0xffe90505,
0xffe90505,
0xffe90505,
0xffe90505,
0xffe90505,
0xffe90505,
0xffe90505,
0xffe90505,
0xffe90505,
0xffe90505,
0xffe90505,
0xffe90505,
0xffe90505,
0xffe90505,
0xffe90505,
0xffe90505,
0xffe90505,
0xffe90505,
0xffe90505,
0xffe90505,
0xffe90505,
0xffe90505,
0xffe90505,
0xffe90505,
0xffe90505,
0xffe90505,
0xffe90505,
0xffe90505,
0xffe90505,
0xffe90505,
0xffe90505,
0xffe90505,
0xffe90505,
0xffe90505,
0xffe90505,
0xffe90505,
0xffe90505,
0xffe90505,
0xffe90505,
0xffe90505,
0xffe90505,
0xffe90505,
0xffe90505,
0xffe90505,
0xffe90505,
0xffe90505,
0xffe90505,
0xffe90505,
0xffe90505,
0xffe90505,
0xffe90505,
0xffe90505,
0xffe90505,
0xffe90505,
0xffe90505,
0xffe90505,
0xffe90505,
0xffe90505,
0xffe90505,
0xffe90505,
0xffe90505,
0xffe90505,
0xffe90505,
0xffe90505,
0xffe90505,
0xffe90505,
0xffe90505,
0xffe90505,
0xffe90505,
0xffe90505,
0xffe90505,
0xffe80505,
0xffe90505,
0xffe60505,
0xffc41a12,
0xffda501b,
0xfff75a0b,
0xfff67c2f,
0xffea5f40,
0xffe50e0d,
0xffe80505,
0xffe80505,
0xffe90505,
0xffe90505,
0xffe90505,
0xffe90505,
0xffe90505,
0xffe90505,
0xffe90505,
0xffe90505,
0xffe90505,
0xffe90505,
0xffe90505,
0xffe90505,
0xffe90505,
0xffe90505,
0xffe90505,
0xffe90505,
0xffe90505,
0xffe90505,
0xffe90505,
0xffe90505,
0xffe90505,
0xffe90505,
0xffe90505,
0xffe90505,
0xffe90505,
0xffe90505,
0xffe90505,
0xffe90505,
0xffe90505,
0xffe90505,
0xffe90505,
0xffe90505,
0xffe90505,
0xffe90505,
0xffe90505,
0xffe90505,
0xffe90505,
0xffe90505,
0xffe90505,
0xffe90505,
0xffe90505,
0xffe90505,
0xffe90505,
0xffe90505,
0xffe90505,
0xffe90505,
0xffe90505,
0xffe90505,
0xffe90505,
0xffe90505,
0xffe90505,
0xffe90505,
0xffe90505,
0xffe90505,
0xffe90505,
0xffe90505,
0xffe90505,
0xffe90505,
0xffe90505,
0xffe90505,
0xffe90505,
0xffe90505,
0xffe90505,
0xffe90505,
0xffe90505,
0xffe90505,
0xffe90505,
0xffe90505,
0xffe90505,
0xffe90505,
0xffe90505,
0xffe90505,
0xffe90505,
0xffe90505,
0xffe90505,
0xffe90505,
0xffe90505,
0xffe90505,
0xffe90505,
0xffe90505,
0xffe90505,
0xffe90505,
0xffe90505,
0xffe90505,
0xffe90505,
0xffe90505,
0xffe90505,
0xffe90505,
0xffe90505,
0xffe90505,
0xffe90505,
0xffe90505,
0xffe90505,
0xffe90505,
0xffe90505,
0xffe90505,
0xffe90505,
0xffe90505,
0xffe90505,
0xffe90505,
0xffe90505,
0xffe90505,
0xffe90505,
0xffe90505,
0xffe90505,
0xffe90505,
0xffe90505,
0xffe90505,
0xffe90505,
0xffe90505,
0xffe90505,
0xffe90505,
0xffe90505,
0xffe90505,
0xffe90505,
0xffe90505,
0xffe90505,
0xffe90505,
0xffe90505,
0xffe90505,
0xffe90505,
0xffe90505,
0xffe90505,
0xffe90505,
0xffe90505,
0xffe90505,
0xffe90505,
0xffe90505,
0xffe90505,
0xffe90505,
0xffe90505,
0xffe90505,
0xffe90505,
0xffe90505,
0xffe90505,
0xffe90505,
0xffe90505,
0xffe90505,
0xffe90505,
0xffe90505,
0xffe90505,
0xffe90505,
0xffe90505,
0xffe90505,
0xffe90505,
0xffe90505,
0xffe90505,
0xffe90505,
0xffe90505,
0xffe90505,
0xffe90505,
0xffe90505,
0xffe90505,
0xffe90505,
0xffe90505,
0xffe90505,
0xffe90505,
0xffe90505,
0xffe90505,
0xffe90505,
0xffe90505,
0xffe90505,
0xffe90505,
0xffe90505,
0xffe90505,
0xffe90505,
0xffe90505,
0xffe90505,
0xffe90505,
0xffe90505,
0xffe90505,
0xffe90505,
0xffe90505,
0xffe90505,
0xffe90505,
0xffe90505,
0xffe90505,
0xffe90505,
0xffe90505,
0xffe90505,
0xffe90505,
0xffe90505,
0xffe90505,
0xffe90505,
0xffe90505,
0xffe90505,
0xffe90505,
0xffe90505,
0xffe90505,
0xffe90505,
0xffe90505,
0xffe90505,
0xffe90505,
0xffe90505,
0xffe90505,
0xffe90505,
0xffe90505,
0xffe90505,
0xffe90505,
0xffe90505,
0xffe90505,
0xffe90505,
0xffe90505,
0xffe90505,
0xffe90505,
0xffe90505,
0xffe90505,
0xffe90505,
0xffe90505,
0xffe90505,
0xffe90505,
0xffe90505,
0xffe90505,
0xffe90505,
0xffe90505,
0xffe90505,
0xffe90505,
0xffe90505,
0xffe90505,
0xffe90505,
0xffe90505,
0xffe90505,
0xffe90505,
0xffe90505,
0xffe90505,
0xffe90505,
0xffe90505,
0xffe90505,
0xffe90505,
0xffe90505,
0xffe80505,
0xffe90505,
0xffe40505,
0xffbc170e,
0xffdb4a16,
0xffec5004,
0xfffa812f,
0xffed6d40,
0xffe0231e,
0xffe50606,
0xffe90505,
0xffe80505,
0xffe90505,
0xffe90505,
0xffe90505,
0xffe90505,
0xffe90505,
0xffe90505,
0xffe90505,
0xffe90505,
0xffe90505,
0xffe90505,
0xffe90505,
0xffe90505,
0xffe90505,
0xffe90505,
0xffe90505,
0xffe90505,
0xffe90505,
0xffe90505,
0xffe90505,
0xffe90505,
0xffe90505,
0xffe90505,
0xffe90505,
0xffe90505,
0xffe90505,
0xffe90505,
0xffe90505,
0xffe90505,
0xffe90505,
0xffe90505,
0xffe90505,
0xffe90505,
0xffe90505,
0xffe90505,
0xffe90505,
0xffe90505,
0xffe90505,
0xffe90505,
0xffe90505,
0xffe90505,
0xffe90505,
0xffe90505,
0xffe90505,
0xffe90505,
0xffe90505,
0xffe90505,
0xffe90505,
0xffe90505,
0xffe90505,
0xffe90505,
0xffe90505,
0xffe90505,
0xffe90505,
0xffe90505,
0xffe90505,
0xffe90505,
0xffe90505,
0xffe90505,
0xffe90505,
0xffe90505,
0xffe90505,
0xffe90505,
0xffe90505,
0xffe90505,
0xffe90505,
0xffe90505,
0xffe90505,
0xffe90505,
0xffe90505,
0xffe90505,
0xffe90505,
0xffe90505,
0xffe90505,
0xffe90505,
0xffe90505,
0xffe90505,
0xffe90505,
0xffe90505,
0xffe90505,
0xffe90505,
0xffe90505,
0xffe90505,
0xffe90505,
0xffe90505,
0xffe90505,
0xffe90505,
0xffe90505,
0xffe90505,
0xffe90505,
0xffe90505,
0xffe90505,
0xffe90505,
0xffe90505,
0xffe90505,
0xffe90505,
0xffe90505,
0xffe90505,
0xffe90505,
0xffe90505,
0xffe90505,
0xffe90505,
0xffe90505,
0xffe90505,
0xffe90505,
0xffe90505,
0xffe90505,
0xffe90505,
0xffe90505,
0xffe90505,
0xffe90505,
0xffe90505,
0xffe90505,
0xffe90505,
0xffe90505,
0xffe90505,
0xffe90505,
0xffe90505,
0xffe90505,
0xffe90505,
0xffe90505,
0xffe90505,
0xffe90505,
0xffe90505,
0xffe90505,
0xffe90505,
0xffe90505,
0xffe90505,
0xffe90505,
0xffe90505,
0xffe90505,
0xffe90505,
0xffe90505,
0xffe90505,
0xffe90505,
0xffe90505,
0xffe90505,
0xffe90505,
0xffe90505,
0xffe90505,
0xffe90505,
0xffe90505,
0xffe90505,
0xffe90505,
0xffe90505,
0xffe90505,
0xffe90505,
0xffe90505,
0xffe90505,
0xffe90505,
0xffe90505,
0xffe90505,
0xffe90505,
0xffe90505,
0xffe90505,
0xffe90505,
0xffe90505,
0xffe90505,
0xffe90505,
0xffe90505,
0xffe90505,
0xffe90505,
0xffe90505,
0xffe90505,
0xffe90505,
0xffe90505,
0xffe90505,
0xffe90505,
0xffe90505,
0xffe90505,
0xffe90505,
0xffe90505,
0xffe90505,
0xffe90505,
0xffe90505,
0xffe90505,
0xffe90505,
0xffe90505,
0xffe90505,
0xffe90505,
0xffe90505,
0xffe90505,
0xffe90505,
0xffe90505,
0xffe90505,
0xffe90505,
0xffe90505,
0xffe90505,
0xffe90505,
0xffe90505,
0xffe90505,
0xffe90505,
0xffe90505,
0xffe90505,
0xffe90505,
0xffe90505,
0xffe90505,
0xffe90505,
0xffe90505,
0xffe90505,
0xffe90505,
0xffe90505,
0xffe90505,
0xffe90505,
0xffe90505,
0xffe90505,
0xffe90505,
0xffe90505,
0xffe90505,
0xffe90505,
0xffe90505,
0xffe90505,
0xffe90505,
0xffe90505,
0xffe90505,
0xffe90505,
0xffe90505,
0xffe90505,
0xffe90505,
0xffe90505,
0xffe90505,
0xffe90505,
0xffe90505,
0xffe90505,
0xffe90505,
0xffe90505,
0xffe90505,
0xffe90505,
0xffe90505,
0xffe90505,
0xffe80505,
0xffe90505,
0xffe30606,
0xffe43f35,
0xffea5b29,
0xffdf3b02,
0xfff85c0b,
0xfff99a5d,
0xffea4c3d,
0xffea0606,
0xffe90505,
0xffe80505,
0xffe90505,
0xffe90505,
0xffe90505,
0xffe90505,
0xffe90505,
0xffe90505,
0xffe90505,
0xffe90505,
0xffe90505,
0xffe90505,
0xffe90505,
0xffe90505,
0xffe90505,
0xffe90505,
0xffe90505,
0xffe90505,
0xffe90505,
0xffe90505,
0xffe90505,
0xffe90505,
0xffe90505,
0xffe90505,
0xffe90505,
0xffe90505,
0xffe90505,
0xffe90505,
0xffe90505,
0xffe90505,
0xffe90505,
0xffe90505,
0xffe90505,
0xffe90505,
0xffe90505,
0xffe90505,
0xffe90505,
0xffe90505,
0xffe90505,
0xffe90505,
0xffe90505,
0xffe90505,
0xffe90505,
0xffe90505,
0xffe90505,
0xffe90505,
0xffe90505,
0xffe90505,
0xffe90505,
0xffe90505,
0xffe90505,
0xffe90505,
0xffe90505,
0xffe90505,
0xffe90505,
0xffe90505,
0xffe90505,
0xffe90505,
0xffe90505,
0xffe90505,
0xffe90505,
0xffe90505,
0xffe90505,
0xffe90505,
0xffe90505,
0xffe90505,
0xffe90505,
0xffe90505,
0xffe90505,
0xffe90505,
0xffe90505,
0xffe90505,
0xffe90505,
0xffe90505,
0xffe90505,
0xffe90505,
0xffe90505,
0xffe90505,
0xffe90505,
0xffe90505,
0xffe90505,
0xffe90505,
0xffe90505,
0xffe90505,
0xffe90505,
0xffe90505,
0xffe90505,
0xffe90505,
0xffe90505,
0xffe90505,
0xffe90505,
0xffe90505,
0xffe90505,
0xffe90505,
0xffe90505,
0xffe90505,
0xffe90505,
0xffe90505,
0xffe90505,
0xffe90505,
0xffe90505,
0xffe90505,
0xffe90505,
0xffe90505,
0xffe90505,
0xffe90505,
0xffe90505,
0xffe90505,
0xffe90505,
0xffe90505,
0xffe90505,
0xffe90505,
0xffe90505,
0xffe90505,
0xffe90505,
0xffe90505,
0xffe90505,
0xffe90505,
0xffe90505,
0xffe90505,
0xffe90505,
0xffe90505,
0xffe90505,
0xffe90505,
0xffe90505,
0xffe90505,
0xffe90505,
0xffe90505,
0xffe90505,
0xffe90505,
0xffe90505,
0xffe90505,
0xffe90505,
0xffe90505,
0xffe90505,
0xffe90505,
0xffe90505,
0xffe90505,
0xffe90505,
0xffe90505,
0xffe90505,
0xffe90505,
0xffe90505,
0xffe90505,
0xffe90505,
0xffe90505,
0xffe90505,
0xffe90505,
0xffe90505,
0xffe90505,
0xffe90505,
0xffe90505,
0xffe90505,
0xffe90505,
0xffe90505,
0xffe90505,
0xffe90505,
0xffe90505,
0xffe90505,
0xffe90505,
0xffe90505,
0xffe90505,
0xffe90505,
0xffe90505,
0xffe90505,
0xffe90505,
0xffe90505,
0xffe90505,
0xffe90505,
0xffe90505,
0xffe90505,
0xffe90505,
0xffe90505,
0xffe90505,
0xffe90505,
0xffe90505,
0xffe90505,
0xffe90505,
0xffe90505,
0xffe90505,
0xffe90505,
0xffe90505,
0xffe90505,
0xffe90505,
0xffe90505,
0xffe90505,
0xffe90505,
0xffe90505,
0xffe90505,
0xffe90505,
0xffe90505,
0xffe90505,
0xffe90505,
0xffe90505,
0xffe90505,
0xffe90505,
0xffe90505,
0xffe90505,
0xffe90505,
0xffe90505,
0xffe90505,
0xffe90505,
0xffe90505,
0xffe90505,
0xffe90505,
0xffe90505,
0xffe90505,
0xffe90505,
0xffe90505,
0xffe90505,
0xffe90505,
0xffe90505,
0xffe90505,
0xffe90505,
0xffe90505,
0xffe90505,
0xffe90505,
0xffe90505,
0xffe90505,
0xffe90505,
0xffe90505,
0xffe90505,
0xffe90505,
0xffe90505,
0xffe90505,
0xffe90505,
0xffe90505,
0xffe90505,
0xffe90505,
0xffe90505,
0xffe90505,
0xffe70505,
0xffe90505,
0xffe30707,
0xffe84b3d,
0xffec5325,
0xffe43f02,
0xffe84f08,
0xfffb8137,
0xffe7583f,
0xffe20a09,
0xffe90505,
0xffe90505,
0xffe90505,
0xffe90505,
0xffe90505,
0xffe90505,
0xffe90505,
0xffe90505,
0xffe90505,
0xffe90505,
0xffe90505,
0xffe90505,
0xffe90505,
0xffe90505,
0xffe90505,
0xffe90505,
0xffe90505,
0xffe90505,
0xffe90505,
0xffe90505,
0xffe90505,
0xffe90505,
0xffe90505,
0xffe90505,
0xffe90505,
0xffe90505,
0xffe90505,
0xffe90505,
0xffe90505,
0xffe90505,
0xffe90505,
0xffe90505,
0xffe90505,
0xffe90505,
0xffe90505,
0xffe90505,
0xffe90505,
0xffe90505,
0xffe90505,
0xffe90505,
0xffe90505,
0xffe90505,
0xffe90505,
0xffe90505,
0xffe90505,
0xffe90505,
0xffe90505,
0xffe90505,
0xffe90505,
0xffe90505,
0xffe90505,
0xffe90505,
0xffe90505,
0xffe90505,
0xffe90505,
0xffe90505,
0xffe90505,
0xffe90505,
0xffe90505,
0xffe90505,
0xffe90505,
0xffe90505,
0xffe90505,
0xffe90505,
0xffe90505,
0xffe90505,
0xffe90505,
0xffe90505,
0xffe90505,
0xffe90505,
0xffe90505,
0xffe90505,
0xffe90505,
0xffe90505,
0xffe90505,
0xffe90505,
0xffe90505,
0xffe90505,
0xffe90505,
0xffe90505,
0xffe90505,
0xffe90505,
0xffe90505,
0xffe90505,
0xffe90505,
0xffe90505,
0xffe90505,
0xffe90505,
0xffe90505,
0xffe90505,
0xffe90505,
0xffe90505,
0xffe90505,
0xffe90505,
0xffe90505,
0xffe90505,
0xffe90505,
0xffe90505,
0xffe90505,
0xffe90505,
0xffe90505,
0xffe90505,
0xffe90505,
0xffe90505,
0xffe90505,
0xffe90505,
0xffe90505,
0xffe90505,
0xffe90505,
0xffe90505,
0xffe90505,
0xffe90505,
0xffe90505,
0xffe90505,
0xffe90505,
0xffe90505,
0xffe90505,
0xffe90505,
0xffe90505,
0xffe90505,
0xffe90505,
0xffe90505,
0xffe90505,
0xffe90505,
0xffe90505,
0xffe90505,
0xffe90505,
0xffe90505,
0xffe90505,
0xffe90505,
0xffe90505,
0xffe90505,
0xffe90505,
0xffe90505,
0xffe90505,
0xffe90505,
0xffe90505,
0xffe90505,
0xffe90505,
0xffe90505,
0xffe90505,
0xffe90505,
0xffe90505,
0xffe90505,
0xffe90505,
0xffe90505,
0xffe90505,
0xffe90505,
0xffe90505,
0xffe90505,
0xffe90505,
0xffe90505,
0xffe90505,
0xffe90505,
0xffe90505,
0xffe90505,
0xffe90505,
0xffe90505,
0xffe90505,
0xffe90505,
0xffe90505,
0xffe90505,
0xffe90505,
0xffe90505,
0xffe90505,
0xffe90505,
0xffe90505,
0xffe90505,
0xffe90505,
0xffe90505,
0xffe90505,
0xffe90505,
0xffe90505,
0xffe90505,
0xffe90505,
0xffe90505,
0xffe90505,
0xffe90505,
0xffe90505,
0xffe90505,
0xffe90505,
0xffe90505,
0xffe90505,
0xffe90505,
0xffe90505,
0xffe90505,
0xffe90505,
0xffe90505,
0xffe90505,
0xffe90505,
0xffe90505,
0xffe90505,
0xffe90505,
0xffe90505,
0xffe90505,
0xffe90505,
0xffe90505,
0xffe90505,
0xffe90505,
0xffe90505,
0xffe90505,
0xffe90505,
0xffe90505,
0xffe90505,
0xffe90505,
0xffe90505,
0xffe90505,
0xffe90505,
0xffe90505,
0xffe90505,
0xffe90505,
0xffe90505,
0xffe90505,
0xffe90505,
0xffe90505,
0xffe90505,
0xffe90505,
0xffe90505,
0xffe90505,
0xffe90505,
0xffe90505,
0xffe90505,
0xffe90505,
0xffe90505,
0xffe90505,
0xffe90505,
0xffe90505,
0xffe90505,
0xffe90505,
0xffe90505,
0xffe90505,
0xffe70505,
0xffe90505,
0xffe20707,
0xffe9503e,
0xffe95a23,
0xffe23f03,
0xffdb4607,
0xfffd9f63,
0xffe12c26,
0xffe70505,
0xffe90505,
0xffe90505,
0xffe90505,
0xffe90505,
0xffe90505,
0xffe90505,
0xffe90505,
0xffe90505,
0xffe90505,
0xffe90505,
0xffe90505,
0xffe90505,
0xffe90505,
0xffe90505,
0xffe90505,
0xffe90505,
0xffe90505,
0xffe90505,
0xffe90505,
0xffe90505,
0xffe90505,
0xffe90505,
0xffe90505,
0xffe90505,
0xffe90505,
0xffe90505,
0xffe90505,
0xffe90505,
0xffe90505,
0xffe90505,
0xffe90505,
0xffe90505,
0xffe90505,
0xffe90505,
0xffe90505,
0xffe90505,
0xffe90505,
0xffe90505,
0xffe90505,
0xffe90505,
0xffe90505,
0xffe90505,
0xffe90505,
0xffe90505,
0xffe90505,
0xffe90505,
0xffe90505,
0xffe90505,
0xffe90505,
0xffe90505,
0xffe90505,
0xffe90505,
0xffe90505,
0xffe90505,
0xffe90505,
0xffe90505,
0xffe90505,
0xffe90505,
0xffe90505,
0xffe90505,
0xffe90505,
0xffe90505,
0xffe90505,
0xffe90505,
0xffe90505,
0xffe90505,
0xffe90505,
0xffe90505,
0xffe90505,
0xffe90505,
0xffe90505,
0xffe90505,
0xffe90505,
0xffe90505,
0xffe90505,
0xffe90505,
0xffe90505,
0xffe90505,
0xffe90505,
0xffe90505,
0xffe90505,
0xffe90505,
0xffe90505,
0xffe90505,
0xffe90505,
0xffe90505,
0xffe90505,
0xffe90505,
0xffe90505,
0xffe90505,
0xffe90505,
0xffe90505,
0xffe90505,
0xffe90505,
0xffe90505,
0xffe90505,
0xffe90505,
0xffe90505,
0xffe90505,
0xffe90505,
0xffe90505,
0xffe90505,
0xffe90505,
0xffe90505,
0xffe90505,
0xffe90505,
0xffe90505,
0xffe90505,
0xffe90505,
0xffe90505,
0xffe90505,
0xffe90505,
0xffe90505,
0xffe90505,
0xffe90505,
0xffe90505,
0xffe90505,
0xffe90505,
0xffe90505,
0xffe90505,
0xffe90505,
0xffe90505,
0xffe90505,
0xffe90505,
0xffe90505,
0xffe90505,
0xffe90505,
0xffe90505,
0xffe90505,
0xffe90505,
0xffe90505,
0xffe90505,
0xffe90505,
0xffe90505,
0xffe90505,
0xffe90505,
0xffe90505,
0xffe90505,
0xffe90505,
0xffe90505,
0xffe90505,
0xffe90505,
0xffe90505,
0xffe90505,
0xffe90505,
0xffe90505,
0xffe90505,
0xffe90505,
0xffe90505,
0xffe90505,
0xffe90505,
0xffe90505,
0xffe90505,
0xffe90505,
0xffe90505,
0xffe90505,
0xffe90505,
0xffe90505,
0xffe90505,
0xffe90505,
0xffe90505,
0xffe90505,
0xffe90505,
0xffe90505,
0xffe90505,
0xffe90505,
0xffe90505,
0xffe90505,
0xffe90505,
0xffe90505,
0xffe90505,
0xffe90505,
0xffe90505,
0xffe90505,
0xffe90505,
0xffe90505,
0xffe90505,
0xffe90505,
0xffe90505,
0xffe90505,
0xffe90505,
0xffe90505,
0xffe90505,
0xffe90505,
0xffe90505,
0xffe90505,
0xffe90505,
0xffe90505,
0xffe90505,
0xffe90505,
0xffe90505,
0xffe90505,
0xffe90505,
0xffe90505,
0xffe90505,
0xffe90505,
0xffe90505,
0xffe90505,
0xffe90505,
0xffe90505,
0xffe90505,
0xffe90505,
0xffe90505,
0xffe90505,
0xffe90505,
0xffe90505,
0xffe90505,
0xffe90505,
0xffe90505,
0xffe90505,
0xffe90505,
0xffe90505,
0xffe90505,
0xffe90505,
0xffe90505,
0xffe90505,
0xffe90505,
0xffe90505,
0xffe90505,
0xffe90505,
0xffe90505,
0xffe90505,
0xffe90505,
0xffe90505,
0xffe90505,
0xffe90505,
0xffe90505,
0xffe90505,
0xffe90505,
0xffe90505,
0xffe90505,
0xffe80505,
0xffe90505,
0xffe60d0c,
0xffe5533e,
0xffef6d35,
0xfff17c3b,
0xffe35d43,
0xffe20c0c,
0xffe80505,
0xffe90505,
0xffe90505,
0xffe90505,
0xffe90505,
0xffe90505,
0xffe90505,
0xffe90505,
0xffe90505,
0xffe90505,
0xffe90505,
0xffe90505,
0xffe90505,
0xffe90505,
0xffe90505,
0xffe90505,
0xffe90505,
0xffe90505,
0xffe90505,
0xffe90505,
0xffe90505,
0xffe90505,
0xffe90505,
0xffe90505,
0xffe90505,
0xffe90505,
0xffe90505,
0xffe90505,
0xffe90505,
0xffe90505,
0xffe90505,
0xffe90505,
0xffe90505,
0xffe90505,
0xffe90505,
0xffe90505,
0xffe90505,
0xffe90505,
0xffe90505,
0xffe90505,
0xffe90505,
0xffe90505,
0xffe90505,
0xffe90505,
0xffe90505,
0xffe90505,
0xffe90505,
0xffe90505,
0xffe90505,
0xffe90505,
0xffe90505,
0xffe90505,
0xffe90505,
0xffe90505,
0xffe90505,
0xffe90505,
0xffe90505,
0xffe90505,
0xffe90505,
0xffe90505,
0xffe90505,
0xffe90505,
0xffe90505,
0xffe90505,
0xffe90505,
0xffe90505,
0xffe90505,
0xffe90505,
0xffe90505,
0xffe90505,
0xffe90505,
0xffe90505,
0xffe90505,
0xffe90505,
0xffe90505,
0xffe90505,
0xffe90505,
0xffe90505,
0xffe90505,
0xffe90505,
0xffe90505,
0xffe90505,
0xffe90505,
0xffe90505,
0xffe90505,
0xffe90505,
0xffe90505,
0xffe90505,
0xffe90505,
0xffe90505,
0xffe90505,
0xffe90505,
0xffe90505,
0xffe90505,
0xffe90505,
0xffe90505,
0xffe90505,
0xffe90505,
0xffe90505,
0xffe90505,
0xffe90505,
0xffe90505,
0xffe90505,
0xffe90505,
0xffe90505,
0xffe90505,
0xffe90505,
0xffe90505,
0xffe90505,
0xffe90505,
0xffe90505,
0xffe90505,
0xffe90505,
0xffe90505,
0xffe90505,
0xffe90505,
0xffe90505,
0xffe90505,
0xffe90505,
0xffe90505,
0xffe90505,
0xffe90505,
0xffe90505,
0xffe90505,
0xffe90505,
0xffe90505,
0xffe90505,
0xffe90505,
0xffe90505,
0xffe90505,
0xffe90505,
0xffe90505,
0xffe90505,
0xffe90505,
0xffe90505,
0xffe90505,
0xffe90505,
0xffe90505,
0xffe90505,
0xffe90505,
0xffe90505,
0xffe90505,
0xffe90505,
0xffe90505,
0xffe90505,
0xffe90505,
0xffe90505,
0xffe90505,
0xffe90505,
0xffe90505,
0xffe90505,
0xffe90505,
0xffe90505,
0xffe90505,
0xffe90505,
0xffe90505,
0xffe90505,
0xffe90505,
0xffe90505,
0xffe90505,
0xffe90505,
0xffe90505,
0xffe90505,
0xffe90505,
0xffe90505,
0xffe90505,
0xffe90505,
0xffe90505,
0xffe90505,
0xffe90505,
0xffe90505,
0xffe90505,
0xffe90505,
0xffe90505,
0xffe90505,
0xffe90505,
0xffe90505,
0xffe90505,
0xffe90505,
0xffe90505,
0xffe90505,
0xffe90505,
0xffe90505,
0xffe90505,
0xffe90505,
0xffe90505,
0xffe90505,
0xffe90505,
0xffe90505,
0xffe90505,
0xffe90505,
0xffe90505,
0xffe90505,
0xffe90505,
0xffe90505,
0xffe90505,
0xffe90505,
0xffe90505,
0xffe90505,
0xffe90505,
0xffe90505,
0xffe90505,
0xffe90505,
0xffe90505,
0xffe90505,
0xffe90505,
0xffe90505,
0xffe90505,
0xffe90505,
0xffe90505,
0xffe90505,
0xffe90505,
0xffe90505,
0xffe90505,
0xffe90505,
0xffe90505,
0xffe90505,
0xffe90505,
0xffe90505,
0xffe90505,
0xffe90505,
0xffe90505,
0xffe90505,
0xffe90505,
0xffe90505,
0xffe90505,
0xffe90505,
0xffe90505,
0xffe90505,
0xffe90505,
0xffe90505,
0xffe90505,
0xffe90505,
0xffe90505,
0xffe90505,
0xffe50b0a,
0xffe7372f,
0xffe8382e,
0xffe60a0a,
0xffe80505,
0xffe90505,
0xffe90505,
0xffe90505,
0xffe90505,
0xffe90505,
0xffe90505,
0xffe90505,
0xffe90505,
0xffe90505,
0xffe90505,
0xffe90505,
0xffe90505,
0xffe90505,
0xffe90505,
0xffe90505,
0xffe90505,
0xffe90505,
0xffe90505,
0xffe90505,
0xffe90505,
0xffe90505,
0xffe90505,
0xffe90505,
0xffe90505,
0xffe90505,
0xffe90505,
0xffe90505,
0xffe90505,
0xffe90505,
0xffe90505,
0xffe90505,
0xffe90505,
0xffe90505,
0xffe90505,
0xffe90505,
0xffe90505,
0xffe90505,
0xffe90505,
0xffe90505,
0xffe90505,
0xffe90505,
0xffe90505,
0xffe90505,
0xffe90505,
0xffe90505,
0xffe90505,
0xffe90505,
0xffe90505,
0xffe90505,
0xffe90505,
0xffe90505,
0xffe90505,
0xffe90505,
0xffe90505,
0xffe90505,
0xffe90505,
0xffe90505,
0xffe90505,
0xffe90505,
0xffe90505,
0xffe90505,
0xffe90505,
0xffe90505,
0xffe90505,
0xffe90505,
0xffe90505,
0xffe90505,
0xffe90505,
0xffe90505,
0xffe90505,
0xffe90505,
0xffe90505,
0xffe90505,
0xffe90505,
0xffe90505,
0xffe90505,
0xffe90505,
0xffe90505,
0xffe90505,
0xffe90505,
0xffe90505,
0xffe90505,
0xffe90505,
0xffe90505,
0xffe90505,
0xffe90505,
0xffe90505,
0xffe90505,
0xffe90505,
0xffe90505,
0xffe90505,
0xffe90505,
0xffe90505,
0xffe90505,
0xffe90505,
0xffe90505,
0xffe90505,
0xffe90505,
0xffe90505,
0xffe90505,
0xffe90505,
0xffe90505,
0xffe90505,
0xffe90505,
0xffe90505,
0xffe90505,
0xffe90505,
0xffe90505,
0xffe90505,
0xffe90505,
0xffe90505,
0xffe90505,
0xffe90505,
0xffe90505,
0xffe90505,
0xffe90505,
0xffe90505,
0xffe90505,
0xffe90505,
0xffe90505,
0xffe90505,
0xffe90505,
0xffe90505,
0xffe90505,
0xffe90505,
0xffe90505,
0xffe90505,
0xffe90505,
0xffe90505,
0xffe90505,
0xffe90505,
0xffe90505,
0xffe90505,
0xffe90505,
0xffe90505,
0xffe90505,
0xffe90505,
0xffe90505,
0xffe90505,
0xffe90505,
0xffe90505,
0xffe90505,
0xffe90505,
0xffe90505,
0xffe90505,
0xffe90505,
0xffe90505,
0xffe90505,
0xffe90505,
0xffe90505,
0xffe90505,
0xffe90505,
0xffe90505,
0xffe90505,
0xffe90505,
0xffe90505,
0xffe90505,
0xffe90505,
0xffe90505,
0xffe90505,
0xffe90505,
0xffe90505,
0xffe90505,
0xffe90505,
0xffe90505,
0xffe90505,
0xffe90505,
0xffe90505,
0xffe90505,
0xffe90505,
0xffe90505,
0xffe90505,
0xffe90505,
0xffe90505,
0xffe90505,
0xffe90505,
0xffe90505,
0xffe90505,
0xffe90505,
0xffe90505,
0xffe90505,
0xffe90505,
0xffe90505,
0xffe90505,
0xffe90505,
0xffe90505,
0xffe90505,
0xffe90505,
0xffe90505,
0xffe90505,
0xffe90505,
0xffe90505,
0xffe90505,
0xffe90505,
0xffe90505,
0xffe90505,
0xffe90505,
0xffe90505,
0xffe90505,
0xffe90505,
0xffe90505,
0xffe90505,
0xffe90505,
0xffe90505,
0xffe90505,
0xffe90505,
0xffe90505,
0xffe90505,
0xffe90505,
0xffe90505,
0xffe90505,
0xffe90505,
0xffe90505,
0xffe90505,
0xffe90505,
0xffe90505,
0xffe90505,
0xffe90505,
0xffe90505,
0xffe90505,
0xffe90505,
0xffe90505,
0xffe90505,
0xffe90505,
0xffe90505,
0xffe90505,
0xffe90505,
0xffe90505,
0xffe90505,
0xffe90505,
0xffe90505,
0xffe90505,
0xffe90505,
0xffe90505,
0xffe70505,
0xffe90505,
0xffe60606,
0xffe60606,
0xffe90505,
0xffe90505,
0xffe80505,
0xffe90505,
0xffe90505,
0xffe90505,
0xffe90505,
0xffe90505,
0xffe90505,
0xffe90505,
0xffe90505,
0xffe90505,
0xffe90505,
0xffe90505,
0xffe90505,
0xffe90505,
0xffe90505,
0xffe90505,
0xffe90505,
0xffe90505,
0xffe90505,
0xffe90505,
0xffe90505,
0xffe90505,
0xffe90505,
0xffe90505,
0xffe90505,
0xffe90505,
0xffe90505,
0xffe90505,
0xffe90505,
0xffe90505,
0xffe90505,
0xffe90505,
0xffe90505,
0xffe90505,
0xffe90505,
0xffe90505,
0xffe90505,
0xffe90505,
0xffe90505,
0xffe90505,
0xffe90505,
0xffe90505,
0xffe90505,
0xffe90505,
0xffe90505,
0xffe90505,
0xffe90505,
0xffe90505,
0xffe90505,
0xffe90505,
0xffe90505,
0xffe90505,
0xffe90505,
0xffe90505,
0xffe90505,
0xffe90505,
0xffe90505,
0xffe90505,
0xffe90505,
0xffe90505,
0xffe90505,
0xffe90505,
0xffe90505,
0xffe90505,
0xffe90505,
0xffe90505,
0xffe90505,
0xffe90505,
0xffe90505,
0xffe90505,
0xffe90505,
0xffe90505,
0xffe90505,
0xffe90505,
0xffe90505,
0xffe90505,
0xffe90505,
0xffe90505,
0xffe90505,
0xffe90505,
0xffe90505,
0xffe90505,
0xffe90505,
0xffe90505,
0xffe90505,
0xffe90505,
0xffe90505,
0xffe90505,
0xffe90505,
0xffe90505,
0xffe90505,
0xffe90505,
0xffe90505,
0xffe90505,
0xffe90505,
0xffe90505,
0xffe90505,
0xffe90505,
0xffe90505,
0xffe90505,
0xffe90505,
0xffe90505,
0xffe90505,
0xffe90505,
0xffe90505,
0xffe90505,
0xffe90505,
0xffe90505,
0xffe90505,
0xffe90505,
0xffe90505,
0xffe90505,
0xffe90505,
0xffe90505,
0xffe90505,
0xffe90505,
0xffe90505,
0xffe90505,
0xffe90505,
0xffe90505,
0xffe90505,
0xffe90505,
0xffe90505,
0xffe90505,
0xffe90505,
0xffe90505,
0xffe90505,
0xffe90505,
0xffe90505,
0xffe90505,
0xffe90505,
0xffe90505,
0xffe90505,
0xffe90505,
0xffe90505,
0xffe90505,
0xffe90505,
0xffe90505,
0xffe90505,
0xffe90505,
0xffe90505,
0xffe90505,
0xffe90505,
0xffe90505,
0xffe90505,
0xffe90505,
0xffe90505,
0xffe90505,
0xffe90505,
0xffe90505,
0xffe90505,
0xffe90505,
0xffe90505,
0xffe90505,
0xffe90505,
0xffe90505,
0xffe90505,
0xffe90505,
0xffe90505,
0xffe90505,
0xffe90505,
0xffe90505,
0xffe90505,
0xffe90505,
0xffe90505,
0xffe90505,
0xffe90505,
0xffe90505,
0xffe90505,
0xffe90505,
0xffe90505,
0xffe90505,
0xffe90505,
0xffe90505,
0xffe90505,
0xffe90505,
0xffe90505,
0xffe90505,
0xffe90505,
0xffe90505,
0xffe90505,
0xffe90505,
0xffe90505,
0xffe90505,
0xffe90505,
0xffe90505,
0xffe90505,
0xffe90505,
0xffe90505,
0xffe90505,
0xffe90505,
0xffe90505,
0xffe90505,
0xffe90505,
0xffe90505,
0xffe90505,
0xffe90505,
0xffe90505,
0xffe90505,
0xffe90505,
0xffe90505,
0xffe90505,
0xffe90505,
0xffe90505,
0xffe90505,
0xffe90505,
0xffe90505,
0xffe90505,
0xffe90505,
0xffe90505,
0xffe90505,
0xffe90505,
0xffe90505,
0xffe90505,
0xffe90505,
0xffe90505,
0xffe90505,
0xffe90505,
0xffe90505,
0xffe90505,
0xffe90505,
0xffe90505,
0xffe90505,
0xffe90505,
0xffe90505,
0xffe90505,
0xffe90505,
0xffe90505,
0xffe90505,
0xffe90505,
0xffe90505,
0xffe90505,
0xffe90505,
0xffe90505,
0xffe90505,
0xffe90505,
0xffe90505,
0xffe90505,
0xffe80505,
0xffe90505,
0xffe90505,
0xffe90505,
0xffe90505,
0xffe90505,
0xffe90505,
0xffe90505,
0xffe90505,
0xffe90505,
0xffe90505,
0xffe90505,
0xffe90505,
0xffe90505,
0xffe90505,
0xffe90505,
0xffe90505,
0xffe90505,
0xffe90505,
0xffe90505,
0xffe90505,
0xffe90505,
0xffe90505,
0xffe90505,
0xffe90505,
0xffe90505,
0xffe90505,
0xffe90505,
0xffe90505,
0xffe90505,
0xffe90505,
0xffe90505,
0xffe90505,
0xffe90505,
0xffe90505,
0xffe90505,
0xffe90505,
0xffe90505,
0xffe90505,
0xffe90505,
0xffe90505,
0xffe90505,
0xffe90505,
0xffe90505,
0xffe90505,
0xffe90505,
0xffe90505,
0xffe90505,
0xffe90505,
0xffe90505,
0xffe90505,
0xffe90505,
0xffe90505,
0xffe90505,
0xffe90505,
0xffe90505,
0xffe90505,
0xffe90505,
0xffe90505,
0xffe90505,
0xffe90505,
0xffe90505,
0xffe90505,
0xffe90505,
0xffe90505,
0xffe90505,
0xffe90505,
0xffe90505,
0xffe90505,
0xffe90505,
0xffe90505,
0xffe90505,
0xffe90505,
0xffe90505,
0xffe90505,
0xffe90505,
0xffe90505,
0xffe90505,
0xffe90505,
0xffe90505,
0xffe90505,
0xffe90505,
0xffe90505,
0xffe90505,
0xffe90505,
0xffe90505,
0xffe90505,
0xffe90505,
0xffe90505,
0xffe90505,
0xffe90505,
0xffe90505,
0xffe90505,
0xffe90505,
0xffe90505,
0xffe90505,
0xffe90505,
0xffe90505,
0xffe90505,
0xffe90505,
0xffe90505,
0xffe90505,
0xffe90505,
0xffe90505,
0xffe90505,
0xffe90505,
0xffe90505,
0xffe90505,
0xffe90505,
0xffe90505,
0xffe90505,
0xffe90505,
0xffe90505,
0xffe90505,
0xffe90505,
0xffe90505,
0xffe90505,
0xffe90505,
0xffe90505,
0xffe90505,
0xffe90505,
0xffe90505,
0xffe90505,
0xffe90505,
0xffe90505,
0xffe90505,
0xffe90505,
0xffe90505,
0xffe90505,
0xffe90505,
0xffe90505,
0xffe90505,
0xffe90505,
0xffe90505,
0xffe90505,
0xffe90505,
0xffe90505,
0xffe90505,
0xffe90505,
0xffe90505,
0xffe90505,
0xffe90505,
0xffe90505,
0xffe90505,
0xffe90505,
0xffe90505,
0xffe90505,
0xffe90505,
0xffe90505,
0xffe90505,
0xffe90505,
0xffe90505,
0xffe90505,
0xffe90505,
0xffe90505,
0xffe90505,
0xffe90505,
0xffe90505,
0xffe90505,
0xffe90505,
0xffe90505,
0xffe90505,
0xffe90505,
0xffe90505,
0xffe90505,
0xffe90505,
0xffe90505,
0xffe90505,
0xffe90505,
0xffe90505,
0xffe90505,
0xffe90505,
0xffe90505,
0xffe90505,
0xffe90505,
0xffe90505,
0xffe90505,
0xffe90505,
0xffe90505,
0xffe90505,
0xffe90505,
0xffe90505,
0xffe90505,
0xffe90505,
0xffe90505,
0xffe90505,
0xffe90505,
0xffe90505,
0xffe90505,
0xffe90505,
0xffe90505,
0xffe90505,
0xffe90505,
0xffe90505,
0xffe90505,
0xffe90505,
0xffe90505,
0xffe90505,
0xffe90505,
0xffe90505,
0xffe90505,
0xffe90505,
0xffe90505,
0xffe90505,
0xffe90505,
0xffe90505,
0xffe90505,
0xffe90505,
0xffe90505,
0xffe90505,
0xffe90505,
0xffe90505,
0xffe90505,
0xffe90505,
0xffe90505,
0xffe90505,
0xffe90505,
0xffe90505,
0xffe90505,
0xffe90505,
0xffe90505,
0xffe90505,
0xffe90505,
0xffe90505,
0xffe90505,
0xffe90505,
0xffe90505,
0xffe90505,
0xffe90505,
0xffe90505,
0xffe90505,
0xffe90505,
0xffe90505,
0xffe90505,
0xffe90505,
0xffe90505,
0xffe90505,
0xffe90505,
0xffe90505,
0xffe90505,
0xffe90505,
0xffe90505,
0xffe90505,
0xffe90505,
0xffe90505,
0xffe90505,
0xffe90505,
0xffe90505,
0xffe90505,
0xffe90505,
0xffe90505,
0xffe90505,
0xffe90505,
0xffe90505,
0xffe90505,
0xffe90505,
0xffe90505,
0xffe90505,
0xffe90505,
0xffe90505,
0xffe90505,
0xffe90505,
0xffe90505,
0xffe90505,
0xffe90505,
0xffe90505,
0xffe90505,
0xffe90505,
0xffe90505,
0xffe90505,
0xffe90505,
0xffe90505,
0xffe90505,
0xffe90505,
0xffe90505,
0xffe90505,
0xffe90505,
0xffe90505,
0xffe90505,
0xffe90505,
0xffe90505,
0xffe90505,
0xffe90505,
0xffe90505,
0xffe90505,
0xffe90505,
0xffe90505,
0xffe90505,
0xffe90505,
0xffe90505,
0xffe90505,
0xffe90505,
0xffe90505,
0xffe90505,
0xffe90505,
0xffe90505,
0xffe90505,
0xffe90505,
0xffe90505,
0xffe90505,
0xffe90505,
0xffe90505,
0xffe90505,
0xffe90505,
0xffe90505,
0xffe90505,
0xffe90505,
0xffe90505,
0xffe90505,
0xffe90505,
0xffe90505,
0xffe90505,
0xffe90505,
0xffe90505,
0xffe90505,
0xffe90505,
0xffe90505,
0xffe90505,
0xffe90505,
0xffe90505,
0xffe90505,
0xffe90505,
0xffe90505,
0xffe90505,
0xffe90505,
0xffe90505,
0xffe90505,
0xffe90505,
0xffe90505,
0xffe90505,
0xffe90505,
0xffe90505,
0xffe90505,
0xffe90505,
0xffe90505,
0xffe90505,
0xffe90505,
0xffe90505,
0xffe90505,
0xffe90505,
0xffe90505,
0xffe90505,
0xffe90505,
0xffe90505,
0xffe90505,
0xffe90505,
0xffe90505,
0xffe90505,
0xffe90505,
0xffe90505,
0xffe90505,
0xffe90505,
0xffe90505,
0xffe90505,
0xffe90505,
0xffe90505,
0xffe90505,
0xffe90505,
0xffe90505,
0xffe90505,
0xffe90505,
0xffe90505,
0xffe90505,
0xffe90505,
0xffe90505,
0xffe90505,
0xffe90505,
0xffe90505,
0xffe90505,
0xffe90505,
0xffe90505,
0xffe90505,
0xffe90505,
0xffe90505,
0xffe90505,
0xffe90505,
0xffe90505,
0xffe90505,
0xffe90505,
0xffe90505,
0xffe90505,
0xffe90505,
0xffe90505,
0xffe90505,
0xffe90505,
0xffe90505,
0xffe90505,
0xffe90505,
0xffe90505,
0xffe90505,
0xffe90505,
0xffe90505,
0xffe90505,
0xffe90505,
0xffe90505,
0xffe90505,
0xffe90505,
0xffe90505,
0xffe90505,
0xffe90505,
0xffe90505,
0xffe90505,
0xffe90505,
0xffe90505,
0xffe90505,
0xffe90505,
0xffe90505,
0xffe90505,
0xffe90505,
0xffe90505,
0xffe90505,
0xffe90505,
0xffe90505,
0xffe90505,
0xffe90505,
0xffe90505,
0xffe90505,
0xffe90505,
0xffe90505,
0xffe90505,
0xffe90505,
0xffe90505,
0xffe90505,
0xffe90505,
0xffe90505,
0xffe90505,
0xffe90505,
0xffe90505,
0xffe90505,
0xffe90505,
0xffe90505,
0xffe90505,
0xffe90505,
0xffe90505,
0xffe90505,
0xffe90505,
0xffe90505,
0xffe90505,
0xffe90505,
0xffe90505,
0xffe90505,
0xffe90505,
0xffe90505,
0xffe90505,
0xffe90505,
0xffe90505,
0xffe90505,
0xffe90505,
0xffe90505,
0xffe90505,
0xffe90505,
0xffe90505,
0xffe90505,
0xffe90505,
0xffe90505,
0xffe90505,
0xffe90505,
0xffe90505,
0xffe90505,
0xffe90505,
0xffe90505,
0xffe90505,
0xffe90505,
0xffe90505,
0xffe90505,
0xffe90505,
0xffe90505,
0xffe90505,
0xffe90505,
0xffe90505,
0xffe90505,
0xffe90505,
0xffe90505,
0xffe90505,
0xffe90505,
0xffe90505,
0xffe90505,
0xffe90505,
0xffe90505,
0xffe90505,
0xffe90505,
0xffe90505,
0xffe90505,
0xffe90505,
0xffe90505,
0xffe90505,
0xffe90505,
0xffe90505,
0xffe90505,
0xffe90505,
0xffe90505,
0xffe90505,
0xffe90505,
0xffe90505,
0xffe90505,
0xffe90505,
0xffe90505,
0xffe90505,
0xffe90505,
0xffe90505,
0xffe90505,
0xffe90505,
0xffe90505,
0xffe90505,
0xffe90505,
0xffe90505,
0xffe90505,
0xffe90505,
0xffe90505,
0xffe90505,
0xffe90505,
0xffe90505,
0xffe90505,
0xffe90505,
0xffe90505,
0xffe90505,
0xffe90505,
0xffe90505,
0xffe90505,
0xffe90505,
0xffe90505,
0xffe90505,
0xffe90505,
0xffe90505,
0xffe90505,
0xffe90505,
0xffe90505,
0xffe90505,
0xffe90505,
0xffe90505,
0xffe90505,
0xffe90505,
0xffe90505,
0xffe90505,
0xffe90505,
0xffe90505,
0xffe90505,
0xffe90505,
0xffe90505,
0xffe90505,
0xffe90505,
0xffe90505,
0xffe90505,
0xffe90505,
0xffe90505,
0xffe90505,
0xffe90505,
0xffe90505,
0xffe90505,
0xffe90505,
0xffe90505,
0xffe90505,
0xffe90505,
0xffe90505,
0xffe90505,
0xffe90505,
0xffe90505,
0xffe90505,
0xffe90505,
0xffe90505,
0xffe90505,
0xffe90505,
0xffe90505,
0xffe90505,
0xffe90505,
0xffe90505,
0xffe90505,
0xffe90505,
0xffe90505,
0xffe90505,
0xffe90505,
0xffe90505,
0xffe90505,
0xffe90505,
0xffe90505,
0xffe90505,
0xffe90505,
0xffe90505,
0xffe90505,
0xffe90505,
0xffe90505,
0xffe90505,
0xffe90505,
0xffe90505,
0xffe90505,
0xffe90505,
0xffe90505,
0xffe90505,
0xffe90505,
0xffe90505,
0xffe90505,
0xffe90505,
0xffe90505,
0xffe90505,
0xffe90505,
0xffe90505,
0xffe90505,
0xffe90505,
0xffe90505,
0xffe90505,
0xffe90505,
0xffe90505,
0xffe90505,
0xffe90505,
0xffe90505,
0xffe90505,
0xffe90505,
0xffe90505,
0xffe90505,
0xffe90505,
0xffe90505,
0xffe90505,
0xffe90505,
0xffe90505,
0xffe90505,
0xffe90505,
0xffe90505,
0xffe90505,
0xffe90505,
0xffe90505,
0xffe90505,
0xffe90505,
0xffe90505,
0xffe90505,
0xffe90505,
0xffe90505,
0xffe90505,
0xffe90505,
0xffe90505,
0xffe90505,
0xffe90505,
0xffe90505,
0xffe90505,
0xffe90505,
0xffe90505,
0xffe90505,
0xffe90505,
0xffe90505,
0xffe90505,
0xffe90505,
0xffe90505,
0xffe90505,
0xffe90505,
0xffe90505,
0xffe90505,
0xffe90505,
0xffe90505,
0xffe90505,
0xffe90505,
0xffe90505,
0xffe90505,
0xffe90505,
0xffe90505,
0xffe90505,
0xffe90505,
0xffe90505,
0xffe90505,
0xffe90505,
0xffe90505,
0xffe90505,
0xffe90505,
0xffe90505,
0xffe90505,
0xffe90505,
0xffe90505,
0xffe90505,
0xffe90505,
0xffe90505,
0xffe90505,
0xffe90505,
0xffe90505,
0xffe90505,
0xffe90505,
0xffe90505,
0xffe90505,
0xffe90505,
0xffe90505,
0xffe90505,
0xffe90505,
0xffe90505,
0xffe90505,
0xffe90505,
0xffe90505,
0xffe90505,
0xffe90505,
0xffe90505,
0xffe90505,
0xffe90505,
0xffe90505,
0xffe90505,
0xffe90505,
0xffe90505,
0xffe90505,
0xffe90505,
0xffe90505,
0xffe90505,
0xffe90505,
0xffe90505,
0xffe90505,
0xffe90505,
0xffe90505,
0xffe90505,
0xffe90505,
0xffe90505,
0xffe90505,
0xffe90505,
0xffe90505,
0xffe90505,
0xffe90505,
0xffe90505,
0xffe90505,
0xffe90505,
0xffe90505,
0xffe90505,
0xffe90505,
0xffe90505,
0xffe90505,
0xffe90505,
0xffe90505,
0xffe90505,
0xffe90505,
0xffe90505,
0xffe90505,
0xffe90505,
0xffe90505,
0xffe90505,
0xffe90505,
0xffe90505,
0xffe90505,
0xffe90505,
0xffe90505,
0xffe90505,
0xffe90505,
0xffe90505,
0xffe90505,
0xffe90505,
0xffe90505,
0xffe90505,
0xffe90505,
0xffe90505,
0xffe90505,
0xffe90505,
0xffe90505,
0xffe90505,
0xffe90505,
0xffe90505,
0xffe90505,
0xffe90505,
0xffe90505,
0xffe90505,
0xffe90505,
0xffe90505,
0xffe90505,
0xffe90505,
0xffe90505,
0xffe90505,
0xffe90505,
0xffe90505,
0xffe90505,
0xffe90505,
0xffe90505,
0xffe90505,
0xffe90505,
0xffe90505,
0xffe90505,
0xffe90505,
0xffe90505,
0xffe90505,
0xffe90505,
0xffe90505,
0xffe90505,
0xffe90505,
0xffe90505,
0xffe90505,
0xffe90505,
0xffe90505,
0xffe90505,
0xffe90505,
0xffe90505,
0xffe90505,
0xffe90505,
0xffe90505,
0xffe90505,
0xffe90505,
0xffe90505,
0xffe90505,
0xffe90505,
0xffe90505,
0xffe90505,
0xffe90505,
0xffe90505,
0xffe90505,
0xffe90505,
0xffe90505,
0xffe90505,
0xffe90505,
0xffe90505,
0xffe90505,
0xffe90505,
0xffe90505,
0xffe90505,
0xffe90505,
0xffe90505,
0xffe90505,
0xffe90505,
0xffe90505,
0xffe90505,
0xffe90505,
0xffe90505,
0xffe90505,
0xffe90505,
0xffe90505,
0xffe90505,
0xffe90505,
0xffe90505,
0xffe90505,
0xffe90505,
0xffe90505,
0xffe90505,
0xffe90505,
0xffe90505,
0xffe90505,
0xffe90505,
0xffe90505,
0xffe90505,
0xffe90505,
0xffe90505,
0xffe90505,
0xffe90505,
0xffe90505,
0xffe90505,
0xffe90505,
0xffe90505,
0xffe90505,
0xffe90505,
0xffe90505,
0xffe90505,
0xffe90505,
0xffe90505,
0xffe90505,
0xffe90505,
0xffe90505,
0xffe90505,
0xffe90505,
0xffe90505,
0xffe90505,
0xffe90505,
0xffe90505,
0xffe90505,
0xffe90505,
0xffe90505,
0xffe90505,
0xffe90505,
0xffe90505,
0xffe90505,
0xffe90505,
0xffe90505,
0xffe90505,
0xffe90505,
0xffe90505,
0xffe90505,
0xffe90505,
0xffe90505,
0xffe90505,
0xffe90505,
0xffe90505,
0xffe90505,
0xffe90505,
0xffe90505,
0xffe90505,
0xffe90505,
0xffe90505,
0xffe90505,
0xffe90505,
0xffe90505,
0xffe90505,
0xffe90505,
0xffe90505,
0xffe90505,
0xffe90505,
0xffe90505,
0xffe90505,
0xffe90505,
0xffe90505,
0xffe90505,
0xffe90505,
0xffe90505,
0xffe90505,
0xffe90505,
0xffe90505,
0xffe90505,
0xffe90505,
0xffe90505,
0xffe90505,
0xffe90505,
0xffe90505,
0xffe90505,
0xffe90505,
0xffe90505,
0xffe90505,
0xffe90505,
0xffe90505,
0xffe90505,
0xffe90505,
0xffe90505,
0xffe90505,
0xffe90505,
0xffe90505,
0xffe90505,
0xffe90505,
0xffe90505,
0xffe90505,
0xffe90505,
0xffe90505,
0xffe90505,
0xffe90505,
0xffe90505,
0xffe90505,
0xffe90505,
0xffe90505,
0xffe90505,
0xffe90505,
0xffe90505,
0xffe90505,
0xffe90505,
0xffe90505,
0xffe90505,
0xffe90505,
0xffe90505,
0xffe90505,
0xffe90505,
0xffe90505,
0xffe90505,
0xffe90505,
0xffe90505,
0xffe90505,
0xffe90505,
0xffe90505,
0xffe90505,
0xffe90505,
0xffe90505,
0xffe90505,
0xffe90505,
0xffe90505,
0xffe90505,
0xffe90505,
0xffe90505,
0xffe90505,
0xffe90505,
0xffe90505,
0xffe90505,
0xffe90505,
0xffe90505,
0xffe90505,
0xffe90505,
0xffe90505,
0xffe90505,
0xffe90505,
0xffe90505,
0xffe90505,
0xffe90505,
0xffe90505,
0xffe90505,
0xffe90505,
0xffe90505,
0xffe90505,
0xffe90505,
0xffe90505,
0xffe90505,
0xffe90505,
0xffe90505,
0xffe90505,
0xffe90505,
0xffe90505,
0xffe90505,
0xffe90505,
0xffe90505,
0xffe90505,
0xffe90505,
0xffe90505,
0xffe90505,
0xffe90505,
0xffe90505,
0xffe90505,
0xffe90505,
0xffe90505,
0xffe90505,
0xffe90505,
0xffe90505,
0xffe90505,
0xffe90505,
0xffe90505,
0xffe90505,
0xffe90505,
0xffe90505,
0xffe90505,
0xffe90505,
0xffe90505,
0xffe90505,
0xffe90505,
0xffe90505,
0xffe90505,
0xffe90505,
0xffe90505,
0xffe90505,
0xffe90505,
0xffe90505,
0xffe90505,
0xffe90505,
0xffe90505,
0xffe90505,
0xffe90505,
0xffe90505,
0xffe90505,
0xffe90505,
0xffe90505,
0xffe90505,
0xffe90505,
0xffe90505,
0xffe90505,
0xffe90505,
0xffe90505,
0xffe90505,
0xffe90505,
0xffe90505,
0xffe90505,
0xffe90505,
0xffe90505,
0xffe90505,
0xffe90505,
0xffe90505,
0xffe90505,
0xffe90505,
0xffe90505,
0xffe90505,
0xffe90505,
0xffe90505,
0xffe90505,
0xffe90505,
0xffe90505,
0xffe90505,
0xffe90505,
0xffe90505,
0xffe90505,
0xffe90505,
0xffe90505,
0xffe90505,
0xffe90505,
0xffe90505,
0xffe90505,
0xffe90505,
0xffe90505,
0xffe90505,
0xffe90505,
0xffe90505,
0xffe90505,
0xffe90505,
0xffe90505,
0xffe90505,
0xffe90505,
0xffe90505,
0xffe90505,
0xffe90505,
0xffe90505,
0xffe90505,
0xffe90505,
0xffe90505,
0xffe90505,
0xffe90505,
0xffe90505,
0xffe90505,
0xffe90505,
0xffe90505,
0xffe90505,
0xffe90505,
0xffe90505,
0xffe90505,
0xffe90505,
0xffe90505,
0xffe90505,
0xffe90505,
0xffe90505,
0xffe90505,
0xffe90505,
0xffe90505,
0xffe90505,
0xffe90505,
0xffe90505,
0xffe90505,
0xffe90505,
0xffe90505,
0xffe90505,
0xffe90505,
0xffe90505,
0xffe90505,
0xffe90505,
0xffe90505,
0xffe90505,
0xffe90505,
0xffe90505,
0xffe90505,
0xffe90505,
0xffe90505,
0xffe90505,
0xffe90505,
0xffe90505,
0xffe90505,
0xffe90505,
0xffe90505,
0xffe90505,
0xffe90505,
0xffe90505,
0xffe90505,
0xffe90505,
0xffe90505,
0xffe90505,
0xffe90505,
0xffe90505,
0xffe90505,
0xffe90505,
0xffe90505,
0xffe90505,
0xffe90505,
0xffe90505,
0xffe90505,
0xffe90505,
0xffe90505,
0xffe90505,
0xffe90505,
0xffe90505,
0xffe90505,
0xffe90505,
0xffe90505,
0xffe90505,
0xffe90505,
0xffe90505,
0xffe90505,
0xffe90505,
0xffe90505,
0xffe90505,
0xffe90505,
0xffe90505,
0xffe90505,
0xffe90505,
0xffe90505,
0xffe90505,
0xffe90505,
0xffe90505,
0xffe90505,
0xffe90505,
0xffe90505,
0xffe90505,
0xffe90505,
0xffe90505,
0xffe90505,
0xffe90505,
0xffe90505,
0xffe90505,
0xffe90505,
0xffe90505,
0xffe90505,
0xffe90505,
0xffe90505,
0xffe90505,
0xffe90505,
0xffe90505,
0xffe90505,
0xffe90505,
0xffe90505,
0xffe90505,
0xffe90505,
0xffe90505,
0xffe90505,
0xffe90505,
0xffe90505,
0xffe90505,
0xffe90505,
0xffe90505,
0xffe90505,
0xffe90505,
0xffe90505,
0xffe90505,
0xffe90505,
0xffe90505,
0xffe90505,
0xffe90505,
0xffe90505,
0xffe90505,
0xffe90505,
0xffe90505,
0xffe90505,
0xffe90505,
0xffe90505,
0xffe90505,
0xffe90505,
0xffe90505,
0xffe90505,
0xffe90505,
0xffe90505,
0xffe90505,
0xffe90505,
0xffe90505,
0xffe90505,
0xffe90505,
0xffe90505,
0xffe90505,
0xffe90505,
0xffe90505,
0xffe90505,
0xffe90505,
0xffe90505,
0xffe90505,
0xffe90505,
0xffe90505,
0xffe90505,
0xffe90505,
0xffe90505,
0xffe90505,
0xffe90505,
0xffe90505,
0xffe90505,
0xffe90505,
0xffe90505,
0xffe90505,
0xffe90505,
0xffe90505,
0xffe90505,
0xffe90505,
0xffe90505,
0xffe90505,
0xffe90505,
0xffe90505,
0xffe90505,
0xffe90505,
0xffe90505,
0xffe90505,
0xffe90505,
0xffe90505,
0xffe90505,
0xffe90505,
0xffe90505,
0xffe90505,
0xffe90505,
0xffe90505,
0xffe90505,
0xffe90505,
0xffe90505,
0xffe90505,
0xffe90505,
0xffe90505,
0xffe90505,
0xffe90505,
0xffe90505,
0xffe90505,
0xffe90505,
0xffe90505,
0xffe90505,
0xffe90505,
0xffe90505,
0xffe90505,
0xffe90505,
0xffe90505,
0xffe90505,
0xffe90505,
0xffe90505,
0xffe90505,
0xffe90505,
0xffe90505,
0xffe90505,
0xffe90505,
0xffe90505,
0xffe90505,
0xffe90505,
0xffe90505,
0xffe90505,
0xffe90505,
0xffe90505,
0xffe90505,
0xffe90505,
0xffe90505,
0xffe90505,
0xffe90505,
0xffe90505,
0xffe90505,
0xffe90505,
0xffe90505,
0xffe90505,
0xffe90505,
0xffe90505,
0xffe90505,
0xffe90505,
0xffe90505,
0xffe90505,
0xffe90505,
0xffe90505,
0xffe90505,
0xffe90505,
0xffe90505,
0xffe90505,
0xffe90505,
0xffe90505,
0xffe90505,
0xffe90505,
0xffe90505,
0xffe90505,
0xffe90505,
0xffe90505,
0xffe90505,
0xffe90505,
0xffe90505,
0xffe90505,
0xffe90505,
0xffe90505,
0xffe90505,
0xffe90505,
0xffe90505,
0xffe90505,
0xffe90505,
0xffe90505,
0xffe90505,
0xffe90505,
0xffe90505,
0xffe90505,
0xffe90505,
0xffe90505,
0xffe90505,
0xffe90505,
0xffe90505,
0xffe90505,
0xffe90505,
0xffe90505,
0xffe90505,
0xffe90505,
0xffe90505,
0xffe90505,
0xffe90505,
0xffe90505,
0xffe90505,
0xffe90505,
0xffe90505,
0xffe90505,
0xffe90505,
0xffe90505,
0xffe90505,
0xffe90505,
0xffe90505,
0xffe90505,
0xffe90505,
0xffe90505,
0xffe90505,
0xffe90505,
0xffe90505,
0xffe90505,
0xffe90505,
0xffe90505,
0xffe90505,
0xffe90505,
0xffe90505,
0xffe90505,
0xffe90505,
0xffe90505,
0xffe90505,
0xffe90505,
0xffe90505,
0xffe90505,
0xffe90505,
0xffe90505,
0xffe90505,
0xffe90505,
0xffe90505,
0xffe90505,
0xffe90505,
0xffe90505,
0xffe90505,
0xffe90505,
0xffe90505,
0xffe90505,
0xffe90505,
0xffe90505,
0xffe90505,
0xffe90505,
0xffe90505,
0xffe90505,
0xffe90505,
0xffe90505,
0xffe90505,
0xffe90505,
0xffe90505,
0xffe90505,
0xffe90505,
0xffe90505,
0xffe90505,
0xffe90505,
0xffe90505,
0xffe90505,
0xffe90505,
0xffe90505,
0xffe90505,
0xffe90505,
0xffe90505,
0xffe90505,
0xffe90505,
0xffe90505,
0xffe90505,
0xffe90505,
0xffe90505,
0xffe90505,
0xffe90505,
0xffe90505,
0xffe90505,
0xffe90505,
0xffe90505,
0xffe90505,
0xffe90505,
0xffe90505,
0xffe90505,
0xffe90505,
0xffe90505,
0xffe90505,
0xffe90505,
0xffe90505,
0xffe90505,
0xffe90505,
0xffe90505,
0xffe90505,
0xffe90505,
0xffe90505,
0xffe90505,
0xffe90505,
0xffe90505,
0xffe90505,
0xffe90505,
0xffe90505,
0xffe90505,
0xffe90505,
0xffe90505,
0xffe90505,
0xffe90505,
0xffe90505,
0xffe90505,
0xffe90505,
0xffe90505,
0xffe90505,
0xffe90505,
0xffe90505,
0xffe90505,
0xffe90505,
0xffe90505,
0xffe90505,
0xffe90505,
0xffe90505,
0xffe90505,
0xffe90505,
0xffe90505,
0xffe90505,
0xffe90505,
0xffe90505,
0xffe90505,
0xffe90505,
0xffe90505,
0xffe90505,
0xffe90505,
0xffe90505,
0xffe90505,
0xffe90505,
0xffe90505,
0xffe90505,
0xffe90505,
0xffe90505,
0xffe90505,
0xffe90505,
0xffe90505,
0xffe90505,
0xffe90505,
0xffe90505,
0xffe90505,
0xffe90505,
0xffe90505,
0xffe90505,
0xffe90505,
0xffe90505,
0xffe90505,
0xffe90505,
0xffe90505,
0xffe90505,
0xffe90505,
0xffe90505,
0xffe90505,
0xffe90505,
0xffe90505,
0xffe90505,
0xffe90505,
0xffe90505,
0xffe90505,
0xffe90505,
0xffe90505,
0xffe90505,
0xffe90505,
0xffe90505,
0xffe90505,
0xffe90505,
0xffe90505,
0xffe90505,
0xffe90505,
0xffe90505,
0xffe90505,
0xffe90505,
0xffe90505,
0xffe90505,
0xffe90505,
0xffe90505,
0xffe90505,
0xffe90505,
0xffe90505,
0xffe90505,
0xffe90505,
0xffe90505,
0xffe90505,
0xffe90505,
0xffe90505,
0xffe90505,
0xffe90505,
0xffe90505,
0xffe90505,
0xffe90505,
0xffe90505,
0xffe90505,
0xffe90505,
0xffe90505,
0xffe90505,
0xffe90505,
0xffe90505,
0xffe90505,
0xffe90505,
0xffe90505,
0xffe90505,
0xffe90505,
0xffe90505,
0xffe90505,
0xffe90505,
0xffe90505,
0xffe90505,
0xffe90505,
0xffe90505,
0xffe90505,
0xffe90505,
0xffe90505,
0xffe90505,
0xffe90505,
0xffe90505,
0xffe90505,
0xffe90505,
0xffe90505,
0xffe90505,
0xffe90505,
0xffe90505,
0xffe90505,
0xffe90505,
0xffe90505,
0xffe90505,
0xffe90505,
0xffe90505,
0xffe90505,
0xffe90505,
0xffe90505,
0xffe90505,
0xffe90505,
0xffe90505,
0xffe90505,
0xffe90505,
0xffe90505,
0xffe90505,
0xffe90505,
0xffe90505,
0xffe90505,
0xffe90505,
0xffe90505,
0xffe90505,
0xffe90505,
0xffe90505,
0xffe90505,
0xffe90505,
0xffe90505,
0xffe90505,
0xffe90505,
0xffe90505,
0xffe90505,
0xffe90505,
0xffe90505,
0xffe90505,
0xffe90505,
0xffe90505,
0xffe90505,
0xffe90505,
0xffe90505,
0xffe90505,
0xffe90505,
0xffe90505,
0xffe90505,
0xffe90505,
0xffe90505,
0xffe90505,
0xffe90505,
0xffe90505,
0xffe90505,
0xffe90505,
0xffe90505,
0xffe90505,
0xffe90505,
0xffe90505,
0xffe90505,
0xffe90505,
0xffe90505,
0xffe90505,
0xffe90505,
0xffe90505,
0xffe90505,
0xffe90505,
0xffe90505,
0xffe90505,
0xffe90505,
0xffe90505,
0xffe90505,
0xffe90505,
0xffe90505,
0xffe90505,
0xffe90505,
0xffe90505,
0xffe90505,
0xffe90505,
0xffe90505,
0xffe90505,
0xffe90505,
0xffe90505,
0xffe90505,
0xffe90505,
0xffe90505,
0xffe90505,
0xffe90505,
0xffe90505,
0xffe90505,
0xffe90505,
0xffe90505,
0xffe90505,
0xffe90505,
0xffe90505,
0xffe90505,
0xffe90505,
0xffe90505,
0xffe90505,
0xffe90505,
0xffe90505,
0xffe90505,
0xffe90505,
0xffe90505,
0xffe90505,
0xffe90505,
0xffe90505,
0xffe90505,
0xffe90505,
0xffe90505,
0xffe90505,
0xffe90505,
0xffe90505,
0xffe90505,
0xffe90505,
0xffe90505,
0xffe90505,
0xffe90505,
0xffe90505,
0xffe90505,
0xffe90505,
0xffe90505,
0xffe90505,
0xffe90505,
0xffe90505,
0xffe90505,
0xffe90505,
0xffe90505,
0xffe90505,
0xffe90505,
0xffe90505,
0xffe90505,
0xffe90505,
0xffe90505,
0xffe90505,
0xffe90505,
0xffe90505,
0xffe90505,
0xffe90505,
0xffe90505,
0xffe90505,
0xffe90505,
0xffe90505,
0xffe90505,
0xffe90505,
0xffe90505,
0xffe90505,
0xffe90505,
0xffe90505,
0xffe90505,
0xffe90505,
0xffe90505,
0xffe90505,
0xffe90505,
0xffe90505,
0xffe90505,
0xffe90505,
0xffe90505,
0xffe90505,
0xffe90505,
0xffe90505,
0xffe90505,
0xffe90505,
0xffe90505,
0xffe90505,
0xffe90505,
0xffe90505,
0xffe90505,
0xffe90505,
0xffe90505,
0xffe90505,
0xffe90505,
0xffe90505,
0xffe90505,
0xffe90505,
0xffe90505,
0xffe90505,
0xffe90505,
0xffe90505,
0xffe90505,
0xffe90505,
0xffe90505,
0xffe90505,
0xffe90505,
0xffe90505,
0xffe90505,
0xffe90505,
0xffe90505,
0xffe90505,
0xffe90505,
0xffe90505,
0xffe90505,
0xffe90505,
0xffe90505,
0xffe90505,
0xffe90505,
0xffe90505,
0xffe90505,
0xffe90505,
0xffe90505,
0xffe90505,
0xffe90505,
0xffe90505,
0xffe90505,
0xffe90505,
0xffe90505,
0xffe90505,
0xffe90505,
0xffe90505,
0xffe90505,
0xffe90505,
0xffe90505,
0xffe90505,
0xffe90505,
0xffe90505,
0xffe90505,
0xffe90505,
0xffe90505,
0xffe90505,
0xffe90505,
0xffe90505,
0xffe90505,
0xffe90505,
0xffe90505,
0xffe90505,
0xffe90505,
0xffe90505,
0xffe90505,
0xffe90505,
0xffe90505,
0xffe90505,
0xffe90505,
0xffe90505,
0xffe90505,
0xffe90505,
0xffe90505,
0xffe90505,
0xffe90505,
0xffe90505,
0xffe90505,
0xffe90505,
0xffe90505,
0xffe90505,
0xffe90505,
0xffe90505,
0xffe90505,
0xffe90505,
0xffe90505,
0xffe90505,
0xffe90505,
0xffe90505,
0xffe90505,
0xffe90505,
0xffe90505,
0xffe90505,
0xffe90505,
0xffe90505,
0xffe90505,
0xffe90505,
0xffe90505,
0xffe90505,
0xffe90505,
0xffe90505,
0xffe90505,
0xffe90505,
0xffe90505,
0xffe90505,
0xffe90505,
0xffe90505,
0xffe90505,
0xffe90505,
0xffe90505,
0xffe90505,
0xffe90505,
0xffe90505,
0xffe90505,
0xffe90505,
0xffe90505,
0xffe90505,
0xffe90505,
0xffe90505,
0xffe90505,
0xffe90505,
0xffe90505,
0xffe90505,
0xffe90505,
0xffe90505,
0xffe90505,
0xffe90505,
0xffe90505,
0xffe90505,
0xffe90505,
0xffe90505,
0xffe90505,
0xffe90505,
0xffe90505,
0xffe90505,
0xffe90505,
0xffe90505,
0xffe90505,
0xffe90505,
0xffe90505,
0xffe90505,
0xffe90505,
0xffe90505,
0xffe90505,
0xffe90505,
0xffe90505,
0xffe90505,
0xffe90505,
0xffe90505,
0xffe90505,
0xffe90505,
0xffe90505,
0xffe90505,
0xffe90505,
0xffe90505,
0xffe90505,
0xffe90505,
0xffe90505,
0xffe90505,
0xffe90505,
0xffe90505,
0xffe90505,
0xffe90505,
0xffe90505,
0xffe90505,
0xffe90505,
0xffe90505,
0xffe90505,
0xffe90505,
0xffe90505,
0xffe90505,
0xffe90505,
0xffe90505,
0xffe90505,
0xffe90505,
0xffe90505,
0xffe90505,
0xffe90505,
0xffe90505,
0xffe90505,
0xffe90505,
0xffe90505,
0xffe90505,
0xffe90505,
0xffe90505,
0xffe90505,
0xffe90505,
0xffe90505,
0xffe90505,
0xffe90505,
0xffe90505,
0xffe90505,
0xffe90505,
0xffe90505,
0xffe90505,
0xffe90505,
0xffe90505,
0xffe90505,
0xffe90505,
0xffe90505,
0xffe90505,
0xffe90505,
0xffe90505,
0xffe90505,
0xffe90505,
0xffe90505,
0xffe90505,
0xffe90505,
0xffe90505,
0xffe90505,
0xffe90505,
0xffe90505,
0xffe90505,
0xffe90505,
0xffe90505,
0xffe90505,
0xffe90505,
0xffe90505,
0xffe90505,
0xffe90505,
0xffe90505,
0xffe90505,
0xffe90505,
0xffe90505,
0xffe90505,
0xffe90505,
0xffe90505,
0xffe90505,
0xffe90505,
0xffe90505,
0xffe90505,
0xffe90505,
0xffe90505,
0xffe90505,
0xffe90505,
0xffe90505,
0xffe90505,
0xffe90505,
0xffe90505,
0xffe90505,
0xffe90505,
0xffe90505,
0xffe90505,
0xffe90505,
0xffe90505,
0xffe90505,
0xffe90505,
0xffe90505,
0xffe90505,
0xffe90505,
0xffe90505,
0xffe90505,
0xffe90505,
0xffe90505,
0xffe90505,
0xffe90505,
0xffe90505,
0xffe90505,
0xffe90505,
0xffe90505,
0xffe90505,
0xffe90505,
0xffe90505,
0xffe90505,
0xffe90505,
0xffe90505,
0xffe90505,
0xffe90505,
0xffe90505,
0xffe90505,
0xffe90505,
0xffe90505,
0xffe90505,
0xffe90505,
0xffe90505,
0xffe90505,
0xffe90505,
0xffe90505,
0xffe90505,
0xffe90505,
0xffe90505,
0xffe90505,
0xffe90505,
0xffe90505,
0xffe90505,
0xffe90505,
0xffe90505,
0xffe90505,
0xffe90505,
0xffe90505,
0xffe90505,
0xffe90505,
0xffe90505,
0xffe90505,
0xffe90505,
0xffe90505,
0xffe90505,
0xffe90505,
0xffe90505,
0xffe90505,
0xffe90505,
0xffe90505,
0xffe90505,
0xffe90505,
0xffe90505,
0xffe90505,
0xffe90505,
0xffe90505,
0xffe90505,
0xffe90505,
0xffe90505,
0xffe90505,
0xffe90505,
0xffe90505,
0xffe90505,
0xffe90505,
0xffe90505,
0xffe90505,
0xffe90505,
0xffe90505,
0xffe90505,
0xffe90505,
0xffe90505,
0xffe90505,
0xffe90505,
0xffe90505,
0xffe90505,
0xffe90505,
0xffe90505,
0xffe90505,
0xffe90505,
0xffe90505,
0xffe90505,
0xffe90505,
0xffe90505,
0xffe90505,
0xffe90505,
0xffe90505,
0xffe90505,
0xffe90505,
0xffe90505,
0xffe90505,
0xffe90505,
0xffe90505,
0xffe90505,
0xffe90505,
0xffe90505,
0xffe90505,
0xffe90505,
0xffe90505,
0xffe90505,
0xffe90505,
0xffe90505,
0xffe90505,
0xffe90505,
0xffe90505,
0xffe90505,
0xffe90505,
0xffe90505,
0xffe90505,
0xffe90505,
0xffe90505,
0xffe90505,
0xffe90505,
0xffe90505,
0xffe90505,
0xffe90505,
0xffe90505,
0xffe90505,
0xffe90505,
0xffe90505,
0xffe90505,
0xffe90505,
0xffe90505,
0xffe90505,
0xffe90505,
0xffe90505,
0xffe90505,
0xffe90505,
0xffe90505,
0xffe90505,
0xffe90505,
0xffe90505,
0xffe90505,
0xffe90505,
0xffe90505,
0xffe90505,
0xffe90505,
0xffe90505,
0xffe90505,
0xffe90505,
0xffe90505,
0xffe90505,
0xffe90505,
0xffe90505,
0xffe90505,
0xffe90505,
0xffe90505,
0xffe90505,
0xffe90505,
0xffe90505,
0xffe90505,
0xffe90505,
0xffe90505,
0xffe90505,
0xffe90505,
0xffe90505,
0xffe90505,
0xffe90505,
0xffe90505,
0xffe90505,
0xffe90505,
0xffe90505,
0xffe90505,
0xffe90505,
0xffe90505,
0xffe90505,
0xffe90505,
0xffe90505,
0xffe90505,
0xffe90505,
0xffe90505,
0xffe90505,
0xffe90505,
0xffe90505,
0xffe90505,
0xffe90505,
0xffe90505,
0xffe90505,
0xffe90505,
0xffe90505,
0xffe90505,
0xffe90505,
0xffe90505,
0xffe90505,
0xffe90505,
0xffe90505,
0xffe90505,
0xffe90505,
0xffe90505,
0xffe90505,
0xffe90505,
0xffe90505,
0xffe90505,
0xffe90505,
0xffe90505,
0xffe90505,
0xffe90505,
0xffe90505,
0xffe90505,
0xffe90505,
0xffe90505,
0xffe90505,
0xffe90505,
0xffe90505,
0xffe90505,
0xffe90505,
0xffe90505,
0xffe90505,
0xffe90505,
0xffe90505,
0xffe90505,
0xffe90505,
0xffe90505,
0xffe90505,
0xffe90505,
0xffe90505,
0xffe90505,
0xffe90505,
0xffe90505,
0xffe90505,
0xffe90505,
0xffe90505,
0xffe90505,
0xffe90505,
0xffe90505,
0xffe90505,
0xffe90505,
0xffe90505,
0xffe90505,
0xffe90505,
0xffe90505,
0xffe90505,
0xffe90505,
0xffe90505,
0xffe90505,
0xffe90505,
0xffe90505,
0xffe90505,
0xffe90505,
0xffe90505,
0xffe90505,
0xffe90505,
0xffe90505,
0xffe90505,
0xffe90505,
0xffe90505,
0xffe90505,
0xffe90505,
0xffe90505,
0xffe90505,
0xffe90505,
0xffe90505,
0xffe90505,
0xffe90505,
0xffe90505,
0xffe90505,
0xffe90505,
0xffe90505,
0xffe90505,
0xffe90505,
0xffe90505,
0xffe90505,
0xffe90505,
0xffe90505,
0xffe90505,
0xffe90505,
0xffe90505,
0xffe90505,
0xffe90505,
0xffe90505,
0xffe90505,
0xffe90505,
0xffe90505,
0xffe90505,
0xffe90505,
0xffe90505,
0xffe90505,
0xffe90505,
0xffe90505,
0xffe90505,
0xffe90505,
0xffe90505,
0xffe90505,
0xffe90505,
0xffe90505,
0xffe90505,
0xffe90505,
0xffe90505,
0xffe90505,
0xffe90505,
0xffe90505,
0xffe90505,
0xffe90505,
0xffe90505,
0xffe90505,
0xffe90505,
0xffe90505,
0xffe90505,
0xffe90505,
0xffe90505,
0xffe90505,
0xffe90505,
0xffe90505,
0xffe90505,
0xffe90505,
0xffe90505,
0xffe90505,
0xffe90505,
0xffe90505,
0xffe90505,
0xffe90505,
0xffe90505,
0xffe90505,
0xffe90505,
0xffe90505,
0xffe90505,
0xffe90505,
0xffe90505,
0xffe90505,
0xffe90505,
0xffe90505,
0xffe90505,
0xffe90505,
0xffe90505,
0xffe90505,
0xffe90505,
0xffe90505,
0xffe90505,
0xffe90505,
0xffe90505,
0xffe90505,
0xffe90505,
0xffe90505,
0xffe90505,
0xffe90505,
0xffe90505,
0xffe90505,
0xffe90505,
0xffe90505,
0xffe90505,
0xffe90505,
0xffe90505,
0xffe90505,
0xffe90505,
0xffe90505,
0xffe90505,
0xffe90505,
0xffe90505,
0xffe90505,
0xffe90505,
0xffe90505,
0xffe90505,
0xffe90505,
0xffe90505,
0xffe90505,
0xffe90505,
0xffe90505,
0xffe90505,
0xffe90505,
0xffe90505,
0xffe90505,
0xffe90505,
0xffe90505,
0xffe90505,
0xffe90505,
0xffe90505,
0xffe90505,
0xffe90505,
0xffe90505,
0xffe90505,
0xffe90505,
0xffe90505,
0xffe90505,
0xffe90505,
0xffe90505,
0xffe90505,
0xffe90505,
0xffe90505,
0xffe90505,
0xffe90505,
0xffe90505,
0xffe90505,
0xffe90505,
0xffe90505,
0xffe90505,
0xffe90505,
0xffe90505,
0xffe90505,
0xffe90505,
0xffe90505,
0xffe90505,
0xffe90505,
0xffe90505,
0xffe90505,
0xffe90505,
0xffe90505,
0xffe90505,
0xffe90505,
0xffe90505,
0xffe90505,
0xffe90505,
0xffe90505,
0xffe90505,
0xffe90505,
0xffe90505,
0xffe90505,
0xffe90505,
0xffe90505,
0xffe90505,
0xffe90505,
0xffe90505,
0xffe90505,
0xffe90505,
0xffe90505,
0xffe90505,
0xffe90505,
0xffe90505,
0xffe90505,
0xffe90505,
0xffe90505,
0xffe90505,
0xffe90505,
0xffe90505,
0xffe90505,
0xffe90505,
0xffe90505,
0xffe90505,
0xffe90505,
0xffe90505,
0xffe90505,
0xffe90505,
0xffe90505,
0xffe90505,
0xffe90505,
0xffe90505,
0xffe90505,
0xffe90505,
0xffe90505,
0xffe90505,
0xffe90505,
0xffe90505,
0xffe90505,
0xffe90505,
0xffe90505,
0xffe90505,
0xffe90505,
0xffe90505,
0xffe90505,
0xffe90505,
0xffe90505,
0xffe90505,
0xffe90505,
0xffe90505,
0xffe90505,
0xffe90505,
0xffe90505,
0xffe90505,
0xffe90505,
0xffe90505,
0xffe90505,
0xffe90505,
0xffe90505,
0xffe90505,
0xffe90505,
0xffe90505,
0xffe90505,
0xffe90505,
0xffe90505,
0xffe90505,
0xffe90505,
0xffe90505,
0xffe90505,
0xffe90505,
0xffe90505,
0xffe90505,
0xffe90505,
0xffe90505,
0xffe90505,
0xffe90505,
0xffe90505,
0xffe90505,
0xffe90505,
0xffe90505,
0xffe90505,
0xffe90505,
0xffe90505,
0xffe90505,
0xffe90505,
0xffe90505,
0xffe90505,
0xffe90505,
0xffe90505,
0xffe90505,
0xffe90505,
0xffe90505,
0xffe90505,
0xffe90505,
0xffe90505,
0xffe90505,
0xffe90505,
0xffe90505,
0xffe90505,
0xffe90505,
0xffe90505,
0xffe90505,
0xffe90505,
0xffe90505,
0xffe90505,
0xffe90505,
0xffe90505,
0xffe90505,
0xffe90505,
0xffe90505,
0xffe90505,
0xffe90505,
0xffe90505,
0xffe90505,
0xffe90505,
0xffe90505,
0xffe90505,
0xffe90505,
0xffe90505,
0xffe90505,
0xffe90505,
0xffe90505,
0xffe90505,
0xffe90505,
0xffe90505,
0xffe90505,
0xffe90505,
0xffe90505,
0xffe90505,
0xffe90505,
0xffe90505,
0xffe90505,
0xffe90505,
0xffe90505,
0xffe90505,
0xffe90505,
0xffe90505,
0xffe90505,
0xffe90505,
0xffe90505,
0xffe90505,
0xffe90505,
0xffe90505,
0xffe90505,
0xffe90505,
0xffe90505,
0xffe90505,
0xffe90505,
0xffe90505,
0xffe90505,
0xffe90505,
0xffe90505,
0xffe90505,
0xffe90505,
0xffe90505,
0xffe90505,
0xffe90505,
0xffe90505,
0xffe90505,
0xffe90505,
0xffe90505,
0xffe90505,
0xffe90505,
0xffe90505,
0xffe90505,
0xffe90505,
0xffe90505,
0xffe90505,
0xffe90505,
0xffe90505,
0xffe90505,
0xffe90505,
0xffe90505,
0xffe90505,
0xffe90505,
0xffe90505,
0xffe90505,
0xffe90505,
0xffe90505,
0xffe90505,
0xffe90505,
0xffe90505,
0xffe90505,
0xffe90505,
0xffe90505,
0xffe90505,
0xffe90505,
0xffe90505,
0xffe90505,
0xffe90505,
0xffe90505,
0xffe90505,
0xffe90505,
0xffe90505,
0xffe90505,
0xffe90505,
0xffe90505,
0xffe90505,
0xffe90505,
0xffe90505,
0xffe90505,
0xffe90505,
0xffe90505,
0xffe90505,
0xffe90505,
0xffe90505,
0xffe90505,
0xffe90505,
0xffe90505,
0xffe90505,
0xffe90505,
0xffe90505,
0xffe90505,
0xffe90505,
0xffe90505,
0xffe90505,
0xffe90505,
0xffe90505,
0xffe90505,
0xffe90505,
0xffe90505,
0xffe90505,
0xffe90505,
0xffe90505,
0xffe90505,
0xffe90505,
0xffe90505,
0xffe90505,
0xffe90505,
0xffe90505,
0xffe90505,
0xffe90505,
0xffe90505,
0xffe90505,
0xffe90505,
0xffe90505,
0xffe90505,
0xffe90505,
0xffe90505,
0xffe90505,
0xffe90505,
0xffe90505,
0xffe90505,
0xffe90505,
0xffe90505,
0xffe90505,
0xffe90505,
0xffe90505,
0xffe90505,
0xffe90505,
0xffe90505,
0xffe90505,
0xffe90505,
0xffe90505,
0xffe90505,
0xffe90505,
0xffe90505,
0xffe90505,
0xffe90505,
0xffe90505,
0xffe90505,
0xffe90505,
0xffe90505,
0xffe90505,
0xffe90505,
0xffe90505,
0xffe90505,
0xffe90505,
0xffe90505,
0xffe90505,
0xffe90505,
0xffe90505,
0xffe90505,
0xffe90505,
0xffe90505,
0xffe90505,
0xffe90505,
0xffe90505,
0xffe90505,
0xffe90505,
0xffe90505,
0xffe90505,
0xffe90505,
0xffe90505,
0xffe90505,
0xffe90505,
0xffe90505,
0xffe90505,
0xffe90505,
0xffe90505,
0xffe90505,
0xffe90505,
0xffe90505,
0xffe90505,
0xffe90505,
0xffe90505,
0xffe90505,
0xffe90505,
0xffe90505,
0xffe90505,
0xffe90505,
0xffe90505,
0xffe90505,
0xffe90505,
0xffe90505,
0xffe90505,
0xffe90505,
0xffe90505,
0xffe90505,
0xffe90505,
0xffe90505,
0xffe90505,
0xffe90505,
0xffe90505,
0xffe90505,
0xffe90505,
0xffe90505,
0xffe90505,
0xffe90505,
0xffe90505,
0xffe90505,
0xffe90505,
0xffe90505,
0xffe90505,
0xffe90505,
0xffe90505,
0xffe90505,
0xffe90505,
0xffe90505,
0xffe90505,
0xffe90505,
0xffe90505,
0xffe90505,
0xffe90505,
0xffe90505,
0xffe90505,
0xffe90505,
0xffe90505,
0xffe90505,
0xffe90505,
0xffe90505,
0xffe90505,
0xffe90505,
0xffe90505,
0xffe90505,
0xffe90505,
0xffe90505,
0xffe90505,
0xffe90505,
0xffe90505,
0xffe90505,
0xffe90505,
0xffe90505,
0xffe90505,
0xffe90505,
0xffe90505,
0xffe90505,
0xffe90505,
0xffe90505,
0xffe90505,
0xffe90505,
0xffe90505,
0xffe90505,
0xffe90505,
0xffe90505,
0xffe90505,
0xffe90505,
0xffe90505,
0xffe90505,
0xffe90505,
0xffe90505,
0xffe90505,
0xffe90505,
0xffe90505,
0xffe90505,
0xffe90505,
0xffe90505,
0xffe90505,
0xffe90505,
0xffe90505,
0xffe90505,
0xffe90505,
0xffe90505,
0xffe90505,
0xffe90505,
0xffe90505,
0xffe90505,
0xffe90505,
0xffe90505,
0xffe90505,
0xffe90505,
0xffe90505,
0xffe90505,
0xffe90505,
0xffe90505,
0xffe90505,
0xffe90505,
0xffe90505,
0xffe90505,
0xffe90505,
0xffe90505,
0xffe90505,
0xffe90505,
0xffe90505,
0xffe90505,
0xffe90505,
0xffe90505,
0xffe90505,
0xffe90505,
0xffe90505,
0xffe90505,
0xffe90505,
0xffe90505,
0xffe90505,
0xffe90505,
0xffe90505,
0xffe90505,
0xffe90505,
0xffe90505,
0xffe90505,
0xffe90505,
0xffe90505,
0xffe90505,
0xffe90505,
0xffe90505,
0xffe90505,
0xffe90505,
0xffe90505,
0xffe90505,
0xffe90505,
0xffe90505,
0xffe90505,
0xffe90505,
0xffe90505,
0xffe90505,
0xffe90505,
0xffe90505,
0xffe90505,
0xffe90505,
0xffe90505,
0xffe90505,
0xffe90505,
0xffe90505,
0xffe90505,
0xffe90505,
0xffe90505,
0xffe90505,
0xffe90505,
0xffe90505,
0xffe90505,
0xffe90505,
0xffe90505,
0xffe90505,
0xffe90505,
0xffe90505,
0xffe90505,
0xffe90505,
0xffe90505,
0xffe90505,
0xffe90505,
0xffe90505,
0xffe90505,
0xffe90505,
0xffe90505,
0xffe90505,
0xffe90505,
0xffe90505,
0xffe90505,
0xffe90505,
0xffe90505,
0xffe90505,
0xffe90505,
0xffe90505,
0xffe90505,
0xffe90505,
0xffe90505,
0xffe90505,
0xffe90505,
0xffe90505,
0xffe90505,
0xffe90505,
0xffe90505,
0xffe90505,
0xffe90505,
0xffe90505,
0xffe90505,
0xffe90505,
0xffe90505,
0xffe90505,
0xffe90505,
0xffe90505,
0xffe90505,
0xffe90505,
0xffe90505,
0xffe90505,
0xffe90505,
0xffe90505,
0xffe90505,
0xffe90505,
0xffe90505,
0xffe90505,
0xffe90505,
0xffe90505,
0xffe90505,
0xffe90505,
0xffe90505,
0xffe90505,
0xffe90505,
0xffe90505,
0xffe90505,
0xffe90505,
0xffe90505,
0xffe90505,
0xffe90505,
0xffe90505,
0xffe90505,
0xffe90505,
0xffe90505,
0xffe90505,
0xffe90505,
0xffe90505,
0xffe90505,
0xffe90505,
0xffe90505,
0xffe90505,
0xffe90505,
0xffe90505,
0xffe90505,
0xffe90505,
0xffe90505,
0xffe90505,
0xffe90505,
0xffe90505,
0xffe90505,
0xffe90505,
0xffe90505,
0xffe90505,
0xffe90505,
0xffe90505,
0xffe90505,
0xffe90505,
0xffe90505,
0xffe90505,
0xffe90505,
0xffe90505,
0xffe90505,
0xffe90505,
0xffe90505,
0xffe90505,
0xffe90505,
0xffe90505,
0xffe90505,
0xffe90505,
0xffe90505,
0xffe90505,
0xffe90505,
0xffe90505,
0xffe90505,
0xffe90505,
0xffe90505,
0xffe90505,
0xffe90505,
0xffe90505,
0xffe90505,
0xffe90505,
0xffe90505,
0xffe90505,
0xffe90505,
0xffe90505,
0xffe90505,
0xffe90505,
0xffe90505,
0xffe90505,
0xffe90505,
0xffe90505,
0xffe90505,
0xffe90505,
0xffe90505,
0xffe90505,
0xffe90505,
0xffe90505,
0xffe90505,
0xffe90505,
0xffe90505,
0xffe90505,
0xffe90505,
0xffe90505,
0xffe90505,
0xffe90505,
0xffe90505,
0xffe90505,
0xffe90505,
0xffe90505,
0xffe90505,
0xffe90505,
0xffe90505,
0xffe90505,
0xffe90505,
0xffe90505,
0xffe90505,
0xffe90505,
0xffe90505,
0xffe90505,
0xffe90505,
0xffe90505,
0xffe90505,
0xffe90505,
0xffe90505,
0xffe90505,
0xffe90505,
0xffe90505,
0xffe90505,
0xffe90505,
0xffe90505,
0xffe90505,
0xffe90505,
0xffe90505,
0xffe90505,
0xffe90505,
0xffe90505,
0xffe90505,
0xffe90505,
0xffe90505,
0xffe90505,
0xffe90505,
0xffe90505,
0xffe90505,
0xffe90505,
0xffe90505,
0xffe90505,
0xffe90505,
0xffe90505,
0xffe90505,
0xffe90505,
0xffe90505,
0xffe90505,
0xffe90505,
0xffe90505,
0xffe90505,
0xffe90505,
0xffe90505,
0xffe90505,
0xffe90505,
0xffe90505,
0xffe90505,
0xffe90505,
0xffe90505,
0xffe90505,
0xffe90505,
0xffe90505,
0xffe90505,
0xffe90505,
0xffe90505,
0xffe90505,
0xffe90505,
0xffe90505,
0xffe90505,
0xffe90505,
0xffe90505,
0xffe90505,
0xffe90505,
0xffe90505,
0xffe90505,
0xffe90505,
0xffe90505,
0xffe90505,
0xffe90505,
0xffe90505,
0xffe90505,
0xffe90505,
0xffe90505,
0xffe90505,
0xffe90505,
0xffe90505,
0xffe90505,
0xffe90505,
0xffe90505,
0xffe90505,
0xffe90505,
0xffe90505,
0xffe90505,
0xffe90505,
0xffe90505,
0xffe90505,
0xffe90505,
0xffe90505,
0xffe90505,
0xffe90505,
0xffe90505,
0xffe90505,
0xffe90505,
0xffe90505,
0xffe90505,
0xffe90505,
0xffe90505,
0xffe90505,
0xffe90505,
0xffe90505,
0xffe90505,
0xffe90505,
0xffe90505,
0xffe90505,
0xffe90505,
0xffe90505,
0xffe90505,
0xffe90505,
0xffe90505,
0xffe90505,
0xffe90505,
0xffe90505,
0xffe90505,
0xffe90505,
0xffe90505,
0xffe90505,
0xffe90505,
0xffe90505,
0xffe90505,
0xffe90505,
0xffe90505,
0xffe90505,
0xffe90505,
0xffe90505,
0xffe90505,
0xffe90505,
0xffe90505,
0xffe90505,
0xffe90505,
0xffe90505,
0xffe90505,
0xffe90505,
0xffe90505,
0xffe90505,
0xffe90505,
0xffe90505,
0xffe90505,
0xffe90505,
0xffe90505,
0xffe90505,
0xffe90505,
0xffe90505,
0xffe90505,
0xffe90505,
0xffe90505,
0xffe90505,
0xffe90505,
0xffe90505,
0xffe90505,
0xffe90505,
0xffe90505,
0xffe90505,
0xffe90505,
0xffe90505,
0xffe90505,
0xffe90505,
0xffe90505,
0xffe90505,
0xffe90505,
0xffe90505,
0xffe90505,
0xffe90505,
0xffe90505,
0xffe90505,
0xffe90505,
0xffe90505,
0xffe90505,
0xffe90505,
0xffe90505,
0xffe90505,
0xffe90505,
0xffe90505,
0xffe90505,
0xffe90505,
0xffe90505,
0xffe90505,
0xffe90505,
0xffe90505,
0xffe90505,
0xffe90505,
0xffe90505,
0xffe90505,
0xffe90505,
0xffe90505,
0xffe90505,
0xffe90505,
0xffe90505,
0xffe90505,
0xffe90505,
0xffe90505,
0xffe90505,
0xffe90505,
0xffe90505,
0xffe90505,
0xffe90505,
0xffe90505,
0xffe90505,
0xffe90505,
0xffe90505,
0xffe90505,
0xffe90505,
0xffe90505,
0xffe90505,
0xffe90505,
0xffe90505,
0xffe90505,
0xffe90505,
0xffe90505,
0xffe90505,
0xffe90505,
0xffe90505,
0xffe90505,
0xffe90505,
0xffe90505,
0xffe90505,
0xffe90505,
0xffe90505,
0xffe90505,
0xffe90505,
0xffe90505,
0xffe90505,
0xffe90505,
0xffe90505,
0xffe90505,
0xffe90505,
0xffe90505,
0xffe90505,
0xffe90505,
0xffe90505,
0xffe90505,
0xffe90505,
0xffe90505,
0xffe90505,
0xffe90505,
0xffe90505,
0xffe90505,
0xffe90505,
0xffe90505,
0xffe90505,
0xffe90505,
0xffe90505,
0xffe90505,
0xffe90505,
0xffe90505,
0xffe90505,
0xffe90505,
0xffe90505,
0xffe90505,
0xffe90505,
0xffe90505,
0xffe90505,
0xffe90505,
0xffe90505,
0xffe90505,
0xffe90505,
0xffe90505,
0xffe90505,
0xffe90505,
0xffe90505,
0xffe90505,
0xffe90505,
0xffe90505,
0xffe90505,
0xffe90505,
0xffe90505,
0xffe90505,
0xffe90505,
0xffe90505,
0xffe90505,
0xffe90505,
0xffe90505,
0xffe90505,
0xffe90505,
0xffe90505,
0xffe90505,
0xffe90505,
0xffe90505,
0xffe90505,
0xffe90505,
0xffe90505,
0xffe90505,
0xffe90505,
0xffe90505,
0xffe90505,
0xffe90505,
0xffe90505,
0xffe90505,
0xffe90505,
0xffe90505,
0xffe90505,
0xffe90505,
0xffe90505,
0xffe90505,
0xffe90505,
0xffe90505,
0xffe90505,
0xffe90505,
0xffe90505,
0xffe90505,
0xffe90505,
0xffe90505,
0xffe90505,
0xffe90505,
0xffe90505,
0xffe90505,
0xffe90505,
0xffe90505,
0xffe90505,
0xffe90505,
0xffe90505,
0xffe90505,
0xffe90505,
0xffe90505,
0xffe90505,
0xffe90505,
0xffe90505,
0xffe90505,
0xffe90505,
0xffe90505,
0xffe90505,
0xffe90505,
0xffe90505,
0xffe90505,
0xffe90505,
0xffe90505,
0xffe90505,
0xffe90505,
0xffe90505,
0xffe90505,
0xffe90505,
0xffe90505,
0xffe90505,
0xffe90505,
0xffe90505,
0xffe90505,
0xffe90505,
0xffe90505,
0xffe90505,
0xffe90505,
0xffe90505,
0xffe90505,
0xffe90505,
0xffe90505,
0xffe90505,
0xffe90505,
0xffe90505,
0xffe90505,
0xffe90505,
0xffe90505,
0xffe90505,
0xffe90505,
0xffe90505,
0xffe90505,
0xffe90505,
0xffe90505,
0xffe90505,
0xffe90505,
0xffe90505,
0xffe90505,
0xffe90505,
0xffe90505,
0xffe90505,
0xffe90505,
0xffe90505,
0xffe90505,
0xffe90505,
0xffe90505,
0xffe90505,
0xffe90505,
0xffe90505,
0xffe90505,
0xffe90505,
0xffe90505,
0xffe90505,
0xffe90505,
0xffe90505,
0xffe90505,
0xffe90505,
0xffe90505,
0xffe90505,
0xffe90505,
0xffe90505,
0xffe90505,
0xffe90505,
0xffe90505,
0xffe90505,
0xffe90505,
0xffe90505,
0xffe90505,
0xffe90505,
0xffe90505,
0xffe90505,
0xffe90505,
0xffe90505,
0xffe90505,
0xffe90505,
0xffe90505,
0xffe90505,
0xffe90505,
0xffe90505,
0xffe90505,
0xffe90505,
0xffe90505,
0xffe90505,
0xffe90505,
0xffe90505,
0xffe90505,
0xffe90505,
0xffe90505,
0xffe90505,
0xffe90505,
0xffe90505,
0xffe90505,
0xffe90505,
0xffe90505,
0xffe90505,
0xffe90505,
0xffe90505,
0xffe90505,
0xffe90505,
0xffe90505,
0xffe90505,
0xffe90505,
0xffe90505,
0xffe90505,
0xffe90505,
0xffe90505,
0xffe90505,
0xffe90505,
0xffe90505,
0xffe90505,
0xffe90505,
0xffe90505,
0xffe90505,
0xffe90505,
0xffe90505,
0xffe90505,
0xffe90505,
0xffe90505,
0xffe90505,
0xffe90505,
0xffe90505,
0xffe90505,
0xffe90505,
0xffe90505,
0xffe90505,
0xffe90505,
0xffe90505,
0xffe90505,
0xffe90505,
0xffe90505,
0xffe90505,
0xffe90505,
0xffe90505,
0xffe90505,
0xffe90505,
0xffe90505,
0xffe90505,
0xffe90505,
0xffe90505,
0xffe90505,
0xffe90505,
0xffe90505,
0xffe90505,
0xffe90505,
0xffe90505,
0xffe90505,
0xffe90505,
0xffe90505,
0xffe90505,
0xffe90505,
0xffe90505,
0xffe90505,
0xffe90505,
0xffe90505,
0xffe90505,
0xffe90505,
0xffe90505,
0xffe90505,
0xffe90505,
0xffe90505,
0xffe90505,
0xffe90505,
0xffe90505,
0xffe90505,
0xffe90505,
0xffe90505,
0xffe90505,
0xffe90505,
0xffe90505,
0xffe90505,
0xffe90505,
0xffe90505,
0xffe90505,
0xffe90505,
0xffe90505,
0xffe90505,
0xffe90505,
0xffe90505,
0xffe90505,
0xffe90505,
0xffe90505,
0xffe90505,
0xffe90505,
0xffe90505,
0xffe90505,
0xffe90505,
0xffe90505,
0xffe90505,
0xffe90505,
0xffe90505,
0xffe90505,
0xffe90505,
0xffe90505,
0xffe90505,
0xffe90505,
0xffe90505,
0xffe90505,
0xffe90505,
0xffe90505,
0xffe90505,
0xffe90505,
0xffe90505,
0xffe90505,
0xffe90505,
0xffe90505,
0xffe90505,
0xffe90505,
0xffe90505,
0xffe90505,
0xffe90505,
0xffe90505,
0xffe90505,
0xffe90505,
0xffe90505,
0xffe90505,
0xffe90505,
0xffe90505,
0xffe90505,
0xffe90505,
0xffe90505,
0xffe90505,
0xffe90505,
0xffe90505,
0xffe90505,
0xffe90505,
0xffe90505,
0xffe90505,
0xffe90505,
0xffe90505,
0xffe90505,
0xffe90505,
0xffe90505,
0xffe90505,
0xffe90505,
0xffe90505,
0xffe90505,
0xffe90505,
0xffe90505,
0xffe90505,
0xffe90505,
0xffe90505,
0xffe90505,
0xffe90505,
0xffe90505,
0xffe90505,
0xffe90505,
0xffe90505,
0xffe90505,
0xffe90505,
0xffe90505,
0xffe90505,
0xffe90505,
0xffe90505,
0xffe90505,
0xffe90505,
0xffe90505,
0xffe90505,
0xffe90505,
0xffe90505,
0xffe90505,
0xffe90505,
0xffe90505,
0xffeb2424,
0xffed3333,
0xffee4343,
0xffeb2424,
0xffe90505,
0xffe90505,
0xffe90505,
0xffe90505,
0xffe90505,
0xffe90505,
0xffe90505,
0xffe90505,
0xffe90505,
0xffe90505,
0xffe90505,
0xffe90505,
0xffe90505,
0xffe90505,
0xffe90505,
0xffe90505,
0xffe90505,
0xffe90505,
0xffe90505,
0xffe90505,
0xffe90505,
0xffe90505,
0xffe90505,
0xffe90505,
0xffe90505,
0xffe90505,
0xffe90505,
0xffe90505,
0xffe90505,
0xffe90505,
0xffe90505,
0xffe90505,
0xffe90505,
0xffe90505,
0xffe90505,
0xffe90505,
0xffe90505,
0xffe90505,
0xffe90505,
0xffe90505,
0xffe90505,
0xffe90505,
0xffe90505,
0xffe90505,
0xffe90505,
0xffe90505,
0xffe90505,
0xffe90505,
0xffe90505,
0xffe90505,
0xffe90505,
0xffe90505,
0xffe90505,
0xffe90505,
0xffe90505,
0xffe90505,
0xffe90505,
0xffe90505,
0xffe90505,
0xffe90505,
0xffe90505,
0xffe90505,
0xffe90505,
0xffe90505,
0xffe90505,
0xffe90505,
0xffe90505,
0xffe90505,
0xffe90505,
0xffe90505,
0xffe90505,
0xffe90505,
0xffe90505,
0xffe90505,
0xffe90505,
0xffe90505,
0xffe90505,
0xffe90505,
0xffe90505,
0xffe90505,
0xffe90505,
0xffe90505,
0xffe90505,
0xffe90505,
0xffe90505,
0xffe90505,
0xffe90505,
0xffe90505,
0xffe90505,
0xffe90505,
0xffe90505,
0xffe90505,
0xffe90505,
0xffe90505,
0xffe90505,
0xffe90505,
0xffe90505,
0xffe90505,
0xffe90505,
0xffe90505,
0xffe90505,
0xffe90505,
0xffe90505,
0xffe90505,
0xffe90505,
0xffe90505,
0xffe90505,
0xffe90505,
0xffe90505,
0xffe90505,
0xffe90505,
0xffe90505,
0xffe90505,
0xffe90505,
0xffe90505,
0xffe90505,
0xffe90505,
0xffe90505,
0xffe90505,
0xffe90505,
0xffe90505,
0xffe90505,
0xffe90505,
0xffe90505,
0xffe90505,
0xffe90505,
0xffe90505,
0xffe90505,
0xffe90505,
0xffe90505,
0xffe90505,
0xffe90505,
0xffe90505,
0xffe90505,
0xffe90505,
0xffe90505,
0xffe90505,
0xffe90505,
0xffe90505,
0xffe90505,
0xffe90505,
0xffe90505,
0xffe90505,
0xffe90505,
0xffe90505,
0xffe90505,
0xffe90505,
0xffe90505,
0xffe90505,
0xffe90505,
0xffe90505,
0xffe90505,
0xffe90505,
0xffe90505,
0xffe90505,
0xffe90505,
0xffe90505,
0xffe90505,
0xffe90505,
0xffe90505,
0xffe90505,
0xffe90505,
0xffe90505,
0xffe90505,
0xffe90505,
0xffe90505,
0xffe90505,
0xffe90505,
0xffe90505,
0xffe90505,
0xffe90505,
0xffe90505,
0xffe90505,
0xffe90505,
0xffe90505,
0xffe90505,
0xffe90505,
0xffe90505,
0xffe90505,
0xffe90505,
0xffe90505,
0xffe90505,
0xffe90505,
0xffe90505,
0xffe90505,
0xffe90505,
0xffe90505,
0xffe90505,
0xffe90505,
0xffe90505,
0xffe90505,
0xffe90505,
0xffe90505,
0xffe90505,
0xffe90505,
0xffe90505,
0xffe90505,
0xffe90505,
0xffe90505,
0xffe90505,
0xffe90505,
0xffe90505,
0xffe90505,
0xffe90505,
0xffe90505,
0xffe90505,
0xffe90505,
0xffe90505,
0xffe90505,
0xffe90505,
0xffe90505,
0xffe90505,
0xffe90505,
0xffe90505,
0xffe90505,
0xffe90505,
0xffe90505,
0xffe90505,
0xffe90505,
0xffe90505,
0xffe90505,
0xffe90505,
0xffe90505,
0xffe90505,
0xffe90505,
0xffe90505,
0xffe90505,
0xffe90505,
0xffe90505,
0xffe90505,
0xffe90505,
0xffe90505,
0xffe90505,
0xffee4343,
0xfff9c0c0,
0xfffeefef,
0xffffffff,
0xffffffff,
0xffffffff,
0xffffffff,
0xffffffff,
0xfff9c0c0,
0xfff16262,
0xffe90505,
0xffe90505,
0xffe90505,
0xffe90505,
0xffe90505,
0xffe90505,
0xffe90505,
0xffe90505,
0xffe90505,
0xffe90505,
0xffe90505,
0xffe90505,
0xffe90505,
0xffe90505,
0xffe90505,
0xffe90505,
0xffe90505,
0xffe90505,
0xffe90505,
0xffe90505,
0xffe90505,
0xffe90505,
0xffe90505,
0xffe90505,
0xffe90505,
0xffe90505,
0xffe90505,
0xffe90505,
0xffe90505,
0xffe90505,
0xffe90505,
0xffe90505,
0xffe90505,
0xffe90505,
0xffe90505,
0xffe90505,
0xffe90505,
0xffe90505,
0xffe90505,
0xffe90505,
0xffe90505,
0xffe90505,
0xffe90505,
0xffe90505,
0xffe90505,
0xffe90505,
0xffe90505,
0xffe90505,
0xffe90505,
0xffe90505,
0xffe90505,
0xffe90505,
0xffe90505,
0xffe90505,
0xffe90505,
0xffe90505,
0xffe90505,
0xffe90505,
0xffe90505,
0xffe90505,
0xffe90505,
0xffe90505,
0xffe90505,
0xfff9c0c0,
0xfffce0e0,
0xfffce0e0,
0xfffce0e0,
0xfffce0e0,
0xfff37272,
0xffe90505,
0xffe90505,
0xffe90505,
0xffe90505,
0xffe90505,
0xffe90505,
0xffe90505,
0xffe90505,
0xffe90505,
0xffe90505,
0xffe90505,
0xffe90505,
0xffe90505,
0xffe90505,
0xffe90505,
0xffe90505,
0xffe90505,
0xffe90505,
0xffe90505,
0xffe90505,
0xffe90505,
0xffe90505,
0xffe90505,
0xffe90505,
0xffe90505,
0xffe90505,
0xffe90505,
0xffe90505,
0xffe90505,
0xffe90505,
0xffe90505,
0xffe90505,
0xffe90505,
0xffe90505,
0xffe90505,
0xffe90505,
0xffe90505,
0xffe90505,
0xffe90505,
0xffe90505,
0xffe90505,
0xffe90505,
0xffe90505,
0xffe90505,
0xffe90505,
0xffe90505,
0xffe90505,
0xffe90505,
0xffe90505,
0xffe90505,
0xffe90505,
0xffe90505,
0xffe90505,
0xffe90505,
0xffe90505,
0xffe90505,
0xffe90505,
0xffe90505,
0xffe90505,
0xffe90505,
0xffe90505,
0xffe90505,
0xffe90505,
0xffe90505,
0xffe90505,
0xffe90505,
0xffe90505,
0xffe90505,
0xffe90505,
0xffe90505,
0xffe90505,
0xffe90505,
0xffe90505,
0xffe90505,
0xffe90505,
0xffe90505,
0xffe90505,
0xffe90505,
0xffe90505,
0xffe90505,
0xffe90505,
0xffe90505,
0xffe90505,
0xffe90505,
0xffe90505,
0xffe90505,
0xffe90505,
0xffe90505,
0xffe90505,
0xffe90505,
0xffe90505,
0xffe90505,
0xffe90505,
0xffe90505,
0xffe90505,
0xffe90505,
0xffe90505,
0xffe90505,
0xffe90505,
0xffe90505,
0xffe90505,
0xffe90505,
0xffe90505,
0xffe90505,
0xffe90505,
0xffe90505,
0xffe90505,
0xffe90505,
0xffe90505,
0xffe90505,
0xffe90505,
0xffe90505,
0xffe90505,
0xffe90505,
0xffe90505,
0xffe90505,
0xffe90505,
0xffe90505,
0xffe90505,
0xffe90505,
0xffe90505,
0xffe90505,
0xffe90505,
0xffe90505,
0xffe90505,
0xffe90505,
0xffe90505,
0xffe90505,
0xffe90505,
0xffe90505,
0xffe90505,
0xffe90505,
0xffe90505,
0xffe90505,
0xffe90505,
0xffe90505,
0xffe90505,
0xffe90505,
0xffe90505,
0xffe90505,
0xffe90505,
0xffe90505,
0xffe90505,
0xffe90505,
0xffe90505,
0xffe90505,
0xffe90505,
0xffe90505,
0xffe90505,
0xffe90505,
0xffe90505,
0xffe90505,
0xffe90505,
0xffe90505,
0xffe90505,
0xffe90505,
0xffe90505,
0xffe90505,
0xffe90505,
0xffeb2424,
0xfff9c0c0,
0xffffffff,
0xffffffff,
0xffffffff,
0xffffffff,
0xffffffff,
0xffffffff,
0xffffffff,
0xffffffff,
0xffffffff,
0xffffffff,
0xfffcdfdf,
0xffef5353,
0xffe90505,
0xffe90505,
0xffe90505,
0xffe90505,
0xffe90505,
0xffe90505,
0xffe90505,
0xffe90505,
0xffe90505,
0xffe90505,
0xffe90505,
0xffe90505,
0xffe90505,
0xffe90505,
0xffe90505,
0xffe90505,
0xffe90505,
0xffe90505,
0xffe90505,
0xffe90505,
0xffe90505,
0xffe90505,
0xffe90505,
0xffe90505,
0xffe90505,
0xffe90505,
0xffe90505,
0xffe90505,
0xffe90505,
0xffe90505,
0xffe90505,
0xffe90505,
0xffe90505,
0xffe90505,
0xffe90505,
0xffe90505,
0xffe90505,
0xffe90505,
0xffe90505,
0xffe90505,
0xffe90505,
0xffe90505,
0xffe90505,
0xffe90505,
0xffe90505,
0xffe90505,
0xffe90505,
0xffe90505,
0xffe90505,
0xffe90505,
0xffe90505,
0xffe90505,
0xffe90505,
0xffe90505,
0xffe90505,
0xffe90505,
0xffe90505,
0xffe90505,
0xffe90505,
0xffe90505,
0xffe90505,
0xfff9c0c0,
0xffffffff,
0xffffffff,
0xffffffff,
0xffffffff,
0xfff48282,
0xffe90505,
0xffe90505,
0xffe90505,
0xffe90505,
0xffe90505,
0xffe90505,
0xffe90505,
0xffe90505,
0xffe90505,
0xffe90505,
0xffe90505,
0xffe90505,
0xffe90505,
0xffe90505,
0xffe90505,
0xffe90505,
0xffe90505,
0xffe90505,
0xffe90505,
0xffe90505,
0xffe90505,
0xffe90505,
0xffe90505,
0xffe90505,
0xffe90505,
0xffe90505,
0xffe90505,
0xffe90505,
0xffe90505,
0xffe90505,
0xffe90505,
0xffe90505,
0xffe90505,
0xffe90505,
0xffe90505,
0xffe90505,
0xffe90505,
0xffe90505,
0xffe90505,
0xffe90505,
0xffe90505,
0xffe90505,
0xffe90505,
0xffe90505,
0xffe90505,
0xffe90505,
0xffe90505,
0xffe90505,
0xffe90505,
0xffe90505,
0xffe90505,
0xffe90505,
0xffe90505,
0xffe90505,
0xffe90505,
0xffe90505,
0xffe90505,
0xffe90505,
0xffe90505,
0xffe90505,
0xffe90505,
0xffe90505,
0xffe90505,
0xffe90505,
0xffe90505,
0xffe90505,
0xffe90505,
0xffe90505,
0xffe90505,
0xffe90505,
0xffe90505,
0xffe90505,
0xffe90505,
0xffe90505,
0xffe90505,
0xffe90505,
0xffe90505,
0xffe90505,
0xffe90505,
0xffe90505,
0xffe90505,
0xffe90505,
0xffe90505,
0xffe90505,
0xffe90505,
0xffe90505,
0xffe90505,
0xffe90505,
0xffe90505,
0xffe90505,
0xffe90505,
0xffe90505,
0xffe90505,
0xffe90505,
0xffe90505,
0xffe90505,
0xffe90505,
0xffe90505,
0xffe90505,
0xffe90505,
0xffe90505,
0xffe90505,
0xffe90505,
0xffe90505,
0xffe90505,
0xffe90505,
0xffe90505,
0xffe90505,
0xffe90505,
0xffe90505,
0xffe90505,
0xffe90505,
0xffe90505,
0xffe90505,
0xffe90505,
0xffe90505,
0xffe90505,
0xffe90505,
0xffe90505,
0xffe90505,
0xffe90505,
0xffe90505,
0xffe90505,
0xffe90505,
0xffe90505,
0xffe90505,
0xffe90505,
0xffe90505,
0xffe90505,
0xffe90505,
0xffe90505,
0xffe90505,
0xffe90505,
0xffe90505,
0xffe90505,
0xffe90505,
0xffe90505,
0xffe90505,
0xffe90505,
0xffe90505,
0xffe90505,
0xffe90505,
0xffe90505,
0xffe90505,
0xffe90505,
0xffe90505,
0xffe90505,
0xffe90505,
0xffe90505,
0xffe90505,
0xffe90505,
0xffe90505,
0xffe90505,
0xffe90505,
0xffe90505,
0xffe90505,
0xffe90505,
0xffe90505,
0xffed3333,
0xfffeefef,
0xffffffff,
0xffffffff,
0xffffffff,
0xffffffff,
0xffffffff,
0xffffffff,
0xffffffff,
0xffffffff,
0xffffffff,
0xffffffff,
0xffffffff,
0xffffffff,
0xffffffff,
0xfff27171,
0xffe90505,
0xffe90505,
0xffe90505,
0xffe90505,
0xffe90505,
0xffe90505,
0xffe90505,
0xffe90505,
0xffe90505,
0xffe90505,
0xffe90505,
0xffe90505,
0xffe90505,
0xffe90505,
0xffe90505,
0xffe90505,
0xffe90505,
0xffe90505,
0xffe90505,
0xffe90505,
0xffe90505,
0xffe90505,
0xffe90505,
0xffe90505,
0xffe90505,
0xffe90505,
0xffe90505,
0xffe90505,
0xffe90505,
0xffe90505,
0xffe90505,
0xffe90505,
0xffe90505,
0xffe90505,
0xffe90505,
0xffe90505,
0xffe90505,
0xffe90505,
0xffe90505,
0xffe90505,
0xffe90505,
0xffe90505,
0xffe90505,
0xffe90505,
0xffe90505,
0xffe90505,
0xffe90505,
0xffe90505,
0xffe90505,
0xffe90505,
0xffe90505,
0xffe90505,
0xffe90505,
0xffe90505,
0xffe90505,
0xffe90505,
0xffe90505,
0xffe90505,
0xffe90505,
0xffe90505,
0xfff9c0c0,
0xffffffff,
0xffffffff,
0xffffffff,
0xffffffff,
0xfff27272,
0xffe90505,
0xffe90505,
0xffe90505,
0xffe90505,
0xffe90505,
0xffe90505,
0xffe90505,
0xffe90505,
0xffe90505,
0xffe90505,
0xffe90505,
0xffe90505,
0xffe90505,
0xffe90505,
0xffe90505,
0xffe90505,
0xffe90505,
0xffe90505,
0xffe90505,
0xffe90505,
0xffe90505,
0xffe90505,
0xffe90505,
0xffe90505,
0xffe90505,
0xffe90505,
0xffe90505,
0xffe90505,
0xffe90505,
0xffe90505,
0xffe90505,
0xffe90505,
0xffe90505,
0xffe90505,
0xffe90505,
0xffe90505,
0xffe90505,
0xffe90505,
0xffe90505,
0xffe90505,
0xffe90505,
0xffe90505,
0xffe90505,
0xffe90505,
0xffe90505,
0xffe90505,
0xffe90505,
0xffe90505,
0xffe90505,
0xffe90505,
0xffe90505,
0xffe90505,
0xffe90505,
0xffe90505,
0xffe90505,
0xffe90505,
0xffe90505,
0xffe90505,
0xffe90505,
0xffe90505,
0xffe90505,
0xffe90505,
0xffe90505,
0xffe90505,
0xffe90505,
0xffe90505,
0xffe90505,
0xffe90505,
0xffe90505,
0xffe90505,
0xffe90505,
0xffe90505,
0xffe90505,
0xffe90505,
0xffe90505,
0xffe90505,
0xffe90505,
0xffe90505,
0xffe90505,
0xffe90505,
0xffe90505,
0xffe90505,
0xffe90505,
0xffe90505,
0xffe90505,
0xffe90505,
0xffe90505,
0xffe90505,
0xffe90505,
0xffe90505,
0xffe90505,
0xffe90505,
0xffe90505,
0xffe90505,
0xffe90505,
0xffe90505,
0xffe90505,
0xffe90505,
0xffe90505,
0xffe90505,
0xffe90505,
0xffe90505,
0xffe90505,
0xffe90505,
0xffe90505,
0xffe90505,
0xffe90505,
0xffe90505,
0xffe90505,
0xffe90505,
0xffe90505,
0xffe90505,
0xffe90505,
0xffe90505,
0xffe90505,
0xffe90505,
0xffe90505,
0xffe90505,
0xffe90505,
0xffe90505,
0xffe90505,
0xffe90505,
0xffe90505,
0xffe90505,
0xffe90505,
0xffe90505,
0xffe90505,
0xffe90505,
0xffe90505,
0xffe90505,
0xffe90505,
0xffe90505,
0xffe90505,
0xffe90505,
0xffe90505,
0xffe90505,
0xffe90505,
0xffe90505,
0xffe90505,
0xffe90505,
0xffe90505,
0xffe90505,
0xffe90505,
0xffe90505,
0xffe90505,
0xffe90505,
0xffe90505,
0xffe90505,
0xffe90505,
0xffe90505,
0xffe90505,
0xffe90505,
0xffe90505,
0xffe90505,
0xffe90505,
0xffe90505,
0xffe90505,
0xffeb2424,
0xfffce0e0,
0xffffffff,
0xffffffff,
0xffffffff,
0xffffffff,
0xffffffff,
0xffffffff,
0xfffde0e0,
0xfffde0e0,
0xffffffff,
0xffffffff,
0xffffffff,
0xffffffff,
0xffffffff,
0xffffffff,
0xffffffff,
0xffee4343,
0xffe90505,
0xffe90505,
0xffe90505,
0xffe90505,
0xffe90505,
0xffe90505,
0xffe90505,
0xffe90505,
0xffe90505,
0xffe90505,
0xffe90505,
0xffe90505,
0xffe90505,
0xffe90505,
0xffe90505,
0xffe90505,
0xffe90505,
0xffe90505,
0xffe90505,
0xffe90505,
0xffe90505,
0xffe90505,
0xffe90505,
0xffe90505,
0xffe90505,
0xffe90505,
0xffe90505,
0xffe90505,
0xffe90505,
0xffe90505,
0xffe90505,
0xffe90505,
0xffe90505,
0xffe90505,
0xffe90505,
0xffe90505,
0xffe90505,
0xffe90505,
0xffe90505,
0xffe90505,
0xffe90505,
0xffe90505,
0xffe90505,
0xffe90505,
0xffe90505,
0xffe90505,
0xffe90505,
0xffe90505,
0xffe90505,
0xffe90505,
0xffe90505,
0xffe90505,
0xffe90505,
0xffe90505,
0xffe90505,
0xffe90505,
0xffe90505,
0xffe90505,
0xffe90505,
0xfff8b1b1,
0xffffffff,
0xffffffff,
0xffffffff,
0xffffffff,
0xfff16363,
0xffe90505,
0xffe90505,
0xffe90505,
0xffe90505,
0xffe90505,
0xffe90505,
0xffe90505,
0xffe90505,
0xffe90505,
0xffe90505,
0xffe90505,
0xffe90505,
0xffe90505,
0xffe90505,
0xffe90505,
0xffe90505,
0xffe90505,
0xffe90505,
0xffe90505,
0xffe90505,
0xffe90505,
0xffe90505,
0xffe90505,
0xffe90505,
0xffe90505,
0xffe90505,
0xffe90505,
0xffe90505,
0xffe90505,
0xffe90505,
0xffe90505,
0xffe90505,
0xffe90505,
0xffe90505,
0xffe90505,
0xffe90505,
0xffe90505,
0xffe90505,
0xffe90505,
0xffe90505,
0xffe90505,
0xffe90505,
0xffe90505,
0xffe90505,
0xffe90505,
0xffe90505,
0xffe90505,
0xffe90505,
0xffe90505,
0xffe90505,
0xffe90505,
0xffe90505,
0xffe90505,
0xffe90505,
0xffe90505,
0xffe90505,
0xffe90505,
0xffe90505,
0xffe90505,
0xffe90505,
0xffe90505,
0xffe90505,
0xffe90505,
0xffe90505,
0xffe90505,
0xffe90505,
0xffe90505,
0xffe90505,
0xffe90505,
0xffe90505,
0xffe90505,
0xffe90505,
0xffe90505,
0xffe90505,
0xffe90505,
0xffe90505,
0xffe90505,
0xffe90505,
0xffe90505,
0xffe90505,
0xffe90505,
0xffe90505,
0xffe90505,
0xffe90505,
0xffe90505,
0xffe90505,
0xffe90505,
0xffe90505,
0xffe90505,
0xffe90505,
0xffe90505,
0xffe90505,
0xffe90505,
0xffe90505,
0xffe90505,
0xffe90505,
0xffe90505,
0xffe90505,
0xffe90505,
0xffe90505,
0xffe90505,
0xffe90505,
0xffe90505,
0xffe90505,
0xffe90505,
0xffe90505,
0xffe90505,
0xffe90505,
0xffe90505,
0xffe90505,
0xffe90505,
0xffe90505,
0xffe90505,
0xffe90505,
0xffe90505,
0xffe90505,
0xffe90505,
0xffe90505,
0xffe90505,
0xffe90505,
0xffe90505,
0xffe90505,
0xffe90505,
0xffe90505,
0xffe90505,
0xffe90505,
0xffe90505,
0xffe90505,
0xffe90505,
0xffe90505,
0xffe90505,
0xffe90505,
0xffe90505,
0xffe90505,
0xffe90505,
0xffe90505,
0xffe90505,
0xffe90505,
0xffe90505,
0xffe90505,
0xffe90505,
0xffe90505,
0xffe90505,
0xffe90505,
0xffe90505,
0xffe90505,
0xffe90505,
0xffe90505,
0xffe90505,
0xffe90505,
0xffe90505,
0xffe90505,
0xffe90505,
0xffe90505,
0xffe90505,
0xffe90505,
0xffe90505,
0xfff6a1a1,
0xffffffff,
0xffffffff,
0xffffffff,
0xffffffff,
0xffffffff,
0xfff59292,
0xffea1515,
0xffe90505,
0xffe90505,
0xffe90505,
0xfff16363,
0xfffeefef,
0xffffffff,
0xffffffff,
0xffffffff,
0xffffffff,
0xfff9c0c0,
0xffe90505,
0xffe90505,
0xffe90505,
0xffe90505,
0xffe90505,
0xffe90505,
0xffe90505,
0xffe90505,
0xffe90505,
0xffe90505,
0xffe90505,
0xffe90505,
0xffe90505,
0xffe90505,
0xffe90505,
0xffe90505,
0xffe90505,
0xffe90505,
0xffe90505,
0xffe90505,
0xffe90505,
0xffe90505,
0xffe90505,
0xffe90505,
0xffe90505,
0xffe90505,
0xffe90505,
0xffe90505,
0xffe90505,
0xffe90505,
0xffe90505,
0xffe90505,
0xffe90505,
0xffe90505,
0xffe90505,
0xffe90505,
0xffe90505,
0xffe90505,
0xffe90505,
0xffe90505,
0xffe90505,
0xffe90505,
0xffe90505,
0xffe90505,
0xffe90505,
0xffe90505,
0xffe90505,
0xffe90505,
0xffe90505,
0xffe90505,
0xffe90505,
0xffe90505,
0xffe90505,
0xffe90505,
0xffe90505,
0xffe90505,
0xffe90505,
0xffe90505,
0xffe90505,
0xfff7a1a1,
0xffffffff,
0xffffffff,
0xffffffff,
0xffffffff,
0xfff05353,
0xffe90505,
0xffe90505,
0xffe90505,
0xffe90505,
0xffe90505,
0xffe90505,
0xffe90505,
0xffe90505,
0xffe90505,
0xffe90505,
0xffe90505,
0xffe90505,
0xffe90505,
0xffe90505,
0xffe90505,
0xffe90505,
0xffe90505,
0xffe90505,
0xffe90505,
0xffe90505,
0xffe90505,
0xffe90505,
0xffe90505,
0xffe90505,
0xffe90505,
0xffe90505,
0xffe90505,
0xffe90505,
0xffe90505,
0xffe90505,
0xffe90505,
0xffe90505,
0xffe90505,
0xffe90505,
0xffe90505,
0xffe90505,
0xffe90505,
0xffe90505,
0xffe90505,
0xffe90505,
0xffe90505,
0xffe90505,
0xffe90505,
0xffe90505,
0xffe90505,
0xffe90505,
0xffe90505,
0xffe90505,
0xffe90505,
0xffe90505,
0xffe90505,
0xffe90505,
0xffe90505,
0xffe90505,
0xffe90505,
0xffe90505,
0xffe90505,
0xffe90505,
0xffe90505,
0xffe90505,
0xffe90505,
0xffe90505,
0xffe90505,
0xffe90505,
0xffe90505,
0xffe90505,
0xffe90505,
0xffe90505,
0xffe90505,
0xffe90505,
0xffe90505,
0xffe90505,
0xffe90505,
0xffe90505,
0xffe90505,
0xffe90505,
0xffe90505,
0xffe90505,
0xffe90505,
0xffe90505,
0xffe90505,
0xffe90505,
0xffe90505,
0xffe90505,
0xffe90505,
0xffe90505,
0xffe90505,
0xffe90505,
0xffe90505,
0xffe90505,
0xffe90505,
0xffe90505,
0xffe90505,
0xffe90505,
0xffe90505,
0xffe90505,
0xffe90505,
0xffe90505,
0xffe90505,
0xffe90505,
0xffe90505,
0xffe90505,
0xffe90505,
0xffe90505,
0xffe90505,
0xffe90505,
0xffe90505,
0xffe90505,
0xffe90505,
0xffe90505,
0xffe90505,
0xffe90505,
0xffe90505,
0xffe90505,
0xffe90505,
0xffe90505,
0xffe90505,
0xffe90505,
0xffe90505,
0xffe90505,
0xffe90505,
0xffe90505,
0xffe90505,
0xffe90505,
0xffe90505,
0xffe90505,
0xffe90505,
0xffe90505,
0xffe90505,
0xffe90505,
0xffe90505,
0xffe90505,
0xffe90505,
0xffe90505,
0xffe90505,
0xffe90505,
0xffe90505,
0xffe90505,
0xffe90505,
0xffe90505,
0xffe90505,
0xffe90505,
0xffe90505,
0xffe90505,
0xffe90505,
0xffe90505,
0xffe90505,
0xffe90505,
0xffe90505,
0xffe90505,
0xffe90505,
0xffe90505,
0xffe90505,
0xffe90505,
0xffe90505,
0xffe90505,
0xffeb2424,
0xffffffff,
0xffffffff,
0xffffffff,
0xffffffff,
0xffffffff,
0xfff27272,
0xffe90505,
0xffe90505,
0xffe90505,
0xffe90505,
0xffe90505,
0xffe90505,
0xffed3333,
0xffffffff,
0xffffffff,
0xffffffff,
0xffffffff,
0xffffffff,
0xffee4343,
0xffe90505,
0xffe90505,
0xffe90505,
0xffe90505,
0xffe90505,
0xffe90505,
0xffe90505,
0xffe90505,
0xffee4343,
0xfff59292,
0xfff8b0b0,
0xfff9c0c0,
0xfff9c0c0,
0xfff8b0b0,
0xfff16262,
0xffea1515,
0xffe90505,
0xffe90505,
0xffe90505,
0xffe90505,
0xffe90505,
0xffe90505,
0xffe90505,
0xffea1515,
0xfff48282,
0xfff48282,
0xfff48282,
0xfff27272,
0xffe90505,
0xffe90505,
0xffeb2424,
0xfff38181,
0xfff9c0c0,
0xfff9c0c0,
0xfff8b0b0,
0xffef5353,
0xffe90505,
0xffe90505,
0xffe90505,
0xffe90505,
0xffe90505,
0xffe90505,
0xffe90505,
0xffe90505,
0xffe90505,
0xffee4343,
0xfff59292,
0xfff8b0b0,
0xfff9c0c0,
0xfff9c0c0,
0xfff9c0c0,
0xfff59292,
0xffee4343,
0xffe90505,
0xffe90505,
0xffe90505,
0xffe90505,
0xffe90505,
0xfff7a1a1,
0xffffffff,
0xffffffff,
0xffffffff,
0xffffffff,
0xffef4444,
0xffe90505,
0xffe90505,
0xffe90505,
0xffe90505,
0xffe90505,
0xffe90505,
0xffe90505,
0xffe90505,
0xffe90505,
0xffe90505,
0xffe90505,
0xffe90505,
0xffe90505,
0xffe90505,
0xffe90505,
0xffe90505,
0xffe90505,
0xffe90505,
0xffe90505,
0xffe90505,
0xffe90505,
0xffe90505,
0xffe90505,
0xffe90505,
0xffe90505,
0xffe90505,
0xffe90505,
0xffe90505,
0xffe90505,
0xffe90505,
0xffe90505,
0xffe90505,
0xffe90505,
0xffe90505,
0xffe90505,
0xffe90505,
0xffe90505,
0xffe90505,
0xffe90505,
0xffe90505,
0xffe90505,
0xffe90505,
0xffe90505,
0xffe90505,
0xffe90505,
0xffe90505,
0xffe90505,
0xffe90505,
0xffe90505,
0xffe90505,
0xffe90505,
0xffe90505,
0xffe90505,
0xffe90505,
0xffe90505,
0xffe90505,
0xffe90505,
0xffe90505,
0xffe90505,
0xffe90505,
0xffe90505,
0xffe90505,
0xffe90505,
0xffe90505,
0xffe90505,
0xffe90505,
0xffe90505,
0xffe90505,
0xffe90505,
0xffe90505,
0xffe90505,
0xffe90505,
0xffe90505,
0xffe90505,
0xffe90505,
0xffe90505,
0xffe90505,
0xffe90505,
0xffe90505,
0xffe90505,
0xffe90505,
0xffe90505,
0xffe90505,
0xffe90505,
0xffe90505,
0xffe90505,
0xffe90505,
0xffe90505,
0xffe90505,
0xffe90505,
0xffe90505,
0xffe90505,
0xffe90505,
0xffe90505,
0xffe90505,
0xffe90505,
0xffe90505,
0xffe90505,
0xffe90505,
0xffe90505,
0xffe90505,
0xffe90505,
0xffe90505,
0xffe90505,
0xffe90505,
0xffe90505,
0xffe90505,
0xffe90505,
0xffe90505,
0xffe90505,
0xffe90505,
0xffe90505,
0xffe90505,
0xffe90505,
0xffe90505,
0xffe90505,
0xffe90505,
0xffe90505,
0xffe90505,
0xffe90505,
0xffe90505,
0xffe90505,
0xffe90505,
0xffe90505,
0xffe90505,
0xffe90505,
0xffe90505,
0xffe90505,
0xffe90505,
0xffe90505,
0xffe90505,
0xffe90505,
0xffe90505,
0xffe90505,
0xffe90505,
0xffe90505,
0xffe90505,
0xffe90505,
0xffe90505,
0xffe90505,
0xffe90505,
0xffe90505,
0xffe90505,
0xffe90505,
0xffe90505,
0xffe90505,
0xffe90505,
0xffe90505,
0xffe90505,
0xffe90505,
0xffe90505,
0xffe90505,
0xffe90505,
0xffe90505,
0xffe90505,
0xffe90505,
0xfff37272,
0xffffffff,
0xffffffff,
0xffffffff,
0xffffffff,
0xfffac1c1,
0xffe90505,
0xffe90505,
0xffe90505,
0xffe90505,
0xffe90505,
0xffe90505,
0xffe90505,
0xffe90505,
0xfff48282,
0xffffffff,
0xffffffff,
0xffffffff,
0xffffffff,
0xfff7a1a1,
0xffe90505,
0xffe90505,
0xffe90505,
0xffe90505,
0xffe90505,
0xffe90505,
0xffeb2424,
0xfff9c0c0,
0xffffffff,
0xffffffff,
0xffffffff,
0xffffffff,
0xffffffff,
0xffffffff,
0xffffffff,
0xfffcdfdf,
0xfff16262,
0xffe90505,
0xffe90505,
0xffe90505,
0xffe90505,
0xffe90505,
0xffe90505,
0xffec2424,
0xffffffff,
0xffffffff,
0xffffffff,
0xffffffff,
0xffea1515,
0xfff06262,
0xfffeefef,
0xffffffff,
0xffffffff,
0xffffffff,
0xffffffff,
0xffffffff,
0xfff59191,
0xffe90505,
0xffe90505,
0xffe90505,
0xffe90505,
0xffe90505,
0xffe90505,
0xffeb2424,
0xfff9c0c0,
0xffffffff,
0xffffffff,
0xffffffff,
0xffffffff,
0xffffffff,
0xffffffff,
0xffffffff,
0xffffffff,
0xfffcdfdf,
0xfff27171,
0xffe90505,
0xffe90505,
0xffe90505,
0xfff48282,
0xffffffff,
0xffffffff,
0xffffffff,
0xffffffff,
0xffef4444,
0xffe90505,
0xffe90505,
0xffe90505,
0xffe90505,
0xffe90505,
0xffe90505,
0xffe90505,
0xffe90505,
0xffe90505,
0xffe90505,
0xffe90505,
0xffe90505,
0xffe90505,
0xffe90505,
0xffe90505,
0xffe90505,
0xffe90505,
0xffe90505,
0xffe90505,
0xffe90505,
0xffe90505,
0xffe90505,
0xffe90505,
0xffe90505,
0xffe90505,
0xffe90505,
0xffe90505,
0xffe90505,
0xffe90505,
0xffe90505,
0xffe90505,
0xffe90505,
0xffe90505,
0xffe90505,
0xffe90505,
0xffe90505,
0xffe90505,
0xffe90505,
0xffe90505,
0xffe90505,
0xffe90505,
0xffe90505,
0xffe90505,
0xffe90505,
0xffe90505,
0xffe90505,
0xffe90505,
0xffe90505,
0xffe90505,
0xffe90505,
0xffe90505,
0xffe90505,
0xffe90505,
0xffe90505,
0xffe90505,
0xffe90505,
0xffe90505,
0xffe90505,
0xffe90505,
0xffe90505,
0xffe90505,
0xffe90505,
0xffe90505,
0xffe90505,
0xffe90505,
0xffe90505,
0xffe90505,
0xffe90505,
0xffe90505,
0xffe90505,
0xffe90505,
0xffe90505,
0xffe90505,
0xffe90505,
0xffe90505,
0xffe90505,
0xffe90505,
0xffe90505,
0xffe90505,
0xffe90505,
0xffe90505,
0xffe90505,
0xffe90505,
0xffe90505,
0xffe90505,
0xffe90505,
0xffe90505,
0xffe90505,
0xffe90505,
0xffe90505,
0xffe90505,
0xffe90505,
0xffe90505,
0xffe90505,
0xffe90505,
0xffe90505,
0xffe90505,
0xffe90505,
0xffe90505,
0xffe90505,
0xffe90505,
0xffe90505,
0xffe90505,
0xffe90505,
0xffe90505,
0xffe90505,
0xffe90505,
0xffe90505,
0xffe90505,
0xffe90505,
0xffe90505,
0xffe90505,
0xffe90505,
0xffe90505,
0xffe90505,
0xffe90505,
0xffe90505,
0xffe90505,
0xffe90505,
0xffe90505,
0xffe90505,
0xffe90505,
0xffe90505,
0xffe90505,
0xffe90505,
0xffe90505,
0xffe90505,
0xffe90505,
0xffe90505,
0xffe90505,
0xffe90505,
0xffe90505,
0xffe90505,
0xffe90505,
0xffe90505,
0xffe90505,
0xffe90505,
0xffe90505,
0xffe90505,
0xffe90505,
0xffe90505,
0xffe90505,
0xffe90505,
0xffe90505,
0xffe90505,
0xffe90505,
0xffe90505,
0xffe90505,
0xffe90505,
0xffe90505,
0xffe90505,
0xffe90505,
0xffe90505,
0xffe90505,
0xffe90505,
0xffe90505,
0xfff9c0c0,
0xffffffff,
0xffffffff,
0xffffffff,
0xffffffff,
0xfff16262,
0xffe90505,
0xffe90505,
0xffe90505,
0xffe90505,
0xffe90505,
0xffe90505,
0xffe90505,
0xffe90505,
0xffee4343,
0xffffffff,
0xffffffff,
0xffffffff,
0xffffffff,
0xfffdefef,
0xffe90505,
0xffe90505,
0xffe90505,
0xffe90505,
0xffe90505,
0xffeb2424,
0xfffce0e0,
0xffffffff,
0xffffffff,
0xffffffff,
0xffffffff,
0xffffffff,
0xffffffff,
0xffffffff,
0xffffffff,
0xffffffff,
0xffffffff,
0xfff38181,
0xffe90505,
0xffe90505,
0xffe90505,
0xffe90505,
0xffe90505,
0xffec2424,
0xffffffff,
0xffffffff,
0xffffffff,
0xffffffff,
0xfff59191,
0xffffffff,
0xffffffff,
0xffffffff,
0xffffffff,
0xffffffff,
0xffffffff,
0xffffffff,
0xffffffff,
0xfff59191,
0xffe90505,
0xffe90505,
0xffe90505,
0xffe90505,
0xffe90505,
0xfffce0e0,
0xffffffff,
0xffffffff,
0xffffffff,
0xffffffff,
0xffffffff,
0xffffffff,
0xffffffff,
0xffffffff,
0xffffffff,
0xffffffff,
0xfff16262,
0xffe90505,
0xffe90505,
0xffe90505,
0xfff48282,
0xffffffff,
0xffffffff,
0xffffffff,
0xffffffff,
0xffec2424,
0xffe90505,
0xffe90505,
0xffe90505,
0xffe90505,
0xffe90505,
0xffe90505,
0xffe90505,
0xffe90505,
0xffe90505,
0xffe90505,
0xffe90505,
0xffe90505,
0xffe90505,
0xffe90505,
0xffe90505,
0xffe90505,
0xffe90505,
0xffe90505,
0xffe90505,
0xffe90505,
0xffe90505,
0xffe90505,
0xffe90505,
0xffe90505,
0xffe90505,
0xffe90505,
0xffe90505,
0xffe90505,
0xffe90505,
0xffe90505,
0xffe90505,
0xffe90505,
0xffe90505,
0xffe90505,
0xffe90505,
0xffe90505,
0xffe90505,
0xffe90505,
0xffe90505,
0xffe90505,
0xffe90505,
0xffe90505,
0xffe90505,
0xffe90505,
0xffe90505,
0xffe90505,
0xffe90505,
0xffe90505,
0xffe90505,
0xffe90505,
0xffe90505,
0xffe90505,
0xffe90505,
0xffe90505,
0xffe90505,
0xffe90505,
0xffe90505,
0xffe90505,
0xffe90505,
0xffe90505,
0xffe90505,
0xffe90505,
0xffe90505,
0xffe90505,
0xffe90505,
0xffe90505,
0xffe90505,
0xffe90505,
0xffe90505,
0xffe90505,
0xffe90505,
0xffe90505,
0xffe90505,
0xffe90505,
0xffe90505,
0xffe90505,
0xffe90505,
0xffe90505,
0xffe90505,
0xffe90505,
0xffe90505,
0xffe90505,
0xffe90505,
0xffe90505,
0xffe90505,
0xffe90505,
0xffe90505,
0xffe90505,
0xffe90505,
0xffe90505,
0xffe90505,
0xffe90505,
0xffe90505,
0xffe90505,
0xffe90505,
0xffe90505,
0xffe90505,
0xffe90505,
0xffe90505,
0xffe90505,
0xffe90505,
0xffe90505,
0xffe90505,
0xffe90505,
0xffe90505,
0xffe90505,
0xffe90505,
0xffe90505,
0xffe90505,
0xffe90505,
0xffe90505,
0xffe90505,
0xffe90505,
0xffe90505,
0xffe90505,
0xffe90505,
0xffe90505,
0xffe90505,
0xffe90505,
0xffe90505,
0xffe90505,
0xffe90505,
0xffe90505,
0xffe90505,
0xffe90505,
0xffe90505,
0xffe90505,
0xffe90505,
0xffe90505,
0xffe90505,
0xffe90505,
0xffe90505,
0xffe90505,
0xffe90505,
0xffe90505,
0xffe90505,
0xffe90505,
0xffe90505,
0xffe90505,
0xffe90505,
0xffe90505,
0xffe90505,
0xffe90505,
0xffe90505,
0xffe90505,
0xffe90505,
0xffe90505,
0xffe90505,
0xffe90505,
0xffe90505,
0xffe90505,
0xffe90505,
0xffe90505,
0xffe90505,
0xffe90505,
0xffe90505,
0xfffeefef,
0xffffffff,
0xffffffff,
0xffffffff,
0xffffffff,
0xffec2424,
0xffe90505,
0xffe90505,
0xffe90505,
0xffe90505,
0xffe90505,
0xffe90505,
0xffe90505,
0xffe90505,
0xffe90505,
0xfffeefef,
0xffffffff,
0xffffffff,
0xffffffff,
0xffffffff,
0xffec2424,
0xffe90505,
0xffe90505,
0xffe90505,
0xffe90505,
0xfffce0e0,
0xffffffff,
0xffffffff,
0xffffffff,
0xffffffff,
0xffffffff,
0xffffffff,
0xffffffff,
0xffffffff,
0xffffffff,
0xffffffff,
0xffffffff,
0xffffffff,
0xffee4343,
0xffe90505,
0xffe90505,
0xffe90505,
0xffe90505,
0xffec2424,
0xffffffff,
0xffffffff,
0xffffffff,
0xffffffff,
0xffffffff,
0xffffffff,
0xffffffff,
0xffffffff,
0xffffffff,
0xffffffff,
0xffffffff,
0xffffffff,
0xffffffff,
0xffffffff,
0xffeb2424,
0xffe90505,
0xffe90505,
0xffe90505,
0xfff16363,
0xffffffff,
0xffffffff,
0xffffffff,
0xffffffff,
0xfffeefef,
0xfffbd1d1,
0xfffac1c1,
0xfffeefef,
0xffffffff,
0xffffffff,
0xfffdefef,
0xffec2424,
0xffe90505,
0xffe90505,
0xffe90505,
0xfff16363,
0xffffffff,
0xffffffff,
0xffffffff,
0xffffffff,
0xffec2424,
0xffe90505,
0xffe90505,
0xffe90505,
0xffe90505,
0xffe90505,
0xffe90505,
0xffe90505,
0xffe90505,
0xffe90505,
0xffe90505,
0xffe90505,
0xffe90505,
0xffe90505,
0xffe90505,
0xffe90505,
0xffe90505,
0xffe90505,
0xffe90505,
0xffe90505,
0xffe90505,
0xffe90505,
0xffe90505,
0xffe90505,
0xffe90505,
0xffe90505,
0xffe90505,
0xffe90505,
0xffe90505,
0xffe90505,
0xffe90505,
0xffe90505,
0xffe90505,
0xffe90505,
0xffe90505,
0xffe90505,
0xffe90505,
0xffe90505,
0xffe90505,
0xffe90505,
0xffe90505,
0xffe90505,
0xffe90505,
0xffe90505,
0xffe90505,
0xffe90505,
0xffe90505,
0xffe90505,
0xffe90505,
0xffe90505,
0xffe90505,
0xffe90505,
0xffe90505,
0xffe90505,
0xffe90505,
0xffe90505,
0xffe90505,
0xffe90505,
0xffe90505,
0xffe90505,
0xffe90505,
0xffe90505,
0xffe90505,
0xffe90505,
0xffe90505,
0xffe90505,
0xffe90505,
0xffe90505,
0xffe90505,
0xffe90505,
0xffe90505,
0xffe90505,
0xffe90505,
0xffe90505,
0xffe90505,
0xffe90505,
0xffe90505,
0xffe90505,
0xffe90505,
0xffe90505,
0xffe90505,
0xffe90505,
0xffe90505,
0xffe90505,
0xffe90505,
0xffe90505,
0xffe90505,
0xffe90505,
0xffe90505,
0xffe90505,
0xffe90505,
0xffe90505,
0xffe90505,
0xffe90505,
0xffe90505,
0xffe90505,
0xffe90505,
0xffe90505,
0xffe90505,
0xffe90505,
0xffe90505,
0xffe90505,
0xffe90505,
0xffe90505,
0xffe90505,
0xffe90505,
0xffe90505,
0xffe90505,
0xffe90505,
0xffe90505,
0xffe90505,
0xffe90505,
0xffe90505,
0xffe90505,
0xffe90505,
0xffe90505,
0xffe90505,
0xffe90505,
0xffe90505,
0xffe90505,
0xffe90505,
0xffe90505,
0xffe90505,
0xffe90505,
0xffe90505,
0xffe90505,
0xffe90505,
0xffe90505,
0xffe90505,
0xffe90505,
0xffe90505,
0xffe90505,
0xffe90505,
0xffe90505,
0xffe90505,
0xffe90505,
0xffe90505,
0xffe90505,
0xffe90505,
0xffe90505,
0xffe90505,
0xffe90505,
0xffe90505,
0xffe90505,
0xffe90505,
0xffe90505,
0xffe90505,
0xffe90505,
0xffe90505,
0xffe90505,
0xffe90505,
0xffe90505,
0xffe90505,
0xffe90505,
0xffe90505,
0xffe90505,
0xffea1515,
0xffffffff,
0xffffffff,
0xffffffff,
0xffffffff,
0xffffffff,
0xffe90505,
0xffe90505,
0xffe90505,
0xffe90505,
0xffe90505,
0xffe90505,
0xffe90505,
0xffe90505,
0xffe90505,
0xffe90505,
0xfffbd0d0,
0xffffffff,
0xffffffff,
0xffffffff,
0xffffffff,
0xffef4444,
0xffe90505,
0xffe90505,
0xffe90505,
0xfff16363,
0xffffffff,
0xffffffff,
0xffffffff,
0xffffffff,
0xfffcdfdf,
0xffef4444,
0xffea1515,
0xffed3434,
0xfff59292,
0xffffffff,
0xffffffff,
0xffffffff,
0xffffffff,
0xfff9c0c0,
0xffe90505,
0xffe90505,
0xffe90505,
0xffe90505,
0xffec2424,
0xffffffff,
0xffffffff,
0xffffffff,
0xffffffff,
0xffffffff,
0xfffcdfdf,
0xffef4444,
0xffe90505,
0xffed3434,
0xfffce0e0,
0xffffffff,
0xffffffff,
0xffffffff,
0xffffffff,
0xfff48282,
0xffe90505,
0xffe90505,
0xffe90505,
0xfff59292,
0xffffffff,
0xffffffff,
0xffffffff,
0xffffffff,
0xffed3333,
0xffe90505,
0xffe90505,
0xffe90505,
0xffef4444,
0xfff7a1a1,
0xfff7a1a1,
0xffe90505,
0xffe90505,
0xffe90505,
0xffe90505,
0xfff16363,
0xffffffff,
0xffffffff,
0xffffffff,
0xffffffff,
0xffea1515,
0xffe90505,
0xffe90505,
0xffe90505,
0xffe90505,
0xffe90505,
0xffe90505,
0xffe90505,
0xffe90505,
0xffe90505,
0xffe90505,
0xffe90505,
0xffe90505,
0xffe90505,
0xffe90505,
0xffe90505,
0xffe90505,
0xffe90505,
0xffe90505,
0xffe90505,
0xffe90505,
0xffe90505,
0xffe90505,
0xffe90505,
0xffe90505,
0xffe90505,
0xffe90505,
0xffe90505,
0xffe90505,
0xffe90505,
0xffe90505,
0xffe90505,
0xffe90505,
0xffe90505,
0xffe90505,
0xffe90505,
0xffe90505,
0xffe90505,
0xffe90505,
0xffe90505,
0xffe90505,
0xffe90505,
0xffe90505,
0xffe90505,
0xffe90505,
0xffe90505,
0xffe90505,
0xffe90505,
0xffe90505,
0xffe90505,
0xffe90505,
0xffe90505,
0xffe90505,
0xffe90505,
0xffe90505,
0xffe90505,
0xffe90505,
0xffe90505,
0xffe90505,
0xffe90505,
0xffe90505,
0xffe90505,
0xffe90505,
0xffe90505,
0xffe90505,
0xffe90505,
0xffe90505,
0xffe90505,
0xffe90505,
0xffe90505,
0xffe90505,
0xffe90505,
0xffe90505,
0xffe90505,
0xffe90505,
0xffe90505,
0xffe90505,
0xffe90505,
0xffe90505,
0xffe90505,
0xffe90505,
0xffe90505,
0xffe90505,
0xffe90505,
0xffe90505,
0xffe90505,
0xffe90505,
0xffe90505,
0xffe90505,
0xffe90505,
0xffe90505,
0xffe90505,
0xffe90505,
0xffe90505,
0xffe90505,
0xffe90505,
0xffe90505,
0xffe90505,
0xffe90505,
0xffe90505,
0xffe90505,
0xffe90505,
0xffe90505,
0xffe90505,
0xffe90505,
0xffe90505,
0xffe90505,
0xffe90505,
0xffe90505,
0xffe90505,
0xffe90505,
0xffe90505,
0xffe90505,
0xffe90505,
0xffe90505,
0xffe90505,
0xffe90505,
0xffe90505,
0xffe90505,
0xffe90505,
0xffe90505,
0xffe90505,
0xffe90505,
0xffe90505,
0xffe90505,
0xffe90505,
0xffe90505,
0xffe90505,
0xffe90505,
0xffe90505,
0xffe90505,
0xffe90505,
0xffe90505,
0xffe90505,
0xffe90505,
0xffe90505,
0xffe90505,
0xffe90505,
0xffe90505,
0xffe90505,
0xffe90505,
0xffe90505,
0xffe90505,
0xffe90505,
0xffe90505,
0xffe90505,
0xffe90505,
0xffe90505,
0xffe90505,
0xffe90505,
0xffe90505,
0xffe90505,
0xffe90505,
0xffe90505,
0xffe90505,
0xffe90505,
0xffec2424,
0xffffffff,
0xffffffff,
0xffffffff,
0xffffffff,
0xfffce0e0,
0xffe90505,
0xffe90505,
0xffe90505,
0xffe90505,
0xffe90505,
0xffe90505,
0xffe90505,
0xffe90505,
0xffe90505,
0xffe90505,
0xfff8b1b1,
0xffffffff,
0xffffffff,
0xffffffff,
0xffffffff,
0xfff16363,
0xffe90505,
0xffe90505,
0xffe90505,
0xfff9c0c0,
0xffffffff,
0xffffffff,
0xffffffff,
0xffffffff,
0xfff16262,
0xffe90505,
0xffe90505,
0xffe90505,
0xffe90505,
0xfff9c0c0,
0xffffffff,
0xffffffff,
0xffffffff,
0xffffffff,
0xffee4343,
0xffe90505,
0xffe90505,
0xffe90505,
0xffec2424,
0xffffffff,
0xffffffff,
0xffffffff,
0xffffffff,
0xffffffff,
0xffec2424,
0xffe90505,
0xffe90505,
0xffe90505,
0xffee4343,
0xffffffff,
0xffffffff,
0xffffffff,
0xffffffff,
0xfffce0e0,
0xffe90505,
0xffe90505,
0xffe90505,
0xfff7a1a1,
0xffffffff,
0xffffffff,
0xffffffff,
0xffffffff,
0xffee4343,
0xffe90505,
0xffe90505,
0xffe90505,
0xffe90505,
0xffe90505,
0xffe90505,
0xffe90505,
0xffe90505,
0xffe90505,
0xffe90505,
0xfff16363,
0xffffffff,
0xffffffff,
0xffffffff,
0xffffffff,
0xffe90505,
0xffe90505,
0xffe90505,
0xffe90505,
0xffe90505,
0xffe90505,
0xffe90505,
0xffe90505,
0xffe90505,
0xffe90505,
0xffe90505,
0xffe90505,
0xffe90505,
0xffe90505,
0xffe90505,
0xffe90505,
0xffe90505,
0xffe90505,
0xffe90505,
0xffe90505,
0xffe90505,
0xffe90505,
0xffe90505,
0xffe90505,
0xffe90505,
0xffe90505,
0xffe90505,
0xffe90505,
0xffe90505,
0xffe90505,
0xffe90505,
0xffe90505,
0xffe90505,
0xffe90505,
0xffe90505,
0xffe90505,
0xffe90505,
0xffe90505,
0xffe90505,
0xffe90505,
0xffe90505,
0xffe90505,
0xffe90505,
0xffe90505,
0xffe90505,
0xffe90505,
0xffe90505,
0xffe90505,
0xffe90505,
0xffe90505,
0xffe90505,
0xffe90505,
0xffe90505,
0xffe90505,
0xffe90505,
0xffe90505,
0xffe90505,
0xffe90505,
0xffe90505,
0xffe90505,
0xffe90505,
0xffe90505,
0xffe90505,
0xffe90505,
0xffe90505,
0xffe90505,
0xffe90505,
0xffe90505,
0xffe90505,
0xffe90505,
0xffe90505,
0xffe90505,
0xffe90505,
0xffe90505,
0xffe90505,
0xffe90505,
0xffe90505,
0xffe90505,
0xffe90505,
0xffe90505,
0xffe90505,
0xffe90505,
0xffe90505,
0xffe90505,
0xffe90505,
0xffe90505,
0xffe90505,
0xffe90505,
0xffe90505,
0xffe90505,
0xffe90505,
0xffe90505,
0xffe90505,
0xffe90505,
0xffe90505,
0xffe90505,
0xffe90505,
0xffe90505,
0xffe90505,
0xffe90505,
0xffe90505,
0xffe90505,
0xffe90505,
0xffe90505,
0xffe90505,
0xffe90505,
0xffe90505,
0xffe90505,
0xffe90505,
0xffe90505,
0xffe90505,
0xffe90505,
0xffe90505,
0xffe90505,
0xffe90505,
0xffe90505,
0xffe90505,
0xffe90505,
0xffe90505,
0xffe90505,
0xffe90505,
0xffe90505,
0xffe90505,
0xffe90505,
0xffe90505,
0xffe90505,
0xffe90505,
0xffe90505,
0xffe90505,
0xffe90505,
0xffe90505,
0xffe90505,
0xffe90505,
0xffe90505,
0xffe90505,
0xffe90505,
0xffe90505,
0xffe90505,
0xffe90505,
0xffe90505,
0xffe90505,
0xffe90505,
0xffe90505,
0xffe90505,
0xffe90505,
0xffe90505,
0xffe90505,
0xffe90505,
0xffe90505,
0xffe90505,
0xffe90505,
0xffe90505,
0xffe90505,
0xffe90505,
0xffe90505,
0xffe90505,
0xffec2424,
0xffffffff,
0xffffffff,
0xffffffff,
0xffffffff,
0xfffce0e0,
0xffe90505,
0xffe90505,
0xffe90505,
0xffe90505,
0xffe90505,
0xffe90505,
0xffe90505,
0xffe90505,
0xffe90505,
0xffe90505,
0xfff7a1a1,
0xffffffff,
0xffffffff,
0xffffffff,
0xffffffff,
0xfff16363,
0xffe90505,
0xffe90505,
0xffe90505,
0xfffeefef,
0xffffffff,
0xffffffff,
0xffffffff,
0xfffdefef,
0xffe90505,
0xffe90505,
0xffe90505,
0xffe90505,
0xffe90505,
0xfff37272,
0xffffffff,
0xffffffff,
0xffffffff,
0xffffffff,
0xfff27272,
0xffe90505,
0xffe90505,
0xffe90505,
0xffec2424,
0xffffffff,
0xffffffff,
0xffffffff,
0xffffffff,
0xfffbd0d0,
0xffe90505,
0xffe90505,
0xffe90505,
0xffe90505,
0xffe90505,
0xfffeefef,
0xffffffff,
0xffffffff,
0xffffffff,
0xffffffff,
0xffea1515,
0xffe90505,
0xffe90505,
0xfff37272,
0xffffffff,
0xffffffff,
0xffffffff,
0xffffffff,
0xfffcdfdf,
0xfff16262,
0xffe90505,
0xffe90505,
0xffe90505,
0xffe90505,
0xffe90505,
0xffe90505,
0xffe90505,
0xffe90505,
0xffe90505,
0xffee4343,
0xffffffff,
0xffffffff,
0xffffffff,
0xffffffff,
0xffe90505,
0xffe90505,
0xffe90505,
0xffe90505,
0xffe90505,
0xffe90505,
0xffe90505,
0xffe90505,
0xffe90505,
0xffe90505,
0xffe90505,
0xffe90505,
0xffe90505,
0xffe90505,
0xffe90505,
0xffe90505,
0xffe90505,
0xffe90505,
0xffe90505,
0xffe90505,
0xffe90505,
0xffe90505,
0xffe90505,
0xffe90505,
0xffe90505,
0xffe90505,
0xffe90505,
0xffe90505,
0xffe90505,
0xffe90505,
0xffe90505,
0xffe90505,
0xffe90505,
0xffe90505,
0xffe90505,
0xffe90505,
0xffe90505,
0xffe90505,
0xffe90505,
0xffe90505,
0xffe90505,
0xffe90505,
0xffe90505,
0xffe90505,
0xffe90505,
0xffe90505,
0xffe90505,
0xffe90505,
0xffe90505,
0xffe90505,
0xffe90505,
0xffe90505,
0xffe90505,
0xffe90505,
0xffe90505,
0xffe90505,
0xffe90505,
0xffe90505,
0xffe90505,
0xffe90505,
0xffe90505,
0xffe90505,
0xffe90505,
0xffe90505,
0xffe90505,
0xffe90505,
0xffe90505,
0xffe90505,
0xffe90505,
0xffe90505,
0xffe90505,
0xffe90505,
0xffe90505,
0xffe90505,
0xffe90505,
0xffe90505,
0xffe90505,
0xffe90505,
0xffe90505,
0xffe90505,
0xffe90505,
0xffe90505,
0xffe90505,
0xffe90505,
0xffe90505,
0xffe90505,
0xffe90505,
0xffe90505,
0xffe90505,
0xffe90505,
0xffe90505,
0xffe90505,
0xffe90505,
0xffe90505,
0xffe90505,
0xffe90505,
0xffe90505,
0xffe90505,
0xffe90505,
0xffe90505,
0xffe90505,
0xffe90505,
0xffe90505,
0xffe90505,
0xffe90505,
0xffe90505,
0xffe90505,
0xffe90505,
0xffe90505,
0xffe90505,
0xffe90505,
0xffe90505,
0xffe90505,
0xffe90505,
0xffe90505,
0xffe90505,
0xffe90505,
0xffe90505,
0xffe90505,
0xffe90505,
0xffe90505,
0xffe90505,
0xffe90505,
0xffe90505,
0xffe90505,
0xffe90505,
0xffe90505,
0xffe90505,
0xffe90505,
0xffe90505,
0xffe90505,
0xffe90505,
0xffe90505,
0xffe90505,
0xffe90505,
0xffe90505,
0xffe90505,
0xffe90505,
0xffe90505,
0xffe90505,
0xffe90505,
0xffe90505,
0xffe90505,
0xffe90505,
0xffe90505,
0xffe90505,
0xffe90505,
0xffe90505,
0xffe90505,
0xffe90505,
0xffe90505,
0xffe90505,
0xffe90505,
0xffe90505,
0xffe90505,
0xffe90505,
0xffec2424,
0xffffffff,
0xffffffff,
0xffffffff,
0xffffffff,
0xfffce0e0,
0xffe90505,
0xffe90505,
0xffe90505,
0xffe90505,
0xffe90505,
0xffe90505,
0xffe90505,
0xffe90505,
0xffe90505,
0xffe90505,
0xfff8b1b1,
0xffffffff,
0xffffffff,
0xffffffff,
0xffffffff,
0xfff05353,
0xffe90505,
0xffe90505,
0xffec2424,
0xffffffff,
0xffffffff,
0xffffffff,
0xffffffff,
0xfffac1c1,
0xffe90505,
0xffe90505,
0xffe90505,
0xffe90505,
0xffe90505,
0xffed3434,
0xffffffff,
0xffffffff,
0xffffffff,
0xffffffff,
0xfff7a1a1,
0xffe90505,
0xffe90505,
0xffe90505,
0xffec2424,
0xffffffff,
0xffffffff,
0xffffffff,
0xffffffff,
0xfffac1c1,
0xffe90505,
0xffe90505,
0xffe90505,
0xffe90505,
0xffe90505,
0xfff8b1b1,
0xffffffff,
0xffffffff,
0xffffffff,
0xffffffff,
0xffec2424,
0xffe90505,
0xffe90505,
0xffed3434,
0xffffffff,
0xffffffff,
0xffffffff,
0xffffffff,
0xffffffff,
0xffffffff,
0xfffcdfdf,
0xfff16262,
0xffeb2424,
0xffe90505,
0xffe90505,
0xffe90505,
0xffe90505,
0xffe90505,
0xffe90505,
0xffee4343,
0xffffffff,
0xffffffff,
0xffffffff,
0xfffce0e0,
0xffe90505,
0xffe90505,
0xffe90505,
0xffe90505,
0xffe90505,
0xffe90505,
0xffe90505,
0xffe90505,
0xffe90505,
0xffe90505,
0xffe90505,
0xffe90505,
0xffe90505,
0xffe90505,
0xffe90505,
0xffe90505,
0xffe90505,
0xffe90505,
0xffe90505,
0xffe90505,
0xffe90505,
0xffe90505,
0xffe90505,
0xffe90505,
0xffe90505,
0xffe90505,
0xffe90505,
0xffe90505,
0xffe90505,
0xffe90505,
0xffe90505,
0xffe90505,
0xffe90505,
0xffe90505,
0xffe90505,
0xffe90505,
0xffe90505,
0xffe90505,
0xffe90505,
0xffe90505,
0xffe90505,
0xffe90505,
0xffe90505,
0xffe90505,
0xffe90505,
0xffe90505,
0xffe90505,
0xffe90505,
0xffe90505,
0xffe90505,
0xffe90505,
0xffe90505,
0xffe90505,
0xffe90505,
0xffe90505,
0xffe90505,
0xffe90505,
0xffe90505,
0xffe90505,
0xffe90505,
0xffe90505,
0xffe90505,
0xffe90505,
0xffe90505,
0xffe90505,
0xffe90505,
0xffe90505,
0xffe90505,
0xffe90505,
0xffe90505,
0xffe90505,
0xffe90505,
0xffe90505,
0xffe90505,
0xffe90505,
0xffe90505,
0xffe90505,
0xffe90505,
0xffe90505,
0xffe90505,
0xffe90505,
0xffe90505,
0xffe90505,
0xffe90505,
0xffe90505,
0xffe90505,
0xffe90505,
0xffe90505,
0xffe90505,
0xffe90505,
0xffe90505,
0xffe90505,
0xffe90505,
0xffe90505,
0xffe90505,
0xffe90505,
0xffe90505,
0xffe90505,
0xffe90505,
0xffe90505,
0xffe90505,
0xffe90505,
0xffe90505,
0xffe90505,
0xffe90505,
0xffe90505,
0xffe90505,
0xffe90505,
0xffe90505,
0xffe90505,
0xffe90505,
0xffe90505,
0xffe90505,
0xffe90505,
0xffe90505,
0xffe90505,
0xffe90505,
0xffe90505,
0xffe90505,
0xffe90505,
0xffe90505,
0xffe90505,
0xffe90505,
0xffe90505,
0xffe90505,
0xffe90505,
0xffe90505,
0xffe90505,
0xffe90505,
0xffe90505,
0xffe90505,
0xffe90505,
0xffe90505,
0xffe90505,
0xffe90505,
0xffe90505,
0xffe90505,
0xffe90505,
0xffe90505,
0xffe90505,
0xffe90505,
0xffe90505,
0xffe90505,
0xffe90505,
0xffe90505,
0xffe90505,
0xffe90505,
0xffe90505,
0xffe90505,
0xffe90505,
0xffe90505,
0xffe90505,
0xffe90505,
0xffe90505,
0xffe90505,
0xffe90505,
0xffea1515,
0xffffffff,
0xffffffff,
0xffffffff,
0xffffffff,
0xfffdefef,
0xffe90505,
0xffe90505,
0xffe90505,
0xffe90505,
0xffe90505,
0xffe90505,
0xffe90505,
0xffe90505,
0xffe90505,
0xffe90505,
0xfff9c0c0,
0xffffffff,
0xffffffff,
0xffffffff,
0xffffffff,
0xffef4444,
0xffe90505,
0xffe90505,
0xffee4343,
0xffffffff,
0xffffffff,
0xffffffff,
0xffffffff,
0xfff8b0b0,
0xffe90505,
0xffe90505,
0xffe90505,
0xffe90505,
0xffe90505,
0xffec2424,
0xffffffff,
0xffffffff,
0xffffffff,
0xffffffff,
0xfffac1c1,
0xffe90505,
0xffe90505,
0xffe90505,
0xffec2424,
0xffffffff,
0xffffffff,
0xffffffff,
0xffffffff,
0xfff7a1a1,
0xffe90505,
0xffe90505,
0xffe90505,
0xffe90505,
0xffe90505,
0xfff7a1a1,
0xffffffff,
0xffffffff,
0xffffffff,
0xffffffff,
0xffef4444,
0xffe90505,
0xffe90505,
0xffe90505,
0xfff48282,
0xffffffff,
0xffffffff,
0xffffffff,
0xffffffff,
0xffffffff,
0xffffffff,
0xffffffff,
0xfffcdfdf,
0xfff27171,
0xffe90505,
0xffe90505,
0xffe90505,
0xffe90505,
0xffe90505,
0xffec2424,
0xffffffff,
0xffffffff,
0xffffffff,
0xfffce0e0,
0xffe90505,
0xffe90505,
0xffe90505,
0xffe90505,
0xffe90505,
0xffe90505,
0xffe90505,
0xffe90505,
0xffe90505,
0xffe90505,
0xffe90505,
0xffe90505,
0xffe90505,
0xffe90505,
0xffe90505,
0xffe90505,
0xffe90505,
0xffe90505,
0xffe90505,
0xffe90505,
0xffe90505,
0xffe90505,
0xffe90505,
0xffe90505,
0xffe90505,
0xffe90505,
0xffe90505,
0xffe90505,
0xffe90505,
0xffe90505,
0xffe90505,
0xffe90505,
0xffe90505,
0xffe90505,
0xffe90505,
0xffe90505,
0xffe90505,
0xffe90505,
0xffe90505,
0xffe90505,
0xffe90505,
0xffe90505,
0xffe90505,
0xffe90505,
0xffe90505,
0xffe90505,
0xffe90505,
0xffe90505,
0xffe90505,
0xffe90505,
0xffe90505,
0xffe90505,
0xffe90505,
0xffe90505,
0xffe90505,
0xffe90505,
0xffe90505,
0xffe90505,
0xffe90505,
0xffe90505,
0xffe90505,
0xffe90505,
0xffe90505,
0xffe90505,
0xffe90505,
0xffe90505,
0xffe90505,
0xffe90505,
0xffe90505,
0xffe90505,
0xffe90505,
0xffe90505,
0xffe90505,
0xffe90505,
0xffe90505,
0xffe90505,
0xffe90505,
0xffe90505,
0xffe90505,
0xffe90505,
0xffe90505,
0xffe90505,
0xffe90505,
0xffe90505,
0xffe90505,
0xffe90505,
0xffe90505,
0xffe90505,
0xffe90505,
0xffe90505,
0xffe90505,
0xffe90505,
0xffe90505,
0xffe90505,
0xffe90505,
0xffe90505,
0xffe90505,
0xffe90505,
0xffe90505,
0xffe90505,
0xffe90505,
0xffe90505,
0xffe90505,
0xffe90505,
0xffe90505,
0xffe90505,
0xffe90505,
0xffe90505,
0xffe90505,
0xffe90505,
0xffe90505,
0xffe90505,
0xffe90505,
0xffe90505,
0xffe90505,
0xffe90505,
0xffe90505,
0xffe90505,
0xffe90505,
0xffe90505,
0xffe90505,
0xffe90505,
0xffe90505,
0xffe90505,
0xffe90505,
0xffe90505,
0xffe90505,
0xffe90505,
0xffe90505,
0xffe90505,
0xffe90505,
0xffe90505,
0xffe90505,
0xffe90505,
0xffe90505,
0xffe90505,
0xffe90505,
0xffe90505,
0xffe90505,
0xffe90505,
0xffe90505,
0xffe90505,
0xffe90505,
0xffe90505,
0xffe90505,
0xffe90505,
0xffe90505,
0xffe90505,
0xffe90505,
0xffe90505,
0xffe90505,
0xffe90505,
0xffe90505,
0xffe90505,
0xffe90505,
0xffe90505,
0xffe90505,
0xfffeefef,
0xffffffff,
0xffffffff,
0xffffffff,
0xffffffff,
0xffec2424,
0xffe90505,
0xffe90505,
0xffe90505,
0xffe90505,
0xffe90505,
0xffe90505,
0xffe90505,
0xffe90505,
0xffe90505,
0xfffeefef,
0xffffffff,
0xffffffff,
0xffffffff,
0xffffffff,
0xffed3333,
0xffe90505,
0xffe90505,
0xffee4343,
0xffffffff,
0xffffffff,
0xffffffff,
0xffffffff,
0xfff7a1a1,
0xffe90505,
0xffe90505,
0xffe90505,
0xffe90505,
0xffe90505,
0xffec2424,
0xffffffff,
0xffffffff,
0xffffffff,
0xffffffff,
0xfffac1c1,
0xffe90505,
0xffe90505,
0xffe90505,
0xffec2424,
0xffffffff,
0xffffffff,
0xffffffff,
0xffffffff,
0xfff7a1a1,
0xffe90505,
0xffe90505,
0xffe90505,
0xffe90505,
0xffe90505,
0xfff7a1a1,
0xffffffff,
0xffffffff,
0xffffffff,
0xffffffff,
0xffef4444,
0xffe90505,
0xffe90505,
0xffe90505,
0xffe90505,
0xfff16363,
0xfffce0e0,
0xffffffff,
0xffffffff,
0xffffffff,
0xffffffff,
0xffffffff,
0xffffffff,
0xffffffff,
0xfff6a1a1,
0xffe90505,
0xffe90505,
0xffe90505,
0xffe90505,
0xffec2424,
0xffffffff,
0xffffffff,
0xffffffff,
0xfffac1c1,
0xffe90505,
0xffe90505,
0xffe90505,
0xffe90505,
0xffe90505,
0xffe90505,
0xffe90505,
0xffe90505,
0xffe90505,
0xffe90505,
0xffe90505,
0xffe90505,
0xffe90505,
0xffe90505,
0xffe90505,
0xffe90505,
0xffe90505,
0xffe90505,
0xffe90505,
0xffe90505,
0xffe90505,
0xffe90505,
0xffe90505,
0xffe90505,
0xffe90505,
0xffe90505,
0xffe90505,
0xffe90505,
0xffe90505,
0xffe90505,
0xffe90505,
0xffe90505,
0xffe90505,
0xffe90505,
0xffe90505,
0xffe90505,
0xffe90505,
0xffe90505,
0xffe90505,
0xffe90505,
0xffe90505,
0xffe90505,
0xffe90505,
0xffe90505,
0xffe90505,
0xffe90505,
0xffe90505,
0xffe90505,
0xffe90505,
0xffe90505,
0xffe90505,
0xffe90505,
0xffe90505,
0xffe90505,
0xffe90505,
0xffe90505,
0xffe90505,
0xffe90505,
0xffe90505,
0xffe90505,
0xffe90505,
0xffe90505,
0xffe90505,
0xffe90505,
0xffe90505,
0xffe90505,
0xffe90505,
0xffe90505,
0xffe90505,
0xffe90505,
0xffe90505,
0xffe90505,
0xffe90505,
0xffe90505,
0xffe90505,
0xffe90505,
0xffe90505,
0xffe90505,
0xffe90505,
0xffe90505,
0xffe90505,
0xffe90505,
0xffe90505,
0xffe90505,
0xffe90505,
0xffe90505,
0xffe90505,
0xffe90505,
0xffe90505,
0xffe90505,
0xffe90505,
0xffe90505,
0xffe90505,
0xffe90505,
0xffe90505,
0xffe90505,
0xffe90505,
0xffe90505,
0xffe90505,
0xffe90505,
0xffe90505,
0xffe90505,
0xffe90505,
0xffe90505,
0xffe90505,
0xffe90505,
0xffe90505,
0xffe90505,
0xffe90505,
0xffe90505,
0xffe90505,
0xffe90505,
0xffe90505,
0xffe90505,
0xffe90505,
0xffe90505,
0xffe90505,
0xffe90505,
0xffe90505,
0xffe90505,
0xffe90505,
0xffe90505,
0xffe90505,
0xffe90505,
0xffe90505,
0xffe90505,
0xffe90505,
0xffe90505,
0xffe90505,
0xffe90505,
0xffe90505,
0xffe90505,
0xffe90505,
0xffe90505,
0xffe90505,
0xffe90505,
0xffe90505,
0xffe90505,
0xffe90505,
0xffe90505,
0xffe90505,
0xffe90505,
0xffe90505,
0xffe90505,
0xffe90505,
0xffe90505,
0xffe90505,
0xffe90505,
0xffe90505,
0xffe90505,
0xffe90505,
0xffe90505,
0xffe90505,
0xffe90505,
0xffe90505,
0xffe90505,
0xffe90505,
0xfff9c0c0,
0xffffffff,
0xffffffff,
0xffffffff,
0xffffffff,
0xfff16363,
0xffe90505,
0xffe90505,
0xffe90505,
0xffe90505,
0xffe90505,
0xffe90505,
0xffe90505,
0xffe90505,
0xffed3434,
0xffffffff,
0xffffffff,
0xffffffff,
0xffffffff,
0xfffdefef,
0xffe90505,
0xffe90505,
0xffe90505,
0xffec2424,
0xffffffff,
0xffffffff,
0xffffffff,
0xffffffff,
0xfff8b0b0,
0xffe90505,
0xffe90505,
0xffe90505,
0xffe90505,
0xffe90505,
0xffed3434,
0xffffffff,
0xffffffff,
0xffffffff,
0xffffffff,
0xfffac1c1,
0xffe90505,
0xffe90505,
0xffe90505,
0xffec2424,
0xffffffff,
0xffffffff,
0xffffffff,
0xffffffff,
0xfff7a1a1,
0xffe90505,
0xffe90505,
0xffe90505,
0xffe90505,
0xffe90505,
0xfff8b1b1,
0xffffffff,
0xffffffff,
0xffffffff,
0xffffffff,
0xffef4444,
0xffe90505,
0xffe90505,
0xffe90505,
0xffe90505,
0xffe90505,
0xffe90505,
0xfff16363,
0xfffce0e0,
0xffffffff,
0xffffffff,
0xffffffff,
0xffffffff,
0xffffffff,
0xffffffff,
0xfff48282,
0xffe90505,
0xffe90505,
0xffe90505,
0xffea1515,
0xfff26363,
0xfff26363,
0xfff26363,
0xfff05353,
0xffe90505,
0xffe90505,
0xffe90505,
0xffe90505,
0xffe90505,
0xffe90505,
0xffe90505,
0xffe90505,
0xffe90505,
0xffe90505,
0xffe90505,
0xffe90505,
0xffe90505,
0xffe90505,
0xffe90505,
0xffe90505,
0xffe90505,
0xffe90505,
0xffe90505,
0xffe90505,
0xffe90505,
0xffe90505,
0xffe90505,
0xffe90505,
0xffe90505,
0xffe90505,
0xffe90505,
0xffe90505,
0xffe90505,
0xffe90505,
0xffe90505,
0xffe90505,
0xffe90505,
0xffe90505,
0xffe90505,
0xffe90505,
0xffe90505,
0xffe90505,
0xffe90505,
0xffe90505,
0xffe90505,
0xffe90505,
0xffe90505,
0xffe90505,
0xffe90505,
0xffe90505,
0xffe90505,
0xffe90505,
0xffe90505,
0xffe90505,
0xffe90505,
0xffe90505,
0xffe90505,
0xffe90505,
0xffe90505,
0xffe90505,
0xffe90505,
0xffe90505,
0xffe90505,
0xffe90505,
0xffe90505,
0xffe90505,
0xffe90505,
0xffe90505,
0xffe90505,
0xffe90505,
0xffe90505,
0xffe90505,
0xffe90505,
0xffe90505,
0xffe90505,
0xffe90505,
0xffe90505,
0xffe90505,
0xffe90505,
0xffe90505,
0xffe90505,
0xffe90505,
0xffe90505,
0xffe90505,
0xffe90505,
0xffe90505,
0xffe90505,
0xffe90505,
0xffe90505,
0xffe90505,
0xffe90505,
0xffe90505,
0xffe90505,
0xffe90505,
0xffe90505,
0xffe90505,
0xffe90505,
0xffe90505,
0xffe90505,
0xffe90505,
0xffe90505,
0xffe90505,
0xffe90505,
0xffe90505,
0xffe90505,
0xffe90505,
0xffe90505,
0xffe90505,
0xffe90505,
0xffe90505,
0xffe90505,
0xffe90505,
0xffe90505,
0xffe90505,
0xffe90505,
0xffe90505,
0xffe90505,
0xffe90505,
0xffe90505,
0xffe90505,
0xffe90505,
0xffe90505,
0xffe90505,
0xffe90505,
0xffe90505,
0xffe90505,
0xffe90505,
0xffe90505,
0xffe90505,
0xffe90505,
0xffe90505,
0xffe90505,
0xffe90505,
0xffe90505,
0xffe90505,
0xffe90505,
0xffe90505,
0xffe90505,
0xffe90505,
0xffe90505,
0xffe90505,
0xffe90505,
0xffe90505,
0xffe90505,
0xffe90505,
0xffe90505,
0xffe90505,
0xffe90505,
0xffe90505,
0xffe90505,
0xffe90505,
0xffe90505,
0xffe90505,
0xffe90505,
0xffe90505,
0xffe90505,
0xffe90505,
0xffe90505,
0xffe90505,
0xffe90505,
0xffe90505,
0xfff48282,
0xffffffff,
0xffffffff,
0xffffffff,
0xffffffff,
0xfff9c0c0,
0xffe90505,
0xffe90505,
0xffe90505,
0xffe90505,
0xffe90505,
0xffe90505,
0xffe90505,
0xffe90505,
0xfff6a1a1,
0xffffffff,
0xffffffff,
0xffffffff,
0xffffffff,
0xfff8b0b0,
0xffe90505,
0xffe90505,
0xffe90505,
0xffea1515,
0xffffffff,
0xffffffff,
0xffffffff,
0xffffffff,
0xfffce0e0,
0xffe90505,
0xffe90505,
0xffe90505,
0xffe90505,
0xffe90505,
0xffee4343,
0xffffffff,
0xffffffff,
0xffffffff,
0xffffffff,
0xfff59292,
0xffe90505,
0xffe90505,
0xffe90505,
0xffec2424,
0xffffffff,
0xffffffff,
0xffffffff,
0xffffffff,
0xfffbd0d0,
0xffe90505,
0xffe90505,
0xffe90505,
0xffe90505,
0xffe90505,
0xfffbd0d0,
0xffffffff,
0xffffffff,
0xffffffff,
0xffffffff,
0xffea1515,
0xffe90505,
0xffe90505,
0xffe90505,
0xffe90505,
0xffe90505,
0xffe90505,
0xffe90505,
0xffe90505,
0xfff16363,
0xfffce0e0,
0xffffffff,
0xffffffff,
0xffffffff,
0xffffffff,
0xfffce0e0,
0xffe90505,
0xffe90505,
0xffe90505,
0xffe90505,
0xffe90505,
0xffe90505,
0xffe90505,
0xffe90505,
0xffe90505,
0xffe90505,
0xffe90505,
0xffe90505,
0xffe90505,
0xffe90505,
0xffe90505,
0xffe90505,
0xffe90505,
0xffe90505,
0xffe90505,
0xffe90505,
0xffe90505,
0xffe90505,
0xffe90505,
0xffe90505,
0xffe90505,
0xffe90505,
0xffe90505,
0xffe90505,
0xffe90505,
0xffe90505,
0xffe90505,
0xffe90505,
0xffe90505,
0xffe90505,
0xffe90505,
0xffe90505,
0xffe90505,
0xffe90505,
0xffe90505,
0xffe90505,
0xffe90505,
0xffe90505,
0xffe90505,
0xffe90505,
0xffe90505,
0xffe90505,
0xffe90505,
0xffe90505,
0xffe90505,
0xffe90505,
0xffe90505,
0xffe90505,
0xffe90505,
0xffe90505,
0xffe90505,
0xffe90505,
0xffe90505,
0xffe90505,
0xffe90505,
0xffe90505,
0xffe90505,
0xffe90505,
0xffe90505,
0xffe90505,
0xffe90505,
0xffe90505,
0xffe90505,
0xffe90505,
0xffe90505,
0xffe90505,
0xffe90505,
0xffe90505,
0xffe90505,
0xffe90505,
0xffe90505,
0xffe90505,
0xffe90505,
0xffe90505,
0xffe90505,
0xffe90505,
0xffe90505,
0xffe90505,
0xffe90505,
0xffe90505,
0xffe90505,
0xffe90505,
0xffe90505,
0xffe90505,
0xffe90505,
0xffe90505,
0xffe90505,
0xffe90505,
0xffe90505,
0xffe90505,
0xffe90505,
0xffe90505,
0xffe90505,
0xffe90505,
0xffe90505,
0xffe90505,
0xffe90505,
0xffe90505,
0xffe90505,
0xffe90505,
0xffe90505,
0xffe90505,
0xffe90505,
0xffe90505,
0xffe90505,
0xffe90505,
0xffe90505,
0xffe90505,
0xffe90505,
0xffe90505,
0xffe90505,
0xffe90505,
0xffe90505,
0xffe90505,
0xffe90505,
0xffe90505,
0xffe90505,
0xffe90505,
0xffe90505,
0xffe90505,
0xffe90505,
0xffe90505,
0xffe90505,
0xffe90505,
0xffe90505,
0xffe90505,
0xffe90505,
0xffe90505,
0xffe90505,
0xffe90505,
0xffe90505,
0xffe90505,
0xffe90505,
0xffe90505,
0xffe90505,
0xffe90505,
0xffe90505,
0xffe90505,
0xffe90505,
0xffe90505,
0xffe90505,
0xffe90505,
0xffe90505,
0xffe90505,
0xffe90505,
0xffe90505,
0xffe90505,
0xffe90505,
0xffe90505,
0xffe90505,
0xffe90505,
0xffe90505,
0xffe90505,
0xffe90505,
0xffe90505,
0xffe90505,
0xffe90505,
0xffe90505,
0xffe90505,
0xffe90505,
0xffe90505,
0xffec2424,
0xffffffff,
0xffffffff,
0xffffffff,
0xffffffff,
0xffffffff,
0xfff16262,
0xffe90505,
0xffe90505,
0xffe90505,
0xffe90505,
0xffe90505,
0xffe90505,
0xffeb2424,
0xffffffff,
0xffffffff,
0xffffffff,
0xffffffff,
0xffffffff,
0xfff16262,
0xffe90505,
0xffe90505,
0xffe90505,
0xffe90505,
0xfff9c0c0,
0xffffffff,
0xffffffff,
0xffffffff,
0xffffffff,
0xffea1515,
0xffe90505,
0xffe90505,
0xffe90505,
0xffe90505,
0xfff6a1a1,
0xffffffff,
0xffffffff,
0xffffffff,
0xffffffff,
0xfff16262,
0xffe90505,
0xffe90505,
0xffe90505,
0xffec2424,
0xffffffff,
0xffffffff,
0xffffffff,
0xffffffff,
0xfffdefef,
0xffea1515,
0xffe90505,
0xffe90505,
0xffe90505,
0xffeb2424,
0xffffffff,
0xffffffff,
0xffffffff,
0xffffffff,
0xfffdefef,
0xffe90505,
0xffe90505,
0xffe90505,
0xffe90505,
0xffe90505,
0xffe90505,
0xffe90505,
0xffe90505,
0xffe90505,
0xffe90505,
0xffec2424,
0xfffeefef,
0xffffffff,
0xffffffff,
0xffffffff,
0xffffffff,
0xffe90505,
0xffe90505,
0xffe90505,
0xffe90505,
0xffe90505,
0xffe90505,
0xffe90505,
0xffe90505,
0xffe90505,
0xffe90505,
0xffe90505,
0xffe90505,
0xffe90505,
0xffe90505,
0xffe90505,
0xffe90505,
0xffe90505,
0xffe90505,
0xffe90505,
0xffe90505,
0xffe90505,
0xffe90505,
0xffe90505,
0xffe90505,
0xffe90505,
0xffe90505,
0xffe90505,
0xffe90505,
0xffe90505,
0xffe90505,
0xffe90505,
0xffe90505,
0xffe90505,
0xffe90505,
0xffe90505,
0xffe90505,
0xffe90505,
0xffe90505,
0xffe90505,
0xffe90505,
0xffe90505,
0xffe90505,
0xffe90505,
0xffe90505,
0xffe90505,
0xffe90505,
0xffe90505,
0xffe90505,
0xffe90505,
0xffe90505,
0xffe90505,
0xffe90505,
0xffe90505,
0xffe90505,
0xffe90505,
0xffe90505,
0xffe90505,
0xffe90505,
0xffe90505,
0xffe90505,
0xffe90505,
0xffe90505,
0xffe90505,
0xffe90505,
0xffe90505,
0xffe90505,
0xffe90505,
0xffe90505,
0xffe90505,
0xffe90505,
0xffe90505,
0xffe90505,
0xffe90505,
0xffe90505,
0xffe90505,
0xffe90505,
0xffe90505,
0xffe90505,
0xffe90505,
0xffe90505,
0xffe90505,
0xffe90505,
0xffe90505,
0xffe90505,
0xffe90505,
0xffe90505,
0xffe90505,
0xffe90505,
0xffe90505,
0xffe90505,
0xffe90505,
0xffe90505,
0xffe90505,
0xffe90505,
0xffe90505,
0xffe90505,
0xffe90505,
0xffe90505,
0xffe90505,
0xffe90505,
0xffe90505,
0xffe90505,
0xffe90505,
0xffe90505,
0xffe90505,
0xffe90505,
0xffe90505,
0xffe90505,
0xffe90505,
0xffe90505,
0xffe90505,
0xffe90505,
0xffe90505,
0xffe90505,
0xffe90505,
0xffe90505,
0xffe90505,
0xffe90505,
0xffe90505,
0xffe90505,
0xffe90505,
0xffe90505,
0xffe90505,
0xffe90505,
0xffe90505,
0xffe90505,
0xffe90505,
0xffe90505,
0xffe90505,
0xffe90505,
0xffe90505,
0xffe90505,
0xffe90505,
0xffe90505,
0xffe90505,
0xffe90505,
0xffe90505,
0xffe90505,
0xffe90505,
0xffe90505,
0xffe90505,
0xffe90505,
0xffe90505,
0xffe90505,
0xffe90505,
0xffe90505,
0xffe90505,
0xffe90505,
0xffe90505,
0xffe90505,
0xffe90505,
0xffe90505,
0xffe90505,
0xffe90505,
0xffe90505,
0xffe90505,
0xffe90505,
0xffe90505,
0xffe90505,
0xffe90505,
0xffe90505,
0xffe90505,
0xffe90505,
0xffe90505,
0xffe90505,
0xffe90505,
0xfff9c0c0,
0xffffffff,
0xffffffff,
0xffffffff,
0xffffffff,
0xffffffff,
0xfff27171,
0xffe90505,
0xffe90505,
0xffe90505,
0xffe90505,
0xffee4343,
0xfffce0e0,
0xffffffff,
0xffffffff,
0xffffffff,
0xffffffff,
0xfffcdfdf,
0xffe90505,
0xffe90505,
0xffe90505,
0xffe90505,
0xffe90505,
0xfff48282,
0xffffffff,
0xffffffff,
0xffffffff,
0xffffffff,
0xfff59191,
0xffe90505,
0xffe90505,
0xffe90505,
0xffeb2424,
0xfffce0e0,
0xffffffff,
0xffffffff,
0xffffffff,
0xffffffff,
0xffec2424,
0xffe90505,
0xffe90505,
0xffe90505,
0xffec2424,
0xffffffff,
0xffffffff,
0xffffffff,
0xffffffff,
0xffffffff,
0xfff59191,
0xffe90505,
0xffe90505,
0xffe90505,
0xfff38181,
0xffffffff,
0xffffffff,
0xffffffff,
0xffffffff,
0xfff8b0b0,
0xffe90505,
0xffe90505,
0xffe90505,
0xfff05353,
0xffeb2424,
0xffe90505,
0xffe90505,
0xffe90505,
0xffe90505,
0xffe90505,
0xffe90505,
0xfff9c0c0,
0xffffffff,
0xffffffff,
0xffffffff,
0xfffdefef,
0xffe90505,
0xffe90505,
0xffe90505,
0xffeb2424,
0xfff8b0b0,
0xfffce0e0,
0xfffad0d0,
0xfff27171,
0xffe90505,
0xffe90505,
0xffe90505,
0xffe90505,
0xffe90505,
0xffe90505,
0xffe90505,
0xffe90505,
0xffe90505,
0xffe90505,
0xffe90505,
0xffe90505,
0xffe90505,
0xffe90505,
0xffe90505,
0xffe90505,
0xffe90505,
0xffe90505,
0xffe90505,
0xffe90505,
0xffe90505,
0xffe90505,
0xffe90505,
0xffe90505,
0xffe90505,
0xffe90505,
0xffe90505,
0xffe90505,
0xffe90505,
0xffe90505,
0xffe90505,
0xffe90505,
0xffe90505,
0xffe90505,
0xffe90505,
0xffe90505,
0xffe90505,
0xffe90505,
0xffe90505,
0xffe90505,
0xffe90505,
0xffe90505,
0xffe90505,
0xffe90505,
0xffe90505,
0xffe90505,
0xffe90505,
0xffe90505,
0xffe90505,
0xffe90505,
0xffe90505,
0xffe90505,
0xffe90505,
0xffe90505,
0xffe90505,
0xffe90505,
0xffe90505,
0xffe90505,
0xffe90505,
0xffe90505,
0xffe90505,
0xffe90505,
0xffe90505,
0xffe90505,
0xffe90505,
0xffe90505,
0xffe90505,
0xffe90505,
0xffe90505,
0xffe90505,
0xffe90505,
0xffe90505,
0xffe90505,
0xffe90505,
0xffe90505,
0xffe90505,
0xffe90505,
0xffe90505,
0xffe90505,
0xffe90505,
0xffe90505,
0xffe90505,
0xffe90505,
0xffe90505,
0xffe90505,
0xffe90505,
0xffe90505,
0xffe90505,
0xffe90505,
0xffe90505,
0xffe90505,
0xffe90505,
0xffe90505,
0xffe90505,
0xffe90505,
0xffe90505,
0xffe90505,
0xffe90505,
0xffe90505,
0xffe90505,
0xffe90505,
0xffe90505,
0xffe90505,
0xffe90505,
0xffe90505,
0xffe90505,
0xffe90505,
0xffe90505,
0xffe90505,
0xffe90505,
0xffe90505,
0xffe90505,
0xffe90505,
0xffe90505,
0xffe90505,
0xffe90505,
0xffe90505,
0xffe90505,
0xffe90505,
0xffe90505,
0xffe90505,
0xffe90505,
0xffe90505,
0xffe90505,
0xffe90505,
0xffe90505,
0xffe90505,
0xffe90505,
0xffe90505,
0xffe90505,
0xffe90505,
0xffe90505,
0xffe90505,
0xffe90505,
0xffe90505,
0xffe90505,
0xffe90505,
0xffe90505,
0xffe90505,
0xffe90505,
0xffe90505,
0xffe90505,
0xffe90505,
0xffe90505,
0xffe90505,
0xffe90505,
0xffe90505,
0xffe90505,
0xffe90505,
0xffe90505,
0xffe90505,
0xffe90505,
0xffe90505,
0xffe90505,
0xffe90505,
0xffe90505,
0xffe90505,
0xffe90505,
0xffec2424,
0xfffeefef,
0xffffffff,
0xffffffff,
0xffffffff,
0xffffffff,
0xffffffff,
0xfffeefef,
0xfff9c0c0,
0xfff9c0c0,
0xfffeefef,
0xffffffff,
0xffffffff,
0xffffffff,
0xffffffff,
0xffffffff,
0xffffffff,
0xffef5353,
0xffe90505,
0xffe90505,
0xffe90505,
0xffe90505,
0xffe90505,
0xffea1515,
0xfffeefef,
0xffffffff,
0xffffffff,
0xffffffff,
0xffffffff,
0xfffbd0d0,
0xfff48282,
0xfff59292,
0xfffeefef,
0xffffffff,
0xffffffff,
0xffffffff,
0xffffffff,
0xfff7a1a1,
0xffe90505,
0xffe90505,
0xffe90505,
0xffe90505,
0xffec2424,
0xffffffff,
0xffffffff,
0xffffffff,
0xffffffff,
0xffffffff,
0xffffffff,
0xfff9c0c0,
0xfff48282,
0xfff9c0c0,
0xffffffff,
0xffffffff,
0xffffffff,
0xffffffff,
0xffffffff,
0xfff16262,
0xffe90505,
0xffe90505,
0xffe90505,
0xfff7a1a1,
0xffffffff,
0xfffad0d0,
0xfff48282,
0xffef5353,
0xffed3333,
0xffed3333,
0xfff38181,
0xffffffff,
0xffffffff,
0xffffffff,
0xffffffff,
0xfffac1c1,
0xffe90505,
0xffe90505,
0xffe90505,
0xfff6a1a1,
0xffffffff,
0xffffffff,
0xffffffff,
0xffffffff,
0xffee4343,
0xffe90505,
0xffe90505,
0xffe90505,
0xffe90505,
0xffe90505,
0xffe90505,
0xffe90505,
0xffe90505,
0xffe90505,
0xffe90505,
0xffe90505,
0xffe90505,
0xffe90505,
0xffe90505,
0xffe90505,
0xffe90505,
0xffe90505,
0xffe90505,
0xffe90505,
0xffe90505,
0xffe90505,
0xffe90505,
0xffe90505,
0xffe90505,
0xffe90505,
0xffe90505,
0xffe90505,
0xffe90505,
0xffe90505,
0xffe90505,
0xffe90505,
0xffe90505,
0xffe90505,
0xffe90505,
0xffe90505,
0xffe90505,
0xffe90505,
0xffe90505,
0xffe90505,
0xffe90505,
0xffe90505,
0xffe90505,
0xffe90505,
0xffe90505,
0xffe90505,
0xffe90505,
0xffe90505,
0xffe90505,
0xffe90505,
0xffe90505,
0xffe90505,
0xffe90505,
0xffe90505,
0xffe90505,
0xffe90505,
0xffe90505,
0xffe90505,
0xffe90505,
0xffe90505,
0xffe90505,
0xffe90505,
0xffe90505,
0xffe90505,
0xffe90505,
0xffe90505,
0xffe90505,
0xffe90505,
0xffe90505,
0xffe90505,
0xffe90505,
0xffe90505,
0xffe90505,
0xffe90505,
0xffe90505,
0xffe90505,
0xffe90505,
0xffe90505,
0xffe90505,
0xffe90505,
0xffe90505,
0xffe90505,
0xffe90505,
0xffe90505,
0xffe90505,
0xffe90505,
0xffe90505,
0xffe90505,
0xffe90505,
0xffe90505,
0xffe90505,
0xffe90505,
0xffe90505,
0xffe90505,
0xffe90505,
0xffe90505,
0xffe90505,
0xffe90505,
0xffe90505,
0xffe90505,
0xffe90505,
0xffe90505,
0xffe90505,
0xffe90505,
0xffe90505,
0xffe90505,
0xffe90505,
0xffe90505,
0xffe90505,
0xffe90505,
0xffe90505,
0xffe90505,
0xffe90505,
0xffe90505,
0xffe90505,
0xffe90505,
0xffe90505,
0xffe90505,
0xffe90505,
0xffe90505,
0xffe90505,
0xffe90505,
0xffe90505,
0xffe90505,
0xffe90505,
0xffe90505,
0xffe90505,
0xffe90505,
0xffe90505,
0xffe90505,
0xffe90505,
0xffe90505,
0xffe90505,
0xffe90505,
0xffe90505,
0xffe90505,
0xffe90505,
0xffe90505,
0xffe90505,
0xffe90505,
0xffe90505,
0xffe90505,
0xffe90505,
0xffe90505,
0xffe90505,
0xffe90505,
0xffe90505,
0xffe90505,
0xffe90505,
0xffe90505,
0xffe90505,
0xffe90505,
0xffe90505,
0xffe90505,
0xffe90505,
0xffe90505,
0xffe90505,
0xffe90505,
0xffe90505,
0xfff16262,
0xffffffff,
0xffffffff,
0xffffffff,
0xffffffff,
0xffffffff,
0xffffffff,
0xffffffff,
0xffffffff,
0xffffffff,
0xffffffff,
0xffffffff,
0xffffffff,
0xffffffff,
0xffffffff,
0xfff48282,
0xffe90505,
0xffe90505,
0xffe90505,
0xffe90505,
0xffe90505,
0xffe90505,
0xffe90505,
0xfff27272,
0xffffffff,
0xffffffff,
0xffffffff,
0xffffffff,
0xffffffff,
0xffffffff,
0xffffffff,
0xffffffff,
0xffffffff,
0xffffffff,
0xffffffff,
0xfffcdfdf,
0xffec2424,
0xffe90505,
0xffe90505,
0xffe90505,
0xffe90505,
0xffec2424,
0xffffffff,
0xffffffff,
0xffffffff,
0xffffffff,
0xffffffff,
0xffffffff,
0xffffffff,
0xffffffff,
0xffffffff,
0xffffffff,
0xffffffff,
0xffffffff,
0xffffffff,
0xfffcdfdf,
0xffe90505,
0xffe90505,
0xffe90505,
0xffe90505,
0xfff7a1a1,
0xffffffff,
0xffffffff,
0xffffffff,
0xffffffff,
0xffffffff,
0xffffffff,
0xffffffff,
0xffffffff,
0xffffffff,
0xffffffff,
0xffffffff,
0xfff16262,
0xffe90505,
0xffe90505,
0xffe90505,
0xfffce0e0,
0xffffffff,
0xffffffff,
0xffffffff,
0xffffffff,
0xfff48282,
0xffe90505,
0xffe90505,
0xffe90505,
0xffe90505,
0xffe90505,
0xffe90505,
0xffe90505,
0xffe90505,
0xffe90505,
0xffe90505,
0xffe90505,
0xffe90505,
0xffe90505,
0xffe90505,
0xffe90505,
0xffe90505,
0xffe90505,
0xffe90505,
0xffe90505,
0xffe90505,
0xffe90505,
0xffe90505,
0xffe90505,
0xffe90505,
0xffe90505,
0xffe90505,
0xffe90505,
0xffe90505,
0xffe90505,
0xffe90505,
0xffe90505,
0xffe90505,
0xffe90505,
0xffe90505,
0xffe90505,
0xffe90505,
0xffe90505,
0xffe90505,
0xffe90505,
0xffe90505,
0xffe90505,
0xffe90505,
0xffe90505,
0xffe90505,
0xffe90505,
0xffe90505,
0xffe90505,
0xffe90505,
0xffe90505,
0xffe90505,
0xffe90505,
0xffe90505,
0xffe90505,
0xffe90505,
0xffe90505,
0xffe90505,
0xffe90505,
0xffe90505,
0xffe90505,
0xffe90505,
0xffe90505,
0xffe90505,
0xffe90505,
0xffe90505,
0xffe90505,
0xffe90505,
0xffe90505,
0xffe90505,
0xffe90505,
0xffe90505,
0xffe90505,
0xffe90505,
0xffe90505,
0xffe90505,
0xffe90505,
0xffe90505,
0xffe90505,
0xffe90505,
0xffe90505,
0xffe90505,
0xffe90505,
0xffe90505,
0xffe90505,
0xffe90505,
0xffe90505,
0xffe90505,
0xffe90505,
0xffe90505,
0xffe90505,
0xffe90505,
0xffe90505,
0xffe90505,
0xffe90505,
0xffe90505,
0xffe90505,
0xffe90505,
0xffe90505,
0xffe90505,
0xffe90505,
0xffe90505,
0xffe90505,
0xffe90505,
0xffe90505,
0xffe90505,
0xffe90505,
0xffe90505,
0xffe90505,
0xffe90505,
0xffe90505,
0xffe90505,
0xffe90505,
0xffe90505,
0xffe90505,
0xffe90505,
0xffe90505,
0xffe90505,
0xffe90505,
0xffe90505,
0xffe90505,
0xffe90505,
0xffe90505,
0xffe90505,
0xffe90505,
0xffe90505,
0xffe90505,
0xffe90505,
0xffe90505,
0xffe90505,
0xffe90505,
0xffe90505,
0xffe90505,
0xffe90505,
0xffe90505,
0xffe90505,
0xffe90505,
0xffe90505,
0xffe90505,
0xffe90505,
0xffe90505,
0xffe90505,
0xffe90505,
0xffe90505,
0xffe90505,
0xffe90505,
0xffe90505,
0xffe90505,
0xffe90505,
0xffe90505,
0xffe90505,
0xffe90505,
0xffe90505,
0xffe90505,
0xffe90505,
0xffe90505,
0xffe90505,
0xffe90505,
0xffe90505,
0xffe90505,
0xffe90505,
0xffed3333,
0xfffce0e0,
0xffffffff,
0xffffffff,
0xffffffff,
0xffffffff,
0xffffffff,
0xffffffff,
0xffffffff,
0xffffffff,
0xffffffff,
0xffffffff,
0xfffeefef,
0xfff27272,
0xffe90505,
0xffe90505,
0xffe90505,
0xffe90505,
0xffe90505,
0xffe90505,
0xffe90505,
0xffe90505,
0xffe90505,
0xfff48282,
0xffffffff,
0xffffffff,
0xffffffff,
0xffffffff,
0xffffffff,
0xffffffff,
0xffffffff,
0xffffffff,
0xffffffff,
0xfffcdfdf,
0xffec2424,
0xffe90505,
0xffe90505,
0xffe90505,
0xffe90505,
0xffe90505,
0xffec2424,
0xffffffff,
0xffffffff,
0xffffffff,
0xffffffff,
0xfff59292,
0xfffce0e0,
0xffffffff,
0xffffffff,
0xffffffff,
0xffffffff,
0xffffffff,
0xffffffff,
0xfffeefef,
0xffec2424,
0xffe90505,
0xffe90505,
0xffe90505,
0xffe90505,
0xfff7a1a1,
0xffffffff,
0xffffffff,
0xffffffff,
0xffffffff,
0xffffffff,
0xffffffff,
0xffffffff,
0xffffffff,
0xffffffff,
0xffffffff,
0xfff48282,
0xffe90505,
0xffe90505,
0xffe90505,
0xffe90505,
0xfffce0e0,
0xffffffff,
0xffffffff,
0xffffffff,
0xffffffff,
0xfff27272,
0xffe90505,
0xffe90505,
0xffe90505,
0xffe90505,
0xffe90505,
0xffe90505,
0xffe90505,
0xffe90505,
0xffe90505,
0xffe90505,
0xffe90505,
0xffe90505,
0xffe90505,
0xffe90505,
0xffe90505,
0xffe90505,
0xffe90505,
0xffe90505,
0xffe90505,
0xffe90505,
0xffe90505,
0xffe90505,
0xffe90505,
0xffe90505,
0xffe90505,
0xffe90505,
0xffe90505,
0xffe90505,
0xffe90505,
0xffe90505,
0xffe90505,
0xffe90505,
0xffe90505,
0xffe90505,
0xffe90505,
0xffe90505,
0xffe90505,
0xffe90505,
0xffe90505,
0xffe90505,
0xffe90505,
0xffe90505,
0xffe90505,
0xffe90505,
0xffe90505,
0xffe90505,
0xffe90505,
0xffe90505,
0xffe90505,
0xffe90505,
0xffe90505,
0xffe90505,
0xffe90505,
0xffe90505,
0xffe90505,
0xffe90505,
0xffe90505,
0xffe90505,
0xffe90505,
0xffe90505,
0xffe90505,
0xffe90505,
0xffe90505,
0xffe90505,
0xffe90505,
0xffe90505,
0xffe90505,
0xffe90505,
0xffe90505,
0xffe90505,
0xffe90505,
0xffe90505,
0xffe90505,
0xffe90505,
0xffe90505,
0xffe90505,
0xffe90505,
0xffe90505,
0xffe90505,
0xffe90505,
0xffe90505,
0xffe90505,
0xffe90505,
0xffe90505,
0xffe90505,
0xffe90505,
0xffe90505,
0xffe90505,
0xffe90505,
0xffe90505,
0xffe90505,
0xffe90505,
0xffe90505,
0xffe90505,
0xffe90505,
0xffe90505,
0xffe90505,
0xffe90505,
0xffe90505,
0xffe90505,
0xffe90505,
0xffe90505,
0xffe90505,
0xffe90505,
0xffe90505,
0xffe90505,
0xffe90505,
0xffe90505,
0xffe90505,
0xffe90505,
0xffe90505,
0xffe90505,
0xffe90505,
0xffe90505,
0xffe90505,
0xffe90505,
0xffe90505,
0xffe90505,
0xffe90505,
0xffe90505,
0xffe90505,
0xffe90505,
0xffe90505,
0xffe90505,
0xffe90505,
0xffe90505,
0xffe90505,
0xffe90505,
0xffe90505,
0xffe90505,
0xffe90505,
0xffe90505,
0xffe90505,
0xffe90505,
0xffe90505,
0xffe90505,
0xffe90505,
0xffe90505,
0xffe90505,
0xffe90505,
0xffe90505,
0xffe90505,
0xffe90505,
0xffe90505,
0xffe90505,
0xffe90505,
0xffe90505,
0xffe90505,
0xffe90505,
0xffe90505,
0xffe90505,
0xffe90505,
0xffe90505,
0xffe90505,
0xffe90505,
0xffe90505,
0xffe90505,
0xffe90505,
0xffe90505,
0xffe90505,
0xffe90505,
0xfff16363,
0xfffbd1d1,
0xffffffff,
0xffffffff,
0xffffffff,
0xffffffff,
0xffffffff,
0xffffffff,
0xfffde0e0,
0xfff48282,
0xffea1515,
0xffe90505,
0xffe90505,
0xffe90505,
0xffe90505,
0xffe90505,
0xffe90505,
0xffe90505,
0xffe90505,
0xffe90505,
0xffe90505,
0xffe90505,
0xffec2424,
0xfff8b1b1,
0xffffffff,
0xffffffff,
0xffffffff,
0xffffffff,
0xffffffff,
0xfffeefef,
0xfff48282,
0xffea1515,
0xffe90505,
0xffe90505,
0xffe90505,
0xffe90505,
0xffe90505,
0xffe90505,
0xffec2424,
0xffffffff,
0xffffffff,
0xffffffff,
0xffffffff,
0xfff59292,
0xffec2424,
0xfff8b1b1,
0xffffffff,
0xffffffff,
0xffffffff,
0xffffffff,
0xfffac1c1,
0xffec2424,
0xffe90505,
0xffe90505,
0xffe90505,
0xffe90505,
0xffe90505,
0xfff05353,
0xfffac1c1,
0xffffffff,
0xffffffff,
0xffffffff,
0xffffffff,
0xffffffff,
0xffffffff,
0xffffffff,
0xfffac1c1,
0xffef4444,
0xffe90505,
0xffe90505,
0xffe90505,
0xffe90505,
0xffe90505,
0xfff27272,
0xffffffff,
0xffffffff,
0xffffffff,
0xfffcdfdf,
0xffec2424,
0xffe90505,
0xffe90505,
0xffe90505,
0xffe90505,
0xffe90505,
0xffe90505,
0xffe90505,
0xffe90505,
0xffe90505,
0xffe90505,
0xffe90505,
0xffe90505,
0xffe90505,
0xffe90505,
0xffe90505,
0xffe90505,
0xffe90505,
0xffe90505,
0xffe90505,
0xffe90505,
0xffe90505,
0xffe90505,
0xffe90505,
0xffe90505,
0xffe90505,
0xffe90505,
0xffe90505,
0xffe90505,
0xffe90505,
0xffe90505,
0xffe90505,
0xffe90505,
0xffe90505,
0xffe90505,
0xffe90505,
0xffe90505,
0xffe90505,
0xffe90505,
0xffe90505,
0xffe90505,
0xffe90505,
0xffe90505,
0xffe90505,
0xffe90505,
0xffe90505,
0xffe90505,
0xffe90505,
0xffe90505,
0xffe90505,
0xffe90505,
0xffe90505,
0xffe90505,
0xffe90505,
0xffe90505,
0xffe90505,
0xffe90505,
0xffe90505,
0xffe90505,
0xffe90505,
0xffe90505,
0xffe90505,
0xffe90505,
0xffe90505,
0xffe90505,
0xffe90505,
0xffe90505,
0xffe90505,
0xffe90505,
0xffe90505,
0xffe90505,
0xffe90505,
0xffe90505,
0xffe90505,
0xffe90505,
0xffe90505,
0xffe90505,
0xffe90505,
0xffe90505,
0xffe90505,
0xffe90505,
0xffe90505,
0xffe90505,
0xffe90505,
0xffe90505,
0xffe90505,
0xffe90505,
0xffe90505,
0xffe90505,
0xffe90505,
0xffe90505,
0xffe90505,
0xffe90505,
0xffe90505,
0xffe90505,
0xffe90505,
0xffe90505,
0xffe90505,
0xffe90505,
0xffe90505,
0xffe90505,
0xffe90505,
0xffe90505,
0xffe90505,
0xffe90505,
0xffe90505,
0xffe90505,
0xffe90505,
0xffe90505,
0xffe90505,
0xffe90505,
0xffe90505,
0xffe90505,
0xffe90505,
0xffe90505,
0xffe90505,
0xffe90505,
0xffe90505,
0xffe90505,
0xffe90505,
0xffe90505,
0xffe90505,
0xffe90505,
0xffe90505,
0xffe90505,
0xffe90505,
0xffe90505,
0xffe90505,
0xffe90505,
0xffe90505,
0xffe90505,
0xffe90505,
0xffe90505,
0xffe90505,
0xffe90505,
0xffe90505,
0xffe90505,
0xffe90505,
0xffe90505,
0xffe90505,
0xffe90505,
0xffe90505,
0xffe90505,
0xffe90505,
0xffe90505,
0xffe90505,
0xffe90505,
0xffe90505,
0xffe90505,
0xffe90505,
0xffe90505,
0xffe90505,
0xffe90505,
0xffe90505,
0xffe90505,
0xffe90505,
0xffe90505,
0xffe90505,
0xffe90505,
0xffe90505,
0xffe90505,
0xffe90505,
0xffe90505,
0xffe90505,
0xffea1515,
0xffef4444,
0xffef4444,
0xffef4444,
0xffef4444,
0xffec2424,
0xffe90505,
0xffe90505,
0xffe90505,
0xffe90505,
0xffe90505,
0xffe90505,
0xffe90505,
0xffe90505,
0xffe90505,
0xffe90505,
0xffe90505,
0xffe90505,
0xffe90505,
0xffe90505,
0xffe90505,
0xffe90505,
0xffea1515,
0xffef4444,
0xffef4444,
0xffef4444,
0xffec2424,
0xffe90505,
0xffe90505,
0xffe90505,
0xffe90505,
0xffe90505,
0xffe90505,
0xffe90505,
0xffe90505,
0xffe90505,
0xffec2424,
0xffffffff,
0xffffffff,
0xffffffff,
0xffffffff,
0xfff7a1a1,
0xffe90505,
0xffe90505,
0xffec2424,
0xffef4444,
0xffef4444,
0xffec2424,
0xffe90505,
0xffe90505,
0xffe90505,
0xffe90505,
0xffe90505,
0xffe90505,
0xffe90505,
0xffe90505,
0xffe90505,
0xffe90505,
0xffed3434,
0xffef4444,
0xffef4444,
0xffef4444,
0xffed3434,
0xffea1515,
0xffe90505,
0xffe90505,
0xffe90505,
0xffe90505,
0xffe90505,
0xffe90505,
0xffe90505,
0xffe90505,
0xffec2424,
0xfff26363,
0xfff26363,
0xffea1515,
0xffe90505,
0xffe90505,
0xffe90505,
0xffe90505,
0xffe90505,
0xffe90505,
0xffe90505,
0xffe90505,
0xffe90505,
0xffe90505,
0xffe90505,
0xffe90505,
0xffe90505,
0xffe90505,
0xffe90505,
0xffe90505,
0xffe90505,
0xffe90505,
0xffe90505,
0xffe90505,
0xffe90505,
0xffe90505,
0xffe90505,
0xffe90505,
0xffe90505,
0xffe90505,
0xffe90505,
0xffe90505,
0xffe90505,
0xffe90505,
0xffe90505,
0xffe90505,
0xffe90505,
0xffe90505,
0xffe90505,
0xffe90505,
0xffe90505,
0xffe90505,
0xffe90505,
0xffe90505,
0xffe90505,
0xffe90505,
0xffe90505,
0xffe90505,
0xffe90505,
0xffe90505,
0xffe90505,
0xffe90505,
0xffe90505,
0xffe90505,
0xffe90505,
0xffe90505,
0xffe90505,
0xffe90505,
0xffe90505,
0xffe90505,
0xffe90505,
0xffe90505,
0xffe90505,
0xffe90505,
0xffe90505,
0xffe90505,
0xffe90505,
0xffe90505,
0xffe90505,
0xffe90505,
0xffe90505,
0xffe90505,
0xffe90505,
0xffe90505,
0xffe90505,
0xffe90505,
0xffe90505,
0xffe90505,
0xffe90505,
0xffe90505,
0xffe90505,
0xffe90505,
0xffe90505,
0xffe90505,
0xffe90505,
0xffe90505,
0xffe90505,
0xffe90505,
0xffe90505,
0xffe90505,
0xffe90505,
0xffe90505,
0xffe90505,
0xffe90505,
0xffe90505,
0xffe90505,
0xffe90505,
0xffe90505,
0xffe90505,
0xffe90505,
0xffe90505,
0xffe90505,
0xffe90505,
0xffe90505,
0xffe90505,
0xffe90505,
0xffe90505,
0xffe90505,
0xffe90505,
0xffe90505,
0xffe90505,
0xffe90505,
0xffe90505,
0xffe90505,
0xffe90505,
0xffe90505,
0xffe90505,
0xffe90505,
0xffe90505,
0xffe90505,
0xffe90505,
0xffe90505,
0xffe90505,
0xffe90505,
0xffe90505,
0xffe90505,
0xffe90505,
0xffe90505,
0xffe90505,
0xffe90505,
0xffe90505,
0xffe90505,
0xffe90505,
0xffe90505,
0xffe90505,
0xffe90505,
0xffe90505,
0xffe90505,
0xffe90505,
0xffe90505,
0xffe90505,
0xffe90505,
0xffe90505,
0xffe90505,
0xffe90505,
0xffe90505,
0xffe90505,
0xffe90505,
0xffe90505,
0xffe90505,
0xffe90505,
0xffe90505,
0xffe90505,
0xffe90505,
0xffe90505,
0xffe90505,
0xffe90505,
0xffe90505,
0xffe90505,
0xffe90505,
0xffe90505,
0xffe90505,
0xffe90505,
0xffe90505,
0xffe90505,
0xffe90505,
0xffe90505,
0xffe90505,
0xffe90505,
0xffe90505,
0xffe90505,
0xffe90505,
0xffe90505,
0xffe90505,
0xffe90505,
0xffe90505,
0xffe90505,
0xffe90505,
0xffe90505,
0xffe90505,
0xffe90505,
0xffe90505,
0xffe90505,
0xffe90505,
0xffe90505,
0xffe90505,
0xffe90505,
0xffe90505,
0xffe90505,
0xffe90505,
0xffe90505,
0xffe90505,
0xffe90505,
0xffe90505,
0xffe90505,
0xffe90505,
0xffe90505,
0xffe90505,
0xffe90505,
0xffe90505,
0xffe90505,
0xffe90505,
0xffe90505,
0xffe90505,
0xffec2424,
0xffffffff,
0xffffffff,
0xffffffff,
0xffffffff,
0xfff7a1a1,
0xffe90505,
0xffe90505,
0xffe90505,
0xffe90505,
0xffe90505,
0xffe90505,
0xffe90505,
0xffe90505,
0xffe90505,
0xffe90505,
0xffe90505,
0xffe90505,
0xffe90505,
0xffe90505,
0xffe90505,
0xffe90505,
0xffe90505,
0xffe90505,
0xffe90505,
0xffe90505,
0xffe90505,
0xffe90505,
0xffe90505,
0xffe90505,
0xffe90505,
0xffe90505,
0xffe90505,
0xffe90505,
0xffe90505,
0xffe90505,
0xffe90505,
0xffe90505,
0xffe90505,
0xffe90505,
0xffe90505,
0xffe90505,
0xffe90505,
0xffe90505,
0xffe90505,
0xffe90505,
0xffe90505,
0xffe90505,
0xffe90505,
0xffe90505,
0xffe90505,
0xffe90505,
0xffe90505,
0xffe90505,
0xffe90505,
0xffe90505,
0xffe90505,
0xffe90505,
0xffe90505,
0xffe90505,
0xffe90505,
0xffe90505,
0xffe90505,
0xffe90505,
0xffe90505,
0xffe90505,
0xffe90505,
0xffe90505,
0xffe90505,
0xffe90505,
0xffe90505,
0xffe90505,
0xffe90505,
0xffe90505,
0xffe90505,
0xffe90505,
0xffe90505,
0xffe90505,
0xffe90505,
0xffe90505,
0xffe90505,
0xffe90505,
0xffe90505,
0xffe90505,
0xffe90505,
0xffe90505,
0xffe90505,
0xffe90505,
0xffe90505,
0xffe90505,
0xffe90505,
0xffe90505,
0xffe90505,
0xffe90505,
0xffe90505,
0xffe90505,
0xffe90505,
0xffe90505,
0xffe90505,
0xffe90505,
0xffe90505,
0xffe90505,
0xffe90505,
0xffe90505,
0xffe90505,
0xffe90505,
0xffe90505,
0xffe90505,
0xffe90505,
0xffe90505,
0xffe90505,
0xffe90505,
0xffe90505,
0xffe90505,
0xffe90505,
0xffe90505,
0xffe90505,
0xffe90505,
0xffe90505,
0xffe90505,
0xffe90505,
0xffe90505,
0xffe90505,
0xffe90505,
0xffe90505,
0xffe90505,
0xffe90505,
0xffe90505,
0xffe90505,
0xffe90505,
0xffe90505,
0xffe90505,
0xffe90505,
0xffe90505,
0xffe90505,
0xffe90505,
0xffe90505,
0xffe90505,
0xffe90505,
0xffe90505,
0xffe90505,
0xffe90505,
0xffe90505,
0xffe90505,
0xffe90505,
0xffe90505,
0xffe90505,
0xffe90505,
0xffe90505,
0xffe90505,
0xffe90505,
0xffe90505,
0xffe90505,
0xffe90505,
0xffe90505,
0xffe90505,
0xffe90505,
0xffe90505,
0xffe90505,
0xffe90505,
0xffe90505,
0xffe90505,
0xffe90505,
0xffe90505,
0xffe90505,
0xffe90505,
0xffe90505,
0xffe90505,
0xffe90505,
0xffe90505,
0xffe90505,
0xffe90505,
0xffe90505,
0xffe90505,
0xffe90505,
0xffe90505,
0xffe90505,
0xffe90505,
0xffe90505,
0xffe90505,
0xffe90505,
0xffe90505,
0xffe90505,
0xffe90505,
0xffe90505,
0xffe90505,
0xffe90505,
0xffe90505,
0xffe90505,
0xffe90505,
0xffe90505,
0xffe90505,
0xffe90505,
0xffe90505,
0xffe90505,
0xffe90505,
0xffe90505,
0xffe90505,
0xffe90505,
0xffe90505,
0xffe90505,
0xffe90505,
0xffe90505,
0xffe90505,
0xffe90505,
0xffe90505,
0xffe90505,
0xffe90505,
0xffe90505,
0xffe90505,
0xffe90505,
0xffe90505,
0xffe90505,
0xffe90505,
0xffe90505,
0xffe90505,
0xffe90505,
0xffe90505,
0xffe90505,
0xffe90505,
0xffe90505,
0xffe90505,
0xffe90505,
0xffe90505,
0xffe90505,
0xffe90505,
0xffe90505,
0xffe90505,
0xffe90505,
0xffe90505,
0xffe90505,
0xffe90505,
0xffe90505,
0xffe90505,
0xffe90505,
0xffe90505,
0xffe90505,
0xffe90505,
0xffe90505,
0xffe90505,
0xffec2424,
0xffffffff,
0xffffffff,
0xffffffff,
0xffffffff,
0xfff7a1a1,
0xffe90505,
0xffe90505,
0xffe90505,
0xffe90505,
0xffe90505,
0xffe90505,
0xffe90505,
0xffe90505,
0xffe90505,
0xffe90505,
0xffe90505,
0xffe90505,
0xffe90505,
0xffe90505,
0xffe90505,
0xffe90505,
0xffe90505,
0xffe90505,
0xffe90505,
0xffe90505,
0xffe90505,
0xffe90505,
0xffe90505,
0xffe90505,
0xffe90505,
0xffe90505,
0xffe90505,
0xffe90505,
0xffe90505,
0xffe90505,
0xffe90505,
0xffe90505,
0xffe90505,
0xffe90505,
0xffe90505,
0xffe90505,
0xffe90505,
0xffe90505,
0xffe90505,
0xffe90505,
0xffe90505,
0xffe90505,
0xffe90505,
0xffe90505,
0xffe90505,
0xffe90505,
0xffe90505,
0xffe90505,
0xffe90505,
0xffe90505,
0xffe90505,
0xffe90505,
0xffe90505,
0xffe90505,
0xffe90505,
0xffe90505,
0xffe90505,
0xffe90505,
0xffe90505,
0xffe90505,
0xffe90505,
0xffe90505,
0xffe90505,
0xffe90505,
0xffe90505,
0xffe90505,
0xffe90505,
0xffe90505,
0xffe90505,
0xffe90505,
0xffe90505,
0xffe90505,
0xffe90505,
0xffe90505,
0xffe90505,
0xffe90505,
0xffe90505,
0xffe90505,
0xffe90505,
0xffe90505,
0xffe90505,
0xffe90505,
0xffe90505,
0xffe90505,
0xffe90505,
0xffe90505,
0xffe90505,
0xffe90505,
0xffe90505,
0xffe90505,
0xffe90505,
0xffe90505,
0xffe90505,
0xffe90505,
0xffe90505,
0xffe90505,
0xffe90505,
0xffe90505,
0xffe90505,
0xffe90505,
0xffe90505,
0xffe90505,
0xffe90505,
0xffe90505,
0xffe90505,
0xffe90505,
0xffe90505,
0xffe90505,
0xffe90505,
0xffe90505,
0xffe90505,
0xffe90505,
0xffe90505,
0xffe90505,
0xffe90505,
0xffe90505,
0xffe90505,
0xffe90505,
0xffe90505,
0xffe90505,
0xffe90505,
0xffe90505,
0xffe90505,
0xffe90505,
0xffe90505,
0xffe90505,
0xffe90505,
0xffe90505,
0xffe90505,
0xffe90505,
0xffe90505,
0xffe90505,
0xffe90505,
0xffe90505,
0xffe90505,
0xffe90505,
0xffe90505,
0xffe90505,
0xffe90505,
0xffe90505,
0xffe90505,
0xffe90505,
0xffe90505,
0xffe90505,
0xffe90505,
0xffe90505,
0xffe90505,
0xffe90505,
0xffe90505,
0xffe90505,
0xffe90505,
0xffe90505,
0xffe90505,
0xffe90505,
0xffe90505,
0xffe90505,
0xffe90505,
0xffe90505,
0xffe90505,
0xffe90505,
0xffe90505,
0xffe90505,
0xffe90505,
0xffe90505,
0xffe90505,
0xffe90505,
0xffe90505,
0xffe90505,
0xffe90505,
0xffe90505,
0xffe90505,
0xffe90505,
0xffe90505,
0xffe90505,
0xffe90505,
0xffe90505,
0xffe90505,
0xffe90505,
0xffe90505,
0xffe90505,
0xffe90505,
0xffe90505,
0xffe90505,
0xffe90505,
0xffe90505,
0xffe90505,
0xffe90505,
0xffe90505,
0xffe90505,
0xffe90505,
0xffe90505,
0xffe90505,
0xffe90505,
0xffe90505,
0xffe90505,
0xffe90505,
0xffe90505,
0xffe90505,
0xffe90505,
0xffe90505,
0xffe90505,
0xffe90505,
0xffe90505,
0xffe90505,
0xffe90505,
0xffe90505,
0xffe90505,
0xffe90505,
0xffe90505,
0xffe90505,
0xffe90505,
0xffe90505,
0xffe90505,
0xffe90505,
0xffe90505,
0xffe90505,
0xffe90505,
0xffe90505,
0xffe90505,
0xffe90505,
0xffe90505,
0xffe90505,
0xffe90505,
0xffe90505,
0xffe90505,
0xffe90505,
0xffe90505,
0xffe90505,
0xffe90505,
0xffe90505,
0xffe90505,
0xffe90505,
0xffe90505,
0xffe90505,
0xffec2424,
0xffffffff,
0xffffffff,
0xffffffff,
0xffffffff,
0xfff7a1a1,
0xffe90505,
0xffe90505,
0xffe90505,
0xffe90505,
0xffe90505,
0xffe90505,
0xffe90505,
0xffe90505,
0xffe90505,
0xffe90505,
0xffe90505,
0xffe90505,
0xffe90505,
0xffe90505,
0xffe90505,
0xffe90505,
0xffe90505,
0xffe90505,
0xffe90505,
0xffe90505,
0xffe90505,
0xffe90505,
0xffe90505,
0xffe90505,
0xffe90505,
0xffe90505,
0xffe90505,
0xffe90505,
0xffe90505,
0xffe90505,
0xffe90505,
0xffe90505,
0xffe90505,
0xffe90505,
0xffe90505,
0xffe90505,
0xffe90505,
0xffe90505,
0xffe90505,
0xffe90505,
0xffe90505,
0xffe90505,
0xffe90505,
0xffe90505,
0xffe90505,
0xffe90505,
0xffe90505,
0xffe90505,
0xffe90505,
0xffe90505,
0xffe90505,
0xffe90505,
0xffe90505,
0xffe90505,
0xffe90505,
0xffe90505,
0xffe90505,
0xffe90505,
0xffe90505,
0xffe90505,
0xffe90505,
0xffe90505,
0xffe90505,
0xffe90505,
0xffe90505,
0xffe90505,
0xffe90505,
0xffe90505,
0xffe90505,
0xffe90505,
0xffe90505,
0xffe90505,
0xffe90505,
0xffe90505,
0xffe90505,
0xffe90505,
0xffe90505,
0xffe90505,
0xffe90505,
0xffe90505,
0xffe90505,
0xffe90505,
0xffe90505,
0xffe90505,
0xffe90505,
0xffe90505,
0xffe90505,
0xffe90505,
0xffe90505,
0xffe90505,
0xffe90505,
0xffe90505,
0xffe90505,
0xffe90505,
0xffe90505,
0xffe90505,
0xffe90505,
0xffe90505,
0xffe90505,
0xffe90505,
0xffe90505,
0xffe90505,
0xffe90505,
0xffe90505,
0xffe90505,
0xffe90505,
0xffe90505,
0xffe90505,
0xffe90505,
0xffe90505,
0xffe90505,
0xffe90505,
0xffe90505,
0xffe90505,
0xffe90505,
0xffe90505,
0xffe90505,
0xffe90505,
0xffe90505,
0xffe90505,
0xffe90505,
0xffe90505,
0xffe90505,
0xffe90505,
0xffe90505,
0xffe90505,
0xffe90505,
0xffe90505,
0xffe90505,
0xffe90505,
0xffe90505,
0xffe90505,
0xffe90505,
0xffe90505,
0xffe90505,
0xffe90505,
0xffe90505,
0xffe90505,
0xffe90505,
0xffe90505,
0xffe90505,
0xffe90505,
0xffe90505,
0xffe90505,
0xffe90505,
0xffe90505,
0xffe90505,
0xffe90505,
0xffe90505,
0xffe90505,
0xffe90505,
0xffe90505,
0xffe90505,
0xffe90505,
0xffe90505,
0xffe90505,
0xffe90505,
0xffe90505,
0xffe90505,
0xffe90505,
0xffe90505,
0xffe90505,
0xffe90505,
0xffe90505,
0xffe90505,
0xffe90505,
0xffe90505,
0xffe90505,
0xffe90505,
0xffe90505,
0xffe90505,
0xffe90505,
0xffe90505,
0xffe90505,
0xffe90505,
0xffe90505,
0xffe90505,
0xffe90505,
0xffe90505,
0xffe90505,
0xffe90505,
0xffe90505,
0xffe90505,
0xffe90505,
0xffe90505,
0xffe90505,
0xffe90505,
0xffe90505,
0xffe90505,
0xffe90505,
0xffe90505,
0xffe90505,
0xffe90505,
0xffe90505,
0xffe90505,
0xffe90505,
0xffe90505,
0xffe90505,
0xffe90505,
0xffe90505,
0xffe90505,
0xffe90505,
0xffe90505,
0xffe90505,
0xffe90505,
0xffe90505,
0xffe90505,
0xffe90505,
0xffe90505,
0xffe90505,
0xffe90505,
0xffe90505,
0xffe90505,
0xffe90505,
0xffe90505,
0xffe90505,
0xffe90505,
0xffe90505,
0xffe90505,
0xffe90505,
0xffe90505,
0xffe90505,
0xffe90505,
0xffe90505,
0xffe90505,
0xffe90505,
0xffe90505,
0xffe90505,
0xffe90505,
0xffe90505,
0xffe90505,
0xffe90505,
0xffe90505,
0xffe90505,
0xffec2424,
0xffffffff,
0xffffffff,
0xffffffff,
0xffffffff,
0xfff7a1a1,
0xffe90505,
0xffe90505,
0xffe90505,
0xffe90505,
0xffe90505,
0xffe90505,
0xffe90505,
0xffe90505,
0xffe90505,
0xffe90505,
0xffe90505,
0xffe90505,
0xffe90505,
0xffe90505,
0xffe90505,
0xffe90505,
0xffe90505,
0xffe90505,
0xffe90505,
0xffe90505,
0xffe90505,
0xffe90505,
0xffe90505,
0xffe90505,
0xffe90505,
0xffe90505,
0xffe90505,
0xffe90505,
0xffe90505,
0xffe90505,
0xffe90505,
0xffe90505,
0xffe90505,
0xffe90505,
0xffe90505,
0xffe90505,
0xffe90505,
0xffe90505,
0xffe90505,
0xffe90505,
0xffe90505,
0xffe90505,
0xffe90505,
0xffe90505,
0xffe90505,
0xffe90505,
0xffe90505,
0xffe90505,
0xffe90505,
0xffe90505,
0xffe90505,
0xffe90505,
0xffe90505,
0xffe90505,
0xffe90505,
0xffe90505,
0xffe90505,
0xffe90505,
0xffe90505,
0xffe90505,
0xffe90505,
0xffe90505,
0xffe90505,
0xffe90505,
0xffe90505,
0xffe90505,
0xffe90505,
0xffe90505,
0xffe90505,
0xffe90505,
0xffe90505,
0xffe90505,
0xffe90505,
0xffe90505,
0xffe90505,
0xffe90505,
0xffe90505,
0xffe90505,
0xffe90505,
0xffe90505,
0xffe90505,
0xffe90505,
0xffe90505,
0xffe90505,
0xffe90505,
0xffe90505,
0xffe90505,
0xffe90505,
0xffe90505,
0xffe90505,
0xffe90505,
0xffe90505,
0xffe90505,
0xffe90505,
0xffe90505,
0xffe90505,
0xffe90505,
0xffe90505,
0xffe90505,
0xffe90505,
0xffe90505,
0xffe90505,
0xffe90505,
0xffe90505,
0xffe90505,
0xffe90505,
0xffe90505,
0xffe90505,
0xffe90505,
0xffe90505,
0xffe90505,
0xffe90505,
0xffe90505,
0xffe90505,
0xffe90505,
0xffe90505,
0xffe90505,
0xffe90505,
0xffe90505,
0xffe90505,
0xffe90505,
0xffe90505,
0xffe90505,
0xffe90505,
0xffe90505,
0xffe90505,
0xffe90505,
0xffe90505,
0xffe90505,
0xffe90505,
0xffe90505,
0xffe90505,
0xffe90505,
0xffe90505,
0xffe90505,
0xffe90505,
0xffe90505,
0xffe90505,
0xffe90505,
0xffe90505,
0xffe90505,
0xffe90505,
0xffe90505,
0xffe90505,
0xffe90505,
0xffe90505,
0xffe90505,
0xffe90505,
0xffe90505,
0xffe90505,
0xffe90505,
0xffe90505,
0xffe90505,
0xffe90505,
0xffe90505,
0xffe90505,
0xffe90505,
0xffe90505,
0xffe90505,
0xffe90505,
0xffe90505,
0xffe90505,
0xffe90505,
0xffe90505,
0xffe90505,
0xffe90505,
0xffe90505,
0xffe90505,
0xffe90505,
0xffe90505,
0xffe90505,
0xffe90505,
0xffe90505,
0xffe90505,
0xffe90505,
0xffe90505,
0xffe90505,
0xffe90505,
0xffe90505,
0xffe90505,
0xffe90505,
0xffe90505,
0xffe90505,
0xffe90505,
0xffe90505,
0xffe90505,
0xffe90505,
0xffe90505,
0xffe90505,
0xffe90505,
0xffe90505,
0xffe90505,
0xffe90505,
0xffe90505,
0xffe90505,
0xffe90505,
0xffe90505,
0xffe90505,
0xffe90505,
0xffe90505,
0xffe90505,
0xffe90505,
0xffe90505,
0xffe90505,
0xffe90505,
0xffe90505,
0xffe90505,
0xffe90505,
0xffe90505,
0xffe90505,
0xffe90505,
0xffe90505,
0xffe90505,
0xffe90505,
0xffe90505,
0xffe90505,
0xffe90505,
0xffe90505,
0xffe90505,
0xffe90505,
0xffe90505,
0xffe90505,
0xffe90505,
0xffe90505,
0xffe90505,
0xffe90505,
0xffe90505,
0xffe90505,
0xffe90505,
0xffe90505,
0xffe90505,
0xffe90505,
0xffe90505,
0xffe90505,
0xffec2424,
0xffffffff,
0xffffffff,
0xffffffff,
0xffffffff,
0xfff7a1a1,
0xffe90505,
0xffe90505,
0xffe90505,
0xffe90505,
0xffe90505,
0xffe90505,
0xffe90505,
0xffe90505,
0xffe90505,
0xffe90505,
0xffe90505,
0xffe90505,
0xffe90505,
0xffe90505,
0xffe90505,
0xffe90505,
0xffe90505,
0xffe90505,
0xffe90505,
0xffe90505,
0xffe90505,
0xffe90505,
0xffe90505,
0xffe90505,
0xffe90505,
0xffe90505,
0xffe90505,
0xffe90505,
0xffe90505,
0xffe90505,
0xffe90505,
0xffe90505,
0xffe90505,
0xffe90505,
0xffe90505,
0xffe90505,
0xffe90505,
0xffe90505,
0xffe90505,
0xffe90505,
0xffe90505,
0xffe90505,
0xffe90505,
0xffe90505,
0xffe90505,
0xffe90505,
0xffe90505,
0xffe90505,
0xffe90505,
0xffe90505,
0xffe90505,
0xffe90505,
0xffe90505,
0xffe90505,
0xffe90505,
0xffe90505,
0xffe90505,
0xffe90505,
0xffe90505,
0xffe90505,
0xffe90505,
0xffe90505,
0xffe90505,
0xffe90505,
0xffe90505,
0xffe90505,
0xffe90505,
0xffe90505,
0xffe90505,
0xffe90505,
0xffe90505,
0xffe90505,
0xffe90505,
0xffe90505,
0xffe90505,
0xffe90505,
0xffe90505,
0xffe90505,
0xffe90505,
0xffe90505,
0xffe90505,
0xffe90505,
0xffe90505,
0xffe90505,
0xffe90505,
0xffe90505,
0xffe90505,
0xffe90505,
0xffe90505,
0xffe90505,
0xffe90505,
0xffe90505,
0xffe90505,
0xffe90505,
0xffe90505,
0xffe90505,
0xffe90505,
0xffe90505,
0xffe90505,
0xffe90505,
0xffe90505,
0xffe90505,
0xffe90505,
0xffe90505,
0xffe90505,
0xffe90505,
0xffe90505,
0xffe90505,
0xffe90505,
0xffe90505,
0xffe90505,
0xffe90505,
0xffe90505,
0xffe90505,
0xffe90505,
0xffe90505,
0xffe90505,
0xffe90505,
0xffe90505,
0xffe90505,
0xffe90505,
0xffe90505,
0xffe90505,
0xffe90505,
0xffe90505,
0xffe90505,
0xffe90505,
0xffe90505,
0xffe90505,
0xffe90505,
0xffe90505,
0xffe90505,
0xffe90505,
0xffe90505,
0xffe90505,
0xffe90505,
0xffe90505,
0xffe90505,
0xffe90505,
0xffe90505,
0xffe90505,
0xffe90505,
0xffe90505,
0xffe90505,
0xffe90505,
0xffe90505,
0xffe90505,
0xffe90505,
0xffe90505,
0xffe90505,
0xffe90505,
0xffe90505,
0xffe90505,
0xffe90505,
0xffe90505,
0xffe90505,
0xffe90505,
0xffe90505,
0xffe90505,
0xffe90505,
0xffe90505,
0xffe90505,
0xffe90505,
0xffe90505,
0xffe90505,
0xffe90505,
0xffe90505,
0xffe90505,
0xffe90505,
0xffe90505,
0xffe90505,
0xffe90505,
0xffe90505,
0xffe90505,
0xffe90505,
0xffe90505,
0xffe90505,
0xffe90505,
0xffe90505,
0xffe90505,
0xffe90505,
0xffe90505,
0xffe90505,
0xffe90505,
0xffe90505,
0xffe90505,
0xffe90505,
0xffe90505,
0xffe90505,
0xffe90505,
0xffe90505,
0xffe90505,
0xffe90505,
0xffe90505,
0xffe90505,
0xffe90505,
0xffe90505,
0xffe90505,
0xffe90505,
0xffe90505,
0xffe90505,
0xffe90505,
0xffe90505,
0xffe90505,
0xffe90505,
0xffe90505,
0xffe90505,
0xffe90505,
0xffe90505,
0xffe90505,
0xffe90505,
0xffe90505,
0xffe90505,
0xffe90505,
0xffe90505,
0xffe90505,
0xffe90505,
0xffe90505,
0xffe90505,
0xffe90505,
0xffe90505,
0xffe90505,
0xffe90505,
0xffe90505,
0xffe90505,
0xffe90505,
0xffe90505,
0xffe90505,
0xffe90505,
0xffe90505,
0xffe90505,
0xffe90505,
0xffe90505,
0xffe90505,
0xffec2424,
0xffffffff,
0xffffffff,
0xffffffff,
0xffffffff,
0xfff7a1a1,
0xffe90505,
0xffe90505,
0xffe90505,
0xffe90505,
0xffe90505,
0xffe90505,
0xffe90505,
0xffe90505,
0xffe90505,
0xffe90505,
0xffe90505,
0xffe90505,
0xffe90505,
0xffe90505,
0xffe90505,
0xffe90505,
0xffe90505,
0xffe90505,
0xffe90505,
0xffe90505,
0xffe90505,
0xffe90505,
0xffe90505,
0xffe90505,
0xffe90505,
0xffe90505,
0xffe90505,
0xffe90505,
0xffe90505,
0xffe90505,
0xffe90505,
0xffe90505,
0xffe90505,
0xffe90505,
0xffe90505,
0xffe90505,
0xffe90505,
0xffe90505,
0xffe90505,
0xffe90505,
0xffe90505,
0xffe90505,
0xffe90505,
0xffe90505,
0xffe90505,
0xffe90505,
0xffe90505,
0xffe90505,
0xffe90505,
0xffe90505,
0xffe90505,
0xffe90505,
0xffe90505,
0xffe90505,
0xffe90505,
0xffe90505,
0xffe90505,
0xffe90505,
0xffe90505,
0xffe90505,
0xffe90505,
0xffe90505,
0xffe90505,
0xffe90505,
0xffe90505,
0xffe90505,
0xffe90505,
0xffe90505,
0xffe90505,
0xffe90505,
0xffe90505,
0xffe90505,
0xffe90505,
0xffe90505,
0xffe90505,
0xffe90505,
0xffe90505,
0xffe90505,
0xffe90505,
0xffe90505,
0xffe90505,
0xffe90505,
0xffe90505,
0xffe90505,
0xffe90505,
0xffe90505,
0xffe90505,
0xffe90505,
0xffe90505,
0xffe90505,
0xffe90505,
0xffe90505,
0xffe90505,
0xffe90505,
0xffe90505,
0xffe90505,
0xffe90505,
0xffe90505,
0xffe90505,
0xffe90505,
0xffe90505,
0xffe90505,
0xffe90505,
0xffe90505,
0xffe90505,
0xffe90505,
0xffe90505,
0xffe90505,
0xffe90505,
0xffe90505,
0xffe90505,
0xffe90505,
0xffe90505,
0xffe90505,
0xffe90505,
0xffe90505,
0xffe90505,
0xffe90505,
0xffe90505,
0xffe90505,
0xffe90505,
0xffe90505,
0xffe90505,
0xffe90505,
0xffe90505,
0xffe90505,
0xffe90505,
0xffe90505,
0xffe90505,
0xffe90505,
0xffe90505,
0xffe90505,
0xffe90505,
0xffe90505,
0xffe90505,
0xffe90505,
0xffe90505,
0xffe90505,
0xffe90505,
0xffe90505,
0xffe90505,
0xffe90505,
0xffe90505,
0xffe90505,
0xffe90505,
0xffe90505,
0xffe90505,
0xffe90505,
0xffe90505,
0xffe90505,
0xffe90505,
0xffe90505,
0xffe90505,
0xffe90505,
0xffe90505,
0xffe90505,
0xffe90505,
0xffe90505,
0xffe90505,
0xffe90505,
0xffe90505,
0xffe90505,
0xffe90505,
0xffe90505,
0xffe90505,
0xffe90505,
0xffe90505,
0xffe90505,
0xffe90505,
0xffe90505,
0xffe90505,
0xffe90505,
0xffe90505,
0xffe90505,
0xffe90505,
0xffe90505,
0xffe90505,
0xffe90505,
0xffe90505,
0xffe90505,
0xffe90505,
0xffe90505,
0xffe90505,
0xffe90505,
0xffe90505,
0xffe90505,
0xffe90505,
0xffe90505,
0xffe90505,
0xffe90505,
0xffe90505,
0xffe90505,
0xffe90505,
0xffe90505,
0xffe90505,
0xffe90505,
0xffe90505,
0xffe90505,
0xffe90505,
0xffe90505,
0xffe90505,
0xffe90505,
0xffe90505,
0xffe90505,
0xffe90505,
0xffe90505,
0xffe90505,
0xffe90505,
0xffe90505,
0xffe90505,
0xffe90505,
0xffe90505,
0xffe90505,
0xffe90505,
0xffe90505,
0xffe90505,
0xffe90505,
0xffe90505,
0xffe90505,
0xffe90505,
0xffe90505,
0xffe90505,
0xffe90505,
0xffe90505,
0xffe90505,
0xffe90505,
0xffe90505,
0xffe90505,
0xffe90505,
0xffe90505,
0xffe90505,
0xffe90505,
0xffe90505,
0xffe90505,
0xffea1515,
0xfff7a1a1,
0xfff7a1a1,
0xfff7a1a1,
0xfff7a1a1,
0xfff16262,
0xffe90505,
0xffe90505,
0xffe90505,
0xffe90505,
0xffe90505,
0xffe90505,
0xffe90505,
0xffe90505,
0xffe90505,
0xffe90505,
0xffe90505,
0xffe90505,
0xffe90505,
0xffe90505,
0xffe90505,
0xffe90505,
0xffe90505,
0xffe90505,
0xffe90505,
0xffe90505,
0xffe90505,
0xffe90505,
0xffe90505,
0xffe90505,
0xffe90505,
0xffe90505,
0xffe90505,
0xffe90505,
0xffe90505,
0xffe90505,
0xffe90505,
0xffe90505,
0xffe90505,
0xffe90505,
0xffe90505,
0xffe90505,
0xffe90505,
0xffe90505,
0xffe90505,
0xffe90505,
0xffe90505,
0xffe90505,
0xffe90505,
0xffe90505,
0xffe90505,
0xffe90505,
0xffe90505,
0xffe90505,
0xffe90505,
0xffe90505,
0xffe90505,
0xffe90505,
0xffe90505,
0xffe90505,
0xffe90505,
0xffe90505,
0xffe90505,
0xffe90505,
0xffe90505,
0xffe90505,
0xffe90505,
0xffe90505,
0xffe90505,
0xffe90505,
0xffe90505,
0xffe90505,
0xffe90505,
0xffe90505,
0xffe90505,
0xffe90505,
0xffe90505,
0xffe90505,
0xffe90505,
0xffe90505,
0xffe90505,
0xffe90505,
0xffe90505,
0xffe90505,
0xffe90505,
0xffe90505,
0xffe90505,
0xffe90505,
0xffe90505,
0xffe90505,
0xffe90505,
0xffe90505,
0xffe90505,
0xffe90505,
0xffe90505,
0xffe90505,
0xffe90505,
0xffe90505,
0xffe90505,
0xffe90505,
0xffe90505,
0xffe90505,
0xffe90505,
0xffe90505,
0xffe90505,
0xffe90505,
0xffe90505,
0xffe90505,
0xffe90505,
0xffe90505,
0xffe90505,
0xffe90505,
0xffe90505,
0xffe90505,
0xffe90505,
0xffe90505,
0xffe90505,
0xffe90505,
0xffe90505,
0xffe90505,
0xffe90505,
0xffe90505,
0xffe90505,
0xffe90505,
0xffe90505,
0xffe90505,
0xffe90505,
0xffe90505,
0xffe90505,
0xffe90505,
0xffe90505,
0xffe90505,
0xffe90505,
0xffe90505,
0xffe90505,
0xffe90505,
0xffe90505,
0xffe90505,
0xffe90505,
0xffe90505,
0xffe90505,
0xffe90505,
0xffe90505,
0xffe90505,
0xffe90505,
0xffe90505,
0xffe90505,
0xffe90505,
0xffe90505,
0xffe90505,
0xffe90505,
0xffe90505,
0xffe90505,
0xffe90505,
0xffe90505,
0xffe90505,
0xffe90505,
0xffe90505,
0xffe90505,
0xffe90505,
0xffe90505,
0xffe90505,
0xffe90505,
0xffe90505,
0xffe90505,
0xffe90505,
0xffe90505,
0xffe90505,
0xffe90505,
0xffe90505,
0xffe90505,
0xffe90505,
0xffe90505,
0xffe90505,
0xffe90505,
0xffe90505,
0xffe90505,
0xffe90505,
0xffe90505,
0xffe90505,
0xffe90505,
0xffe90505,
0xffe90505,
0xffe90505,
0xffe90505,
0xffe90505,
0xffe90505,
0xffe90505,
0xffe90505,
0xffe90505,
0xffe90505,
0xffe90505,
0xffe90505,
0xffe90505,
0xffe90505,
0xffe90505,
0xffe90505,
0xffe90505,
0xffe90505,
0xffe90505,
0xffe90505,
0xffe90505,
0xffe90505,
0xffe90505,
0xffe90505,
0xffe90505,
0xffe90505,
0xffe90505,
0xffe90505,
0xffe90505,
0xffe90505,
0xffe90505,
0xffe90505,
0xffe90505,
0xffe90505,
0xffe90505,
0xffe90505,
0xffe90505,
0xffe90505,
0xffe90505,
0xffe90505,
0xffe90505,
0xffe90505,
0xffe90505,
0xffe90505,
0xffe90505,
0xffe90505,
0xffe90505,
0xffe90505,
0xffe90505,
0xffe90505,
0xffe90505,
0xffe90505,
0xffe90505,
0xffe90505,
0xffe90505,
0xffe90505,
0xffe90505,
0xffe90505,
0xffe90505,
0xffe90505,
0xffe90505,
0xffe90505,
0xffe90505,
0xffe90505,
0xffe90505,
0xffe90505,
0xffe90505,
0xffe90505,
0xffe90505,
0xffe90505,
0xffe90505,
0xffe90505,
0xffe90505,
0xffe90505,
0xffe90505,
0xffe90505,
0xffe90505,
0xffe90505,
0xffe90505,
0xffe90505,
0xffe90505,
0xffe90505,
0xffe90505,
0xffe90505,
0xffe90505,
0xffe90505,
0xffe90505,
0xffe90505,
0xffe90505,
0xffe90505,
0xffe90505,
0xffe90505,
0xffe90505,
0xffe90505,
0xffe90505,
0xffe90505,
0xffe90505,
0xffe90505,
0xffe90505,
0xffe90505,
0xffe90505,
0xffe90505,
0xffe90505,
0xffe90505,
0xffe90505,
0xffe90505,
0xffe90505,
0xffe90505,
0xffe90505,
0xffe90505,
0xffe90505,
0xffe90505,
0xffe90505,
0xffe90505,
0xffe90505,
0xffe90505,
0xffe90505,
0xffe90505,
0xffe90505,
0xffe90505,
0xffe90505,
0xffe90505,
0xffe90505,
0xffe90505,
0xffe90505,
0xffe90505,
0xffe90505,
0xffe90505,
0xffe90505,
0xffe90505,
0xffe90505,
0xffe90505,
0xffe90505,
0xffe90505,
0xffe90505,
0xffe90505,
0xffe90505,
0xffe90505,
0xffe90505,
0xffe90505,
0xffe90505,
0xffe90505,
0xffe90505,
0xffe90505,
0xffe90505,
0xffe90505,
0xffe90505,
0xffe90505,
0xffe90505,
0xffe90505,
0xffe90505,
0xffe90505,
0xffe90505,
0xffe90505,
0xffe90505,
0xffe90505,
0xffe90505,
0xffe90505,
0xffe90505,
0xffe90505,
0xffe90505,
0xffe90505,
0xffe90505,
0xffe90505,
0xffe90505,
0xffe90505,
0xffe90505,
0xffe90505,
0xffe90505,
0xffe90505,
0xffe90505,
0xffe90505,
0xffe90505,
0xffe90505,
0xffe90505,
0xffe90505,
0xffe90505,
0xffe90505,
0xffe90505,
0xffe90505,
0xffe90505,
0xffe90505,
0xffe90505,
0xffe90505,
0xffe90505,
0xffe90505,
0xffe90505,
0xffe90505,
0xffe90505,
0xffe90505,
0xffe90505,
0xffe90505,
0xffe90505,
0xffe90505,
0xffe90505,
0xffe90505,
0xffe90505,
0xffe90505,
0xffe90505,
0xffe90505,
0xffe90505,
0xffe90505,
0xffe90505,
0xffe90505,
0xffe90505,
0xffe90505,
0xffe90505,
0xffe90505,
0xffe90505,
0xffe90505,
0xffe90505,
0xffe90505,
0xffe90505,
0xffe90505,
0xffe90505,
0xffe90505,
0xffe90505,
0xffe90505,
0xffe90505,
0xffe90505,
0xffe90505,
0xffe90505,
0xffe90505,
0xffe90505,
0xffe90505,
0xffe90505,
0xffe90505,
0xffe90505,
0xffe90505,
0xffe90505,
0xffe90505,
0xffe90505,
0xffe90505,
0xffe90505,
0xffe90505,
0xffe90505,
0xffe90505,
0xffe90505,
0xffe90505,
0xffe90505,
0xffe90505,
0xffe90505,
0xffe90505,
0xffe90505,
0xffe90505,
0xffe90505,
0xffe90505,
0xffe90505,
0xffe90505,
0xffe90505,
0xffe90505,
0xffe90505,
0xffe90505,
0xffe90505,
0xffe90505,
0xffe90505,
0xffe90505,
0xffe90505,
0xffe90505,
0xffe90505,
0xffe90505,
0xffe90505,
0xffe90505,
0xffe90505,
0xffe90505,
0xffe90505,
0xffe90505,
0xffe90505,
0xffe90505,
0xffe90505,
0xffe90505,
0xffe90505,
0xffe90505,
0xffe90505,
0xffe90505,
0xffe90505,
0xffe90505,
0xffe90505,
0xffe90505,
0xffe90505,
0xffe90505,
0xffe90505,
0xffe90505,
0xffe90505,
0xffe90505,
0xffe90505,
0xffe90505,
0xffe90505,
0xffe90505,
0xffe90505,
0xffe90505,
0xffe90505,
0xffe90505,
0xffe90505,
0xffe90505,
0xffe90505,
0xffe90505,
0xffe90505,
0xffe90505,
0xffe90505,
0xffe90505,
0xffe90505,
0xffe90505,
0xffe90505,
0xffe90505,
0xffe90505,
0xffe90505,
0xffe90505,
0xffe90505,
0xffe90505,
0xffe90505,
0xffe90505,
0xffe90505,
0xffe90505,
0xffe90505,
0xffe90505,
0xffe90505,
0xffe90505,
0xffe90505,
0xffe90505,
0xffe90505,
0xffe90505,
0xffe90505,
0xffe90505,
0xffe90505,
0xffe90505,
0xffe90505,
0xffe90505,
0xffe90505,
0xffe90505,
0xffe90505,
0xffe90505,
0xffe90505,
0xffe90505,
0xffe90505,
0xffe90505,
0xffe90505,
0xffe90505,
0xffe90505,
0xffe90505,
0xffe90505,
0xffe90505,
0xffe90505,
0xffe90505,
0xffe90505,
0xffe90505,
0xffe90505,
0xffe90505,
0xffe90505,
0xffe90505,
0xffe90505,
0xffe90505,
0xffe90505,
0xffe90505,
0xffe90505,
0xffe90505,
0xffe90505,
0xffe90505,
0xffe90505,
0xffe90505,
0xffe90505,
0xffe90505,
0xffe90505,
0xffe90505,
0xffe90505,
0xffe90505,
0xffe90505,
0xffe90505,
0xffe90505,
0xffe90505,
0xffe90505,
0xffe90505,
0xffe90505,
0xffe90505,
0xffe90505,
0xffe90505,
0xffe90505,
0xffe90505,
0xffe90505,
0xffe90505,
0xffe90505,
0xffe90505,
0xffe90505,
0xffe90505,
0xffe90505,
0xffe90505,
0xffe90505,
0xffe90505,
0xffe90505,
0xffe90505,
0xffe90505,
0xffe90505,
0xffe90505,
0xffe90505,
0xffe90505,
0xffe90505,
0xffe90505,
0xffe90505,
0xffe90505,
0xffe90505,
0xffe90505,
0xffe90505,
0xffe90505,
0xffe90505,
0xffe90505,
0xffe90505,
0xffe90505,
0xffe90505,
0xffe90505,
0xffe90505,
0xffe90505,
0xffe90505,
0xffe90505,
0xffe90505,
0xffe90505,
0xffe90505,
0xffe90505,
0xffe90505,
0xffe90505,
0xffe90505,
0xffe90505,
0xffe90505,
0xffe90505,
0xffe90505,
0xffe90505,
0xffe90505,
0xffe90505,
0xffe90505,
0xffe90505,
0xffe90505,
0xffe90505,
0xffe90505,
0xffe90505,
0xffe90505,
0xffe90505,
0xffe90505,
0xffe90505,
0xffe90505,
0xffe90505,
0xffe90505,
0xffe90505,
0xffe90505,
0xffe90505,
0xffe90505,
0xffe90505,
0xffe90505,
0xffe90505,
0xffe90505,
0xffe90505,
0xffe90505,
0xffe90505,
0xffe90505,
0xffe90505,
0xffe90505,
0xffe90505,
0xffe90505,
0xffe90505,
0xffe90505,
0xffe90505,
0xffe90505,
0xffe90505,
0xffe90505,
0xffe90505,
0xffe90505,
0xffe90505,
0xffe90505,
0xffe90505,
0xffe90505,
0xffe90505,
0xffe90505,
0xffe90505,
0xffe90505,
0xffe90505,
0xffe90505,
0xffe90505,
0xffe90505,
0xffe90505,
0xffe90505,
0xffe90505,
0xffe90505,
0xffe90505,
0xffe90505,
0xffe90505,
0xffe90505,
0xffe90505,
0xffe90505,
0xffe90505,
0xffe90505,
0xffe90505,
0xffe90505,
0xffe90505,
0xffe90505,
0xffe90505,
0xffe90505,
0xffe90505,
0xffe90505,
0xffe90505,
0xffe90505,
0xffe90505,
0xffe90505,
0xffe90505,
0xffe90505,
0xffe90505,
0xffe90505,
0xffe90505,
0xffe90505,
0xffe90505,
0xffe90505,
0xffe90505,
0xffe90505,
0xffe90505,
0xffe90505,
0xffe90505,
0xffe90505,
0xffe90505,
0xffe90505,
0xffe90505,
0xffe90505,
0xffe90505,
0xffe90505,
0xffe90505,
0xffe90505,
0xffe90505,
0xffe90505,
0xffe90505,
0xffe90505,
0xffe90505,
0xffe90505,
0xffe90505,
0xffe90505,
0xffe90505,
0xffe90505,
0xffe90505,
0xffe90505,
0xffe90505,
0xffe90505,
0xffe90505,
0xffe90505,
0xffe90505,
0xffe90505,
0xffe90505,
0xffe90505,
0xffe90505,
0xffe90505,
0xffe90505,
0xffe90505,
0xffe90505,
0xffe90505,
0xffe90505,
0xffe90505,
0xffe90505,
0xffe90505,
0xffe90505,
0xffe90505,
0xffe90505,
0xffe90505,
0xffe90505,
0xffe90505,
0xffe90505,
0xffe90505,
0xffe90505,
0xffe90505,
0xffe90505,
0xffe90505,
0xffe90505,
0xffe90505,
0xffe90505,
0xffe90505,
0xffe90505,
0xffe90505,
0xffe90505,
0xffe90505,
0xffe90505,
0xffe90505,
0xffe90505,
0xffe90505,
0xffe90505,
0xffe90505,
0xffe90505,
0xffe90505,
0xffe90505,
0xffe90505,
0xffe90505,
0xffe90505,
0xffe90505,
0xffe90505,
0xffe90505,
0xffe90505,
0xffe90505,
0xffe90505,
0xffe90505,
0xffe90505,
0xffe90505,
0xffe90505,
0xffe90505,
0xffe90505,
0xffe90505,
0xffe90505,
0xffe90505,
0xffe90505,
0xffe90505,
0xffe90505,
0xffe90505,
0xffe90505,
0xffe90505,
0xffe90505,
0xffe90505,
0xffe90505,
0xffe90505,
0xffe90505,
0xffe90505,
0xffe90505,
0xffe90505,
0xffe90505,
0xffe90505,
0xffe90505,
0xffe90505,
0xffe90505,
0xffe90505,
0xffe90505,
0xffe90505,
0xffe90505,
0xffe90505,
0xffe90505,
0xffe90505,
0xffe90505,
0xffe90505,
0xffe90505,
0xffe90505,
0xffe90505,
0xffe90505,
0xffe90505,
0xffe90505,
0xffe90505,
0xffe90505,
0xffe90505,
0xffe90505,
0xffe90505,
0xffe90505,
0xffe90505,
0xffe90505,
0xffe90505,
0xffe90505,
0xffe90505,
0xffe90505,
0xffe90505,
0xffe90505,
0xffe90505,
0xffe90505,
0xffe90505,
0xffe90505,
0xffe90505,
0xffe90505,
0xffe90505,
0xffe90505,
0xffe90505,
0xffe90505,
0xffe90505,
0xffe90505,
0xffe90505,
0xffe90505,
0xffe90505,
0xffe90505,
0xffe90505,
0xffe90505,
0xffe90505,
0xffe90505,
0xffe90505,
0xffe90505,
0xffe90505,
0xffe90505,
0xffe90505,
0xffe90505,
0xffe90505,
0xffe90505,
0xffe90505,
0xffe90505,
0xffe90505,
0xffe90505,
0xffe90505,
0xffe90505,
0xffe90505,
0xffe90505,
0xffe90505,
0xffe90505,
0xffe90505,
0xffe90505,
0xffe90505,
0xffe90505,
0xffe90505,
0xffe90505,
0xffe90505,
0xffe90505,
0xffe90505,
0xffe90505,
0xffe90505,
0xffe90505,
0xffe90505,
0xffe90505,
0xffe90505,
0xffe90505,
0xffe90505,
0xffe90505,
0xffe90505,
0xffe90505,
0xffe90505,
0xffe90505,
0xffe90505,
0xffe90505,
0xffe90505,
0xffe90505,
0xffe90505,
0xffe90505,
0xffe90505,
0xffe90505,
0xffe90505,
0xffe90505,
0xffe90505,
0xffe90505,
0xffe90505,
0xffe90505,
0xffe90505,
0xffe90505,
0xffe90505,
0xffe90505,
0xffe90505,
0xffe90505,
0xffe90505,
0xffe90505,
0xffe90505,
0xffe90505,
0xffe90505,
0xffe90505,
0xffe90505,
0xffe90505,
0xffe90505,
0xffe90505,
0xffe90505,
0xffe90505,
0xffe90505,
0xffe90505,
0xffe90505,
0xffe90505,
0xffe90505,
0xffe90505,
0xffe90505,
0xffe90505,
0xffe90505,
0xffe90505,
0xffe90505,
0xffe90505,
0xffe90505,
0xffe90505,
0xffe90505,
0xffe90505,
0xffe90505,
0xffe90505,
0xffe90505,
0xffe90505,
0xffe90505,
0xffe90505,
0xffe90505,
0xffe90505,
0xffe90505,
0xffe90505,
0xffe90505,
0xffe90505,
0xffe90505,
0xffe90505,
0xffe90505,
0xffe90505,
0xffe90505,
0xffe90505,
0xffe90505,
0xffe90505,
0xffe90505,
0xffe90505,
0xffe90505,
0xffe90505,
0xffe90505,
0xffe90505,
0xffe90505,
0xffe90505,
0xffe90505,
0xffe90505,
0xffe90505,
0xffe90505,
0xffe90505,
0xffe90505,
0xffe90505,
0xffe90505,
0xffe90505,
0xffe90505,
0xffe90505,
0xffe90505,
0xffe90505,
0xffe90505,
0xffe90505,
0xffe90505,
0xffe90505,
0xffe90505,
0xffe90505,
0xffe90505,
0xffe90505,
0xffe90505,
0xffe90505,
0xffe90505,
0xffe90505,
0xffe90505,
0xffe90505,
0xffe90505,
0xffe90505,
0xffe90505,
0xffe90505,
0xffe90505,
0xffe90505,
0xffe90505,
0xffe90505,
0xffe90505,
0xffe90505,
0xffe90505,
0xffe90505,
0xffe90505,
0xffe90505,
0xffe90505,
0xffe90505,
0xffe90505,
0xffe90505,
0xffe90505,
0xffe90505,
0xffe90505,
0xffe90505,
0xffe90505,
0xffe90505,
0xffe90505,
0xffe90505,
0xffe90505,
0xffe90505,
0xffe90505,
0xffe90505,
0xffe90505,
0xffe90505,
0xffe90505,
0xffe90505,
0xffe90505,
0xffe90505,
0xffe90505,
0xffe90505,
0xffe90505,
0xffe90505,
0xffe90505,
0xffe90505,
0xffe90505,
0xffe90505,
0xffe90505,
0xffe90505,
0xffe90505,
0xffe90505,
0xffe90505,
0xffe90505,
0xffe90505,
0xffe90505,
0xffe90505,
0xffe90505,
0xffe90505,
0xffe90505,
0xffe90505,
0xffe90505,
0xffe90505,
0xffe90505,
0xffe90505,
0xffe90505,
0xffe90505,
0xffe90505,
0xffe90505,
0xffe90505,
0xffe90505,
0xffe90505,
0xffe90505,
0xffe90505,
0xffe90505,
0xffe90505,
0xffe90505,
0xffe90505,
0xffe90505,
0xffe90505,
0xffe90505,
0xffe90505,
0xffe90505,
0xffe90505,
0xffe90505,
0xffe90505,
0xffe90505,
0xffe90505,
0xffe90505,
0xffe90505,
0xffe90505,
0xffe90505,
0xffe90505,
0xffe90505,
0xffe90505,
0xffe90505,
0xffe90505,
0xffe90505,
0xffe90505,
0xffe90505,
0xffe90505,
0xffe90505,
0xffe90505,
0xffe90505,
0xffe90505,
0xffe90505,
0xffe90505,
0xffe90505,
0xffe90505,
0xffe90505,
0xffe90505,
0xffe90505,
0xffe90505,
0xffe90505,
0xffe90505,
0xffe90505,
0xffe90505,
0xffe90505,
0xffe90505,
0xffe90505,
0xffe90505,
0xffe90505,
0xffe90505,
0xffe90505,
0xffe90505,
0xffe90505,
0xffe90505,
0xffe90505,
0xffe90505,
0xffe90505,
0xffe90505,
0xffe90505,
0xffe90505,
0xffe90505,
0xffe90505,
0xffe90505,
0xffe90505,
0xffe90505,
0xffe90505,
0xffe90505,
0xffe90505,
0xffe90505,
0xffe90505,
0xffe90505,
0xffe90505,
0xffe90505,
0xffe90505,
0xffe90505,
0xffe90505,
0xffe90505,
0xffe90505,
0xffe90505,
0xffe90505,
0xffe90505,
0xffe90505,
0xffe90505,
0xffe90505,
0xffe90505,
0xffe90505,
0xffe90505,
0xffe90505,
0xffe90505,
0xffe90505,
0xffe90505,
0xffe90505,
0xffe90505,
0xffe90505,
0xffe90505,
0xffe90505,
0xffe90505,
0xffe90505,
0xffe90505,
0xffe90505,
0xffe90505,
0xffe90505,
0xffe90505,
0xffe90505,
0xffe90505,
0xffe90505,
0xffe90505,
0xffe90505,
0xffe90505,
0xffe90505,
0xffe90505,
0xffe90505,
0xffe90505,
0xffe90505,
0xffe90505,
0xffe90505,
0xffe90505,
0xffe90505,
0xffe90505,
0xffe90505,
0xffe90505,
0xffe90505,
0xffe90505,
0xffe90505,
0xffe90505,
0xffe90505,
0xffe90505,
0xffe90505,
0xffe90505,
0xffe90505,
0xffe90505,
0xffe90505,
0xffe90505,
0xffe90505,
0xffe90505,
0xffe90505,
0xffe90505,
0xffe90505,
0xffe90505,
0xffe90505,
0xffe90505,
0xffe90505,
0xffe90505,
0xffe90505,
0xffe90505,
0xffe90505,
0xffe90505,
0xffe90505,
0xffe90505,
0xffe90505,
0xffe90505,
0xffe90505,
0xffe90505,
0xffe90505,
0xffe90505,
0xffe90505,
0xffe90505,
0xffe90505,
0xffe90505,
0xffe90505,
0xffe90505,
0xffe90505,
0xffe90505,
0xffe90505,
0xffe90505,
0xffe90505,
0xffe90505,
0xffe90505,
0xffe90505,
0xffe90505,
0xffe90505,
0xffe90505,
0xffe90505,
0xffe90505,
0xffe90505,
0xffe90505,
0xffe90505,
0xffe90505,
0xffe90505,
0xffe90505,
0xffe90505,
0xffe90505,
0xffe90505,
0xffe90505,
0xffe90505,
0xffe90505,
0xffe90505,
0xffe90505,
0xffe90505,
0xffe90505,
0xffe90505,
0xffe90505,
0xffe90505,
0xffe90505,
0xffe90505,
0xffe90505,
0xffe90505,
0xffe90505,
0xffe90505,
0xffe90505,
0xffe90505,
0xffe90505,
0xffe90505,
0xffe90505,
0xffe90505,
0xffe90505,
0xffe90505,
0xffe90505,
0xffe90505,
0xffe90505,
0xffe90505,
0xffe90505,
0xffe90505,
0xffe90505,
0xffe90505,
0xffe90505,
0xffe90505,
0xffe90505,
0xffe90505,
0xffe90505,
0xffe90505,
0xffe90505,
0xffe90505,
0xffe90505,
0xffe90505,
0xffe90505,
0xffe90505,
0xffe90505,
0xffe90505,
0xffe90505,
0xffe90505,
0xffe90505,
0xffe90505,
0xffe90505,
0xffe90505,
0xffe90505,
0xffe90505,
0xffe90505,
0xffe90505,
0xffe90505,
0xffe90505,
0xffe90505,
0xffe90505,
0xffe90505,
0xffe90505,
0xffe90505,
0xffe90505,
0xffe90505,
0xffe90505,
0xffe90505,
0xffe90505,
0xffe90505,
0xffe90505,
0xffe90505,
0xffe90505,
0xffe90505,
0xffe90505,
0xffe90505,
0xffe90505,
0xffe90505,
0xffe90505,
0xffe90505,
0xffe90505,
0xffe90505,
0xffe90505,
0xffe90505,
0xffe90505,
0xffe90505,
0xffe90505,
0xffe90505,
0xffe90505,
0xffe90505,
0xffe90505,
0xffe90505,
0xffe90505,
0xffe90505,
0xffe90505,
0xffe90505,
0xffe90505,
0xffe90505,
0xffe90505,
0xffe90505,
0xffe90505,
0xffe90505,
0xffe90505,
0xffe90505,
0xffe90505,
0xffe90505,
0xffe90505,
0xffe90505,
0xffe90505,
0xffe90505,
0xffe90505,
0xffe90505,
0xffe90505,
0xffe90505,
0xffe90505,
0xffe90505,
0xffe90505,
0xffe90505,
0xffe90505,
0xffe90505,
0xffe90505,
0xffe90505,
0xffe90505,
0xffe90505,
0xffe90505,
0xffe90505,
0xffe90505,
0xffe90505,
0xffe90505,
0xffe90505,
0xffe90505,
0xffe90505,
0xffe90505,
0xffe90505,
0xffe90505,
0xffe90505,
0xffe90505,
0xffe90505,
0xffe90505,
0xffe90505,
0xffe90505,
0xffe90505,
0xffe90505,
0xffe90505,
0xffe90505,
0xffe90505,
0xffe90505,
0xffe90505,
0xffe90505,
0xffe90505,
0xffe90505,
0xffe90505,
0xffe90505,
0xffe90505,
0xffe90505,
0xffe90505,
0xffe90505,
0xffe90505,
0xffe90505,
0xffe90505,
0xffe90505,
0xffe90505,
0xffe90505,
0xffe90505,
0xffe90505,
0xffe90505,
0xffe90505,
0xffe90505,
0xffe90505,
0xffe90505,
0xffe90505,
0xffe90505,
0xffe90505,
0xffe90505,
0xffe90505,
0xffe90505,
0xffe90505,
0xffe90505,
0xffe90505,
0xffe90505,
0xffe90505,
0xffe90505,
0xffe90505,
0xffe90505,
0xffe90505,
0xffe90505,
0xffe90505,
0xffe90505,
0xffe90505,
0xffe90505,
0xffe90505,
0xffe90505,
0xffe90505,
0xffe90505,
0xffe90505,
0xffe90505,
0xffe90505,
0xffe90505,
0xffe90505,
0xffe90505,
0xffe90505,
0xffe90505,
0xffe90505,
0xffe90505,
0xffe90505,
0xffe90505,
0xffe90505,
0xffe90505,
0xffe90505,
0xffe90505,
0xffe90505,
0xffe90505,
0xffe90505,
0xffe90505,
0xffe90505,
0xffe90505,
0xffe90505,
0xffe90505,
0xffe90505,
0xffe90505,
0xffe90505,
0xffe90505,
0xffe90505,
0xffe90505,
0xffe90505,
0xffe90505,
0xffe90505,
0xffe90505,
0xffe90505,
0xffe90505,
0xffe90505,
0xffe90505,
0xffe90505,
0xffe90505,
0xffe90505,
0xffe90505,
0xffe90505,
0xffe90505,
0xffe90505,
0xffe90505,
0xffe90505,
0xffe90505,
0xffe90505,
0xffe90505,
0xffe90505,
0xffe90505,
0xffe90505,
0xffe90505,
0xffe90505,
0xffe90505,
0xffe90505,
0xffe90505,
0xffe90505,
0xffe90505,
0xffe90505,
0xffe90505,
0xffe90505,
0xffe90505,
0xffe90505,
0xffe90505,
0xffe90505,
0xffe90505,
0xffe90505,
0xffe90505,
0xffe90505,
0xffe90505,
0xffe90505,
0xffe90505,
0xffe90505,
0xffe90505,
0xffe90505,
0xffe90505,
0xffe90505,
0xffe90505,
0xffe90505,
0xffe90505,
0xffe90505,
0xffe90505,
0xffe90505,
0xffe90505,
0xffe90505,
0xffe90505,
0xffe90505,
0xffe90505,
0xffe90505,
0xffe90505,
0xffe90505,
0xffe90505,
0xffe90505,
0xffe90505,
0xffe90505,
0xffe90505,
0xffe90505,
0xffe90505,
0xffe90505,
0xffe90505,
0xffe90505,
0xffe90505,
0xffe90505,
0xffe90505,
0xffe90505,
0xffe90505,
0xffe90505,
0xffe90505,
0xffe90505,
0xffe90505,
0xffe90505,
0xffe90505,
0xffe90505,
0xffe90505,
0xffe90505,
0xffe90505,
0xffe90505,
0xffe90505,
0xffe90505,
0xffe90505,
0xffe90505,
0xffe90505,
0xffe90505,
0xffe90505,
0xffe90505,
0xffe90505,
0xffe90505,
0xffe90505,
0xffe90505,
0xffe90505,
0xffe90505,
0xffe90505,
0xffe90505,
0xffe90505,
0xffe90505,
0xffe90505,
0xffe90505,
0xffe90505,
0xffe90505,
0xffe90505,
0xffe90505,
0xffe90505,
0xffe90505,
0xffe90505,
0xffe90505,
0xffe90505,
0xffe90505,
0xffe90505,
0xffe90505,
0xffe90505,
0xffe90505,
0xffe90505,
0xffe90505,
0xffe90505,
0xffe90505,
0xffe90505,
0xffe90505,
0xffe90505,
0xffe90505,
0xffe90505,
0xffe90505,
0xffe90505,
0xffe90505,
0xffe90505,
0xffe90505,
0xffe90505,
0xffe90505,
0xffe90505,
0xffe90505,
0xffe90505,
0xffe90505,
0xffe90505,
0xffe90505,
0xffe90505,
0xffe90505,
0xffe90505,
0xffe90505,
0xffe90505,
0xffe90505,
0xffe90505,
0xffe90505,
0xffe90505,
0xffe90505,
0xffe90505,
0xffe90505,
0xffe90505,
0xffe90505,
0xffe90505,
0xffe90505,
0xffe90505,
0xffe90505,
0xffe90505,
0xffe90505,
0xffe90505,
0xffe90505,
0xffe90505,
0xffe90505,
0xffe90505,
0xffe90505,
0xffe90505,
0xffe90505,
0xffe90505,
0xffe90505,
0xffe90505,
0xffe90505,
0xffe90505,
0xffe90505,
0xffe90505,
0xffe90505,
0xffe90505,
0xffe90505,
0xffe90505,
0xffe90505,
0xffe90505,
0xffe90505,
0xffe90505,
0xffe90505,
0xffe90505,
0xffe90505,
0xffe90505,
0xffe90505,
0xffe90505,
0xffe90505,
0xffe90505,
0xffe90505,
0xffe90505,
0xffe90505,
0xffe90505,
0xffe90505,
0xffe90505,
0xffe90505,
0xffe90505,
0xffe90505,
0xffe90505,
0xffe90505,
0xffe90505,
0xffe90505,
0xffe90505,
0xffe90505,
0xffe90505,
0xffe90505,
0xffe90505,
0xffe90505,
0xffe90505,
0xffe90505,
0xffe90505,
0xffe90505,
0xffe90505,
0xffe90505,
0xffe90505,
0xffe90505,
0xffe90505,
0xffe90505,
0xffe90505,
0xffe90505,
0xffe90505,
0xffe90505,
0xffe90505,
0xffe90505,
0xffe90505,
0xffe90505,
0xffe90505,
0xffe90505,
0xffe90505,
0xffe90505,
0xffe90505,
0xffe90505,
0xffe90505,
0xffe90505,
0xffe90505,
0xffe90505,
0xffe90505,
0xffe90505,
0xffe90505,
0xffe90505,
0xffe90505,
0xffe90505,
0xffe90505,
0xffe90505,
0xffe90505,
0xffe90505,
0xffe90505,
0xffe90505,
0xffe90505,
0xffe90505,
0xffe90505,
0xffe90505,
0xffe90505,
0xffe90505,
0xffe90505,
0xffe90505,
0xffe90505,
0xffe90505,
0xffe90505,
0xffe90505,
0xffe90505,
0xffe90505,
0xffe90505,
0xffe90505,
0xffe90505,
0xffe90505,
0xffe90505,
0xffe90505,
0xffe90505,
0xffe90505,
0xffe90505,
0xffe90505,
0xffe90505,
0xffe90505,
0xffe90505,
0xffe90505,
0xffe90505,
0xffe90505,
0xffe90505,
0xffe90505,
0xffe90505,
0xffe90505,
0xffe90505,
0xffe90505,
0xffe90505,
0xffe90505,
0xffe90505,
0xffe90505,
0xffe90505,
0xffe90505,
0xffe90505,
0xffe90505,
0xffe90505,
0xffe90505,
0xffe90505,
0xffe90505,
0xffe90505,
0xffe90505,
0xffe90505,
0xffe90505,
0xffe90505,
0xffe90505,
0xffe90505,
0xffe90505,
0xffe90505,
0xffe90505,
0xffe90505,
0xffe90505,
0xffe90505,
0xffe90505,
0xffe90505,
0xffe90505,
0xffe90505,
0xffe90505,
0xffe90505,
0xffe90505,
0xffe90505,
0xffe90505,
0xffe90505,
0xffe90505,
0xffe90505,
0xffe90505,
0xffe90505,
0xffe90505,
0xffe90505,
0xffe90505,
0xffe90505,
0xffe90505,
0xffe90505,
0xffe90505,
0xffe90505,
0xffe90505,
0xffe90505,
0xffe90505,
0xffe90505,
0xffe90505,
0xffe90505,
0xffe90505,
0xffe90505,
0xffe90505,
0xffe90505,
0xffe90505,
0xffe90505,
0xffe90505,
0xffe90505,
0xffe90505,
0xffe90505,
0xffe90505,
0xffe90505,
0xffe90505,
0xffe90505,
0xffe90505,
0xffe90505,
0xffe90505,
0xffe90505,
0xffe90505,
0xffe90505,
0xffe90505,
0xffe90505,
0xffe90505,
0xffe90505,
0xffe90505,
0xffe90505,
0xffe90505,
0xffe90505,
0xffe90505,
0xffe90505,
0xffe90505,
0xffe90505,
0xffe90505,
0xffe90505,
0xffe90505,
0xffe90505,
0xffe90505,
0xffe90505,
0xffe90505,
0xffe90505,
0xffe90505,
0xffe90505,
0xffe90505,
0xffe90505,
0xffe90505,
0xffe90505,
0xffe90505,
0xffe90505,
0xffe90505,
0xffe90505,
0xffe90505,
0xffe90505,
0xffe90505,
0xffe90505,
0xffe90505,
0xffe90505,
0xffe90505,
0xffe90505,
0xffe90505,
0xffe90505,
0xffe90505,
0xffe90505,
0xffe90505,
0xffe90505,
0xffe90505,
0xffe90505,
0xffe90505,
0xffe90505,
0xffe90505,
0xffe90505,
0xffe90505,
0xffe90505,
0xffe90505,
0xffe90505,
0xffe90505,
0xffe90505,
0xffe90505,
0xffe90505,
0xffe90505,
0xffe90505,
0xffe90505,
0xffe90505,
0xffe90505,
0xffe90505,
0xffe90505,
0xffe90505,
0xffe90505,
0xffe90505,
0xffe90505,
0xffe90505,
0xffe90505,
0xffe90505,
0xffe90505,
0xffe90505,
0xffe90505,
0xffe90505,
0xffe90505,
0xffe90505,
0xffe90505,
0xffe90505,
0xffe90505,
0xffe90505,
0xffe90505,
0xffe90505,
0xffe90505,
0xffe90505,
0xffe90505,
0xffe90505,
0xffe90505,
0xffe90505,
0xffe90505,
0xffe90505,
0xffe90505,
0xffe90505,
0xffe90505,
0xffe90505,
0xffe90505,
0xffe90505,
0xffe90505,
0xffe90505,
0xffe90505,
0xffe90505,
0xffe90505,
0xffe90505,
0xffe90505,
0xffe90505,
0xffe90505,
0xffe90505,
0xffe90505,
0xffe90505,
0xffe90505,
0xffe90505,
0xffe90505,
0xffe90505,
0xffe90505,
0xffe90505,
0xffe90505,
0xffe90505,
0xffe90505,
0xffe90505,
0xffe90505,
0xffe90505,
0xffe90505,
0xffe90505,
0xffe90505,
0xffe90505,
0xffe90505,
0xffe90505,
0xffe90505,
0xffe90505,
0xffe90505,
0xffe90505,
0xffe90505,
0xffe90505,
0xffe90505,
0xffe90505,
0xffe90505,
0xffe90505,
0xffe90505,
0xffe90505,
0xffe90505,
0xffe90505,
0xffe90505,
0xffe90505,
0xffe90505,
0xffe90505,
0xffe90505,
0xffe90505,
0xffe90505,
0xffe90505,
0xffe90505,
0xffe90505,
0xffe90505,
0xffe90505,
0xffe90505,
0xffe90505,
0xffe90505,
0xffe90505,
0xffe90505,
0xffe90505,
0xffe90505,
0xffe90505,
0xffe90505,
0xffe90505,
0xffe90505,
0xffe90505,
0xffe90505,
0xffe90505,
0xffe90505,
0xffe90505,
0xffe90505,
0xffe90505,
0xffe90505,
0xffe90505,
0xffe90505,
0xffe90505,
0xffe90505,
0xffe90505,
0xffe90505,
0xffe90505,
0xffe90505,
0xffe90505,
0xffe90505,
0xffe90505,
0xffe90505,
0xffe90505,
0xffe90505,
0xffe90505,
0xffe90505,
0xffe90505,
0xffe90505,
0xffe90505,
0xffe90505,
0xffe90505,
0xffe90505,
0xffe90505,
0xffe90505,
0xffe90505,
0xffe90505,
0xffe90505,
0xffe90505,
0xffe90505,
0xffe90505,
0xffe90505,
0xffe90505,
0xffe90505,
0xffe90505,
0xffe90505,
0xffe90505,
0xffe90505,
0xffe90505,
0xffe90505,
0xffe90505,
0xffe90505,
0xffe90505,
0xffe90505,
0xffe90505,
0xffe90505,
0xffe90505,
0xffe90505,
0xffe90505,
0xffe90505,
0xffe90505,
0xffe90505,
0xffe90505,
0xffe90505,
0xffe90505,
0xffe90505,
0xffe90505,
0xffe90505,
0xffe90505,
0xffe90505,
0xffe90505,
0xffe90505,
0xffe90505,
0xffe90505,
0xffe90505,
0xffe90505,
0xffe90505,
0xffe90505,
0xffe90505,
0xffe90505,
0xffe90505,
0xffe90505,
0xffe90505,
0xffe90505,
0xffe90505,
0xffe90505,
0xffe90505,
0xffe90505,
0xffe90505,
0xffe90505,
0xffe90505,
0xffe90505,
0xffe90505,
0xffe90505,
0xffe90505,
0xffe90505,
0xffe90505,
0xffe90505,
0xffe90505,
0xffe90505,
0xffe90505,
0xffe90505,
0xffe90505,
0xffe90505,
0xffe90505,
0xffe90505,
0xffe90505,
0xffe90505,
0xffe90505,
0xffe90505,
0xffe90505,
0xffe90505,
0xffe90505,
0xffe90505,
0xffe90505,
0xffe90505,
0xffe90505,
0xffe90505,
0xffe90505,
0xffe90505,
0xffe90505,
0xffe90505,
0xffe90505,
0xffe90505,
0xffe90505,
0xffe90505,
0xffe90505,
0xffe90505,
0xffe90505,
0xffe90505,
0xffe90505,
0xffe90505,
0xffe90505,
0xffe90505,
0xffe90505,
0xffe90505,
0xffe90505,
0xffe90505,
0xffe90505,
0xffe90505,
0xffe90505,
0xffe90505,
0xffe90505,
0xffe90505,
0xffe90505,
0xffe90505,
0xffe90505,
0xffe90505,
0xffe90505,
0xffe90505,
0xffe90505,
0xffe90505,
0xffe90505,
0xffe90505,
0xffe90505,
0xffe90505,
0xffe90505,
0xffe90505,
0xffe90505,
0xffea1515,
0xffea1515,
0xffe90505,
0xffe90505,
0xffe90505,
0xffe90505,
0xffe90505,
0xffe90505,
0xffe90505,
0xffe90505,
0xffe90505,
0xffe90505,
0xffe90505,
0xffe90505,
0xffe90505,
0xffe90505,
0xffe90505,
0xffe90505,
0xffe90505,
0xffe90505,
0xffe90505,
0xffe90505,
0xffe90505,
0xffe90505,
0xffe90505,
0xffe90505,
0xffe90505,
0xffe90505,
0xffe90505,
0xffe90505,
0xffe90505,
0xffe90505,
0xffe90505,
0xffe90505,
0xffe90505,
0xffe90505,
0xffe90505,
0xffe90505,
0xffe90505,
0xffe90505,
0xffe90505,
0xffe90505,
0xffe90505,
0xffe90505,
0xffe90505,
0xffe90505,
0xffe90505,
0xffe90505,
0xffe90505,
0xffe90505,
0xffe90505,
0xffe90505,
0xffe90505,
0xffe90505,
0xffe90505,
0xffe90505,
0xffe90505,
0xffe90505,
0xffe90505,
0xffe90505,
0xffe90505,
0xffe90505,
0xffe90505,
0xffe90505,
0xffe90505,
0xffe90505,
0xffe90505,
0xffe90505,
0xffe90505,
0xffe90505,
0xffe90505,
0xffe90505,
0xffe90505,
0xffe90505,
0xffe90505,
0xffe90505,
0xffe90505,
0xffe90505,
0xffe90505,
0xffe90505,
0xffe90505,
0xffe90505,
0xffe90505,
0xffe90505,
0xffe90505,
0xffe90505,
0xffe90505,
0xffe90505,
0xffeb2424,
0xffe90505,
0xffe90505,
0xffe90505,
0xffe90505,
0xffe90505,
0xffe90505,
0xffe90505,
0xffe90505,
0xffe90505,
0xffe90505,
0xffe90505,
0xffe90505,
0xffe90505,
0xffe90505,
0xffe90505,
0xffe90505,
0xffe90505,
0xffe90505,
0xffe90505,
0xffe90505,
0xffe90505,
0xffe90505,
0xffe90505,
0xffe90505,
0xffe90505,
0xffe90505,
0xffe90505,
0xffe90505,
0xffe90505,
0xffe90505,
0xffe90505,
0xffe90505,
0xffe90505,
0xffe90505,
0xffe90505,
0xffe90505,
0xffe90505,
0xffe90505,
0xffe90505,
0xffe90505,
0xffe90505,
0xffe90505,
0xffe90505,
0xffe90505,
0xffe90505,
0xffe90505,
0xffe90505,
0xffe90505,
0xffe90505,
0xffe90505,
0xffe90505,
0xffe90505,
0xffe90505,
0xffe90505,
0xffe90505,
0xffe90505,
0xffe90505,
0xffe90505,
0xffe90505,
0xffe90505,
0xffe90505,
0xfff27272,
0xfff16262,
0xffe90505,
0xffe90505,
0xffe90505,
0xfff27272,
0xffef5353,
0xffe90505,
0xffe90505,
0xffe90505,
0xffe90505,
0xffe90505,
0xffe90505,
0xffe90505,
0xffe90505,
0xffe90505,
0xffe90505,
0xffe90505,
0xffe90505,
0xffe90505,
0xffe90505,
0xffe90505,
0xffe90505,
0xffe90505,
0xffe90505,
0xffe90505,
0xffe90505,
0xffe90505,
0xffe90505,
0xffe90505,
0xffea1515,
0xfff6a1a1,
0xffea1515,
0xffe90505,
0xffe90505,
0xffe90505,
0xffe90505,
0xffe90505,
0xffe90505,
0xffe90505,
0xffe90505,
0xffe90505,
0xffe90505,
0xffe90505,
0xffe90505,
0xffe90505,
0xffe90505,
0xffe90505,
0xffe90505,
0xffe90505,
0xffe90505,
0xffe90505,
0xffe90505,
0xffe90505,
0xffe90505,
0xffe90505,
0xffe90505,
0xffe90505,
0xffe90505,
0xffe90505,
0xffe90505,
0xffe90505,
0xffe90505,
0xffe90505,
0xffe90505,
0xffe90505,
0xffe90505,
0xffe90505,
0xffe90505,
0xffe90505,
0xffe90505,
0xffe90505,
0xffe90505,
0xffeb2424,
0xfff59292,
0xfff8b0b0,
0xfff59292,
0xffee4343,
0xffe90505,
0xffe90505,
0xffe90505,
0xffeb2424,
0xfff59292,
0xfff6a1a1,
0xfff59292,
0xffed3333,
0xffe90505,
0xffe90505,
0xffe90505,
0xffe90505,
0xfff48282,
0xfff48282,
0xffe90505,
0xffe90505,
0xffe90505,
0xffe90505,
0xffe90505,
0xffe90505,
0xffe90505,
0xffe90505,
0xffe90505,
0xffe90505,
0xffe90505,
0xffe90505,
0xffe90505,
0xffe90505,
0xffe90505,
0xffe90505,
0xffe90505,
0xffe90505,
0xffe90505,
0xffe90505,
0xffe90505,
0xffe90505,
0xffe90505,
0xffe90505,
0xffe90505,
0xffe90505,
0xffe90505,
0xffe90505,
0xffe90505,
0xffe90505,
0xffe90505,
0xffe90505,
0xffe90505,
0xffe90505,
0xffe90505,
0xffe90505,
0xffe90505,
0xffe90505,
0xffe90505,
0xffe90505,
0xffe90505,
0xffe90505,
0xffe90505,
0xffe90505,
0xffe90505,
0xffe90505,
0xffe90505,
0xffe90505,
0xffe90505,
0xffe90505,
0xffe90505,
0xffe90505,
0xffe90505,
0xffe90505,
0xffe90505,
0xffe90505,
0xffe90505,
0xffe90505,
0xffe90505,
0xffe90505,
0xffe90505,
0xffe90505,
0xffe90505,
0xffe90505,
0xffe90505,
0xffe90505,
0xffe90505,
0xffe90505,
0xffe90505,
0xffe90505,
0xffe90505,
0xffe90505,
0xffe90505,
0xffe90505,
0xffe90505,
0xffe90505,
0xffe90505,
0xffe90505,
0xffe90505,
0xffe90505,
0xffe90505,
0xffe90505,
0xffe90505,
0xffe90505,
0xffe90505,
0xffe90505,
0xfffce0e0,
0xffef4444,
0xffe90505,
0xffe90505,
0xffe90505,
0xffe90505,
0xffe90505,
0xffe90505,
0xffe90505,
0xffe90505,
0xffe90505,
0xffe90505,
0xffe90505,
0xffe90505,
0xffe90505,
0xffe90505,
0xffe90505,
0xffe90505,
0xffe90505,
0xffe90505,
0xffe90505,
0xffe90505,
0xffe90505,
0xffe90505,
0xffe90505,
0xffe90505,
0xffe90505,
0xffe90505,
0xffe90505,
0xffe90505,
0xffe90505,
0xffe90505,
0xffe90505,
0xffe90505,
0xffe90505,
0xffe90505,
0xffe90505,
0xffe90505,
0xffe90505,
0xffe90505,
0xffe90505,
0xffe90505,
0xffe90505,
0xffe90505,
0xffe90505,
0xffe90505,
0xffe90505,
0xffe90505,
0xffe90505,
0xffe90505,
0xffe90505,
0xffe90505,
0xffe90505,
0xffe90505,
0xffe90505,
0xffe90505,
0xffe90505,
0xffe90505,
0xffe90505,
0xffe90505,
0xffe90505,
0xffe90505,
0xffee4343,
0xfffdefef,
0xffe90505,
0xffe90505,
0xffeb2424,
0xffffffff,
0xffec2424,
0xffe90505,
0xffe90505,
0xffe90505,
0xffe90505,
0xffe90505,
0xffe90505,
0xffe90505,
0xffe90505,
0xffe90505,
0xffe90505,
0xffe90505,
0xffe90505,
0xffe90505,
0xffe90505,
0xffe90505,
0xffe90505,
0xffe90505,
0xffe90505,
0xffe90505,
0xffe90505,
0xffe90505,
0xffe90505,
0xffe90505,
0xfff16363,
0xfffeefef,
0xfff27272,
0xffe90505,
0xffe90505,
0xffe90505,
0xffe90505,
0xffe90505,
0xffe90505,
0xffe90505,
0xffe90505,
0xffe90505,
0xffe90505,
0xfff16363,
0xfff05353,
0xffe90505,
0xffe90505,
0xffe90505,
0xffe90505,
0xffe90505,
0xffe90505,
0xffe90505,
0xffe90505,
0xffe90505,
0xffe90505,
0xffe90505,
0xffe90505,
0xffe90505,
0xffe90505,
0xffe90505,
0xffe90505,
0xffe90505,
0xffe90505,
0xffe90505,
0xffe90505,
0xffe90505,
0xffe90505,
0xffe90505,
0xffe90505,
0xffe90505,
0xffe90505,
0xffe90505,
0xffeb2424,
0xfffeefef,
0xfff48282,
0xfff05454,
0xfff16363,
0xfffce0e0,
0xfff27171,
0xffe90505,
0xffe90505,
0xfffce0e0,
0xfff59292,
0xffef4444,
0xfff37272,
0xffef5353,
0xffe90505,
0xffe90505,
0xffe90505,
0xffe90505,
0xfff48282,
0xfff48282,
0xffe90505,
0xffe90505,
0xffe90505,
0xffe90505,
0xffe90505,
0xffe90505,
0xffe90505,
0xffe90505,
0xffe90505,
0xffe90505,
0xffe90505,
0xffe90505,
0xffe90505,
0xffe90505,
0xffe90505,
0xffe90505,
0xffe90505,
0xffe90505,
0xffe90505,
0xffe90505,
0xffe90505,
0xffe90505,
0xffe90505,
0xffe90505,
0xffe90505,
0xffe90505,
0xffe90505,
0xffe90505,
0xffe90505,
0xffe90505,
0xffe90505,
0xffe90505,
0xffe90505,
0xffe90505,
0xffe90505,
0xffe90505,
0xffe90505,
0xffe90505,
0xffe90505,
0xffe90505,
0xffe90505,
0xffe90505,
0xffe90505,
0xffe90505,
0xffe90505,
0xffe90505,
0xffe90505,
0xffe90505,
0xffe90505,
0xffe90505,
0xffe90505,
0xffe90505,
0xffe90505,
0xffe90505,
0xffe90505,
0xffe90505,
0xffe90505,
0xffe90505,
0xffe90505,
0xffe90505,
0xffeb2424,
0xfff7a1a1,
0xffe90505,
0xffe90505,
0xffe90505,
0xffe90505,
0xffe90505,
0xffe90505,
0xffe90505,
0xffe90505,
0xffe90505,
0xffe90505,
0xffe90505,
0xffe90505,
0xffe90505,
0xffe90505,
0xffe90505,
0xffe90505,
0xffe90505,
0xffe90505,
0xffe90505,
0xffe90505,
0xffe90505,
0xffe90505,
0xffe90505,
0xffe90505,
0xfffce0e0,
0xffef4444,
0xffe90505,
0xffe90505,
0xffe90505,
0xffe90505,
0xffe90505,
0xffe90505,
0xffe90505,
0xffe90505,
0xffe90505,
0xffe90505,
0xffe90505,
0xffe90505,
0xffe90505,
0xffe90505,
0xffe90505,
0xffe90505,
0xffe90505,
0xffe90505,
0xffe90505,
0xffe90505,
0xffe90505,
0xffe90505,
0xffe90505,
0xffe90505,
0xffe90505,
0xffe90505,
0xffe90505,
0xffe90505,
0xffe90505,
0xffe90505,
0xffe90505,
0xffe90505,
0xffe90505,
0xffe90505,
0xffe90505,
0xffe90505,
0xffe90505,
0xffe90505,
0xffe90505,
0xffe90505,
0xffe90505,
0xffe90505,
0xffe90505,
0xffe90505,
0xffe90505,
0xffe90505,
0xffe90505,
0xffe90505,
0xffe90505,
0xffe90505,
0xffe90505,
0xffe90505,
0xffe90505,
0xffe90505,
0xffe90505,
0xffe90505,
0xffe90505,
0xffe90505,
0xffe90505,
0xffe90505,
0xffe90505,
0xfff9c0c0,
0xfff16262,
0xffe90505,
0xfff6a1a1,
0xfff7a1a1,
0xffe90505,
0xffea1515,
0xfff37272,
0xfff48282,
0xfff16262,
0xffe90505,
0xffe90505,
0xffea1515,
0xffef5353,
0xffe90505,
0xffe90505,
0xffea1515,
0xfff16363,
0xffe90505,
0xffe90505,
0xffef5353,
0xffeb2424,
0xfff48282,
0xffee4343,
0xffe90505,
0xffe90505,
0xffe90505,
0xffe90505,
0xffe90505,
0xfff9c0c0,
0xfff48282,
0xfff9c0c0,
0xffe90505,
0xffe90505,
0xffe90505,
0xfff05353,
0xffea1515,
0xffe90505,
0xffe90505,
0xfff05353,
0xffea1515,
0xffeb2424,
0xfffbd0d0,
0xfff6a1a1,
0xfff16363,
0xffe90505,
0xfff05353,
0xffeb2424,
0xffe90505,
0xffe90505,
0xfff05353,
0xffeb2424,
0xffe90505,
0xffee4343,
0xffeb2424,
0xfff37272,
0xfff48282,
0xffed3333,
0xffea1515,
0xfff37272,
0xfff48282,
0xffeb2424,
0xffe90505,
0xffe90505,
0xfff05353,
0xffeb2424,
0xfff37272,
0xfff48282,
0xffeb2424,
0xffe90505,
0xffe90505,
0xfff9c0c0,
0xfff59191,
0xffe90505,
0xffe90505,
0xffe90505,
0xffee4343,
0xfffdefef,
0xffea1515,
0xffec2424,
0xfffce0e0,
0xffe90505,
0xffe90505,
0xffe90505,
0xffe90505,
0xffe90505,
0xffe90505,
0xffe90505,
0xffe90505,
0xfff48282,
0xfff48282,
0xfff16363,
0xfff48282,
0xfff16262,
0xffe90505,
0xffe90505,
0xffea1515,
0xfff37272,
0xfff48282,
0xfff37272,
0xffeb2424,
0xffe90505,
0xffe90505,
0xffee4343,
0xfff48282,
0xfff48282,
0xffeb2424,
0xffe90505,
0xffe90505,
0xffe90505,
0xffe90505,
0xffe90505,
0xffee4343,
0xfff48282,
0xfff16262,
0xffea1515,
0xffe90505,
0xffea1515,
0xffee4343,
0xffed3333,
0xfff48282,
0xfff37272,
0xffeb2424,
0xffe90505,
0xffe90505,
0xffea1515,
0xfff37272,
0xfff48282,
0xfff16262,
0xffe90505,
0xffe90505,
0xffee4343,
0xfff48282,
0xfff48282,
0xffeb2424,
0xffe90505,
0xffe90505,
0xffee4343,
0xffeb2424,
0xffe90505,
0xffe90505,
0xffee4343,
0xffed3333,
0xffe90505,
0xffed3333,
0xffeb2424,
0xfff16363,
0xfff48282,
0xfff16262,
0xffe90505,
0xffea1515,
0xfff59191,
0xfffcdfdf,
0xfff16363,
0xffeb2424,
0xffe90505,
0xffeb2424,
0xfff48282,
0xfff48282,
0xffeb2424,
0xffe90505,
0xffe90505,
0xffef5353,
0xffea1515,
0xfff37272,
0xffee4343,
0xffe90505,
0xffea1515,
0xfff37272,
0xfff48282,
0xffeb2424,
0xffe90505,
0xffe90505,
0xffe90505,
0xfff16363,
0xfff48282,
0xffed3333,
0xfffce0e0,
0xffef4444,
0xffe90505,
0xffe90505,
0xffe90505,
0xffe90505,
0xffea1515,
0xfff37272,
0xfff48282,
0xfff16262,
0xffe90505,
0xffe90505,
0xffe90505,
0xffe90505,
0xffe90505,
0xffe90505,
0xffe90505,
0xffe90505,
0xffe90505,
0xffe90505,
0xffe90505,
0xffe90505,
0xffe90505,
0xffe90505,
0xffe90505,
0xffe90505,
0xffe90505,
0xffe90505,
0xffe90505,
0xffe90505,
0xffe90505,
0xffe90505,
0xffe90505,
0xffe90505,
0xffe90505,
0xffe90505,
0xffe90505,
0xffe90505,
0xffe90505,
0xffe90505,
0xffe90505,
0xffe90505,
0xffe90505,
0xffe90505,
0xffe90505,
0xffe90505,
0xffe90505,
0xffe90505,
0xffe90505,
0xffe90505,
0xffe90505,
0xffe90505,
0xffe90505,
0xffe90505,
0xffe90505,
0xffe90505,
0xffe90505,
0xffe90505,
0xffe90505,
0xffe90505,
0xffe90505,
0xffe90505,
0xffe90505,
0xffee4343,
0xfff9c0c0,
0xffeb2424,
0xfffeefef,
0xffec2424,
0xffe90505,
0xfff9c0c0,
0xfff59292,
0xfff26363,
0xfff8b0b0,
0xfff59191,
0xffe90505,
0xffec2424,
0xfffce0e0,
0xffe90505,
0xffe90505,
0xffec2424,
0xffffffff,
0xffe90505,
0xffe90505,
0xfffdefef,
0xfff9c0c0,
0xfff37272,
0xffed3333,
0xffe90505,
0xffe90505,
0xffe90505,
0xffe90505,
0xffeb2424,
0xfffcdfdf,
0xffe90505,
0xfffeefef,
0xffed3333,
0xffe90505,
0xffe90505,
0xfffce0e0,
0xffef4444,
0xffe90505,
0xffe90505,
0xfffce0e0,
0xffef4444,
0xffef4343,
0xfffac0c0,
0xfff7a1a1,
0xfff26363,
0xffe90505,
0xfff9c0c0,
0xfff16363,
0xffe90505,
0xffe90505,
0xfff9c0c0,
0xfff16363,
0xffe90505,
0xfff7a1a1,
0xfffad0d0,
0xfff37272,
0xfff48282,
0xffffffff,
0xfff9c0c0,
0xfff26363,
0xfff59292,
0xfffdefef,
0xffe90505,
0xffe90505,
0xfffce0e0,
0xfffad0d0,
0xfff26363,
0xfff48282,
0xfffdefef,
0xffea1515,
0xffe90505,
0xffffffff,
0xffed3333,
0xffe90505,
0xffe90505,
0xffe90505,
0xffe90505,
0xfffce0e0,
0xffee4343,
0xffea1515,
0xfffeefef,
0xfff27171,
0xffe90505,
0xffe90505,
0xffe90505,
0xffe90505,
0xffe90505,
0xffe90505,
0xffe90505,
0xfff48282,
0xfffce0e0,
0xfff48282,
0xfff26363,
0xfffce0e0,
0xffee4343,
0xffe90505,
0xffee4343,
0xfff59292,
0xfff26363,
0xfff8b0b0,
0xfff9c0c0,
0xffe90505,
0xfff16363,
0xfffcdfdf,
0xfff26363,
0xfff37272,
0xffef5353,
0xffe90505,
0xffe90505,
0xffe90505,
0xffe90505,
0xffef5353,
0xfffcdfdf,
0xfff26363,
0xfff7a1a1,
0xfff9c0c0,
0xffe90505,
0xffec2424,
0xfffdefef,
0xfff7a1a1,
0xfff26363,
0xfff8b0b0,
0xfff9c0c0,
0xffe90505,
0xffe90505,
0xfffad0d0,
0xfff7a1a1,
0xfff26363,
0xfff48282,
0xffe90505,
0xffee4343,
0xfffcdfdf,
0xfff26363,
0xfff37272,
0xfffcdfdf,
0xffeb2424,
0xffe90505,
0xfff7a1a1,
0xfff16363,
0xffe90505,
0xffe90505,
0xfff7a1a1,
0xfff48282,
0xffe90505,
0xfff48282,
0xfffce0e0,
0xfff48282,
0xfff26363,
0xfffce0e0,
0xfff05353,
0xffea1515,
0xfff7a1a1,
0xfffbd0d0,
0xfff26363,
0xffec2424,
0xffeb2424,
0xfffad0d0,
0xfff37272,
0xfff59292,
0xfffcdfdf,
0xffea1515,
0xffe90505,
0xffffffff,
0xfff6a1a1,
0xfff37272,
0xffee4343,
0xffe90505,
0xfffce0e0,
0xfff48282,
0xfff37272,
0xfffcdfdf,
0xffed3333,
0xffe90505,
0xfff59191,
0xfffad0d0,
0xfff26363,
0xfff8b0b0,
0xfffeefef,
0xffef4444,
0xffe90505,
0xffe90505,
0xffe90505,
0xffe90505,
0xfff16363,
0xfff48282,
0xfff26363,
0xfff9c0c0,
0xfff59292,
0xffe90505,
0xffe90505,
0xffe90505,
0xffe90505,
0xffe90505,
0xffe90505,
0xffe90505,
0xffe90505,
0xffe90505,
0xffe90505,
0xffe90505,
0xffe90505,
0xffe90505,
0xffe90505,
0xffe90505,
0xffe90505,
0xffe90505,
0xffe90505,
0xffe90505,
0xffe90505,
0xffe90505,
0xffe90505,
0xffe90505,
0xffe90505,
0xffe90505,
0xffe90505,
0xffe90505,
0xffe90505,
0xffe90505,
0xffe90505,
0xffe90505,
0xffe90505,
0xffe90505,
0xffe90505,
0xffe90505,
0xffe90505,
0xffe90505,
0xffe90505,
0xffe90505,
0xffe90505,
0xffe90505,
0xffe90505,
0xffe90505,
0xffe90505,
0xffe90505,
0xffe90505,
0xffe90505,
0xffe90505,
0xffe90505,
0xffe90505,
0xffe90505,
0xffe90505,
0xffe90505,
0xfff9c0c0,
0xfff8b0b0,
0xfff7a1a1,
0xffe90505,
0xffee4343,
0xfffcdfdf,
0xffe90505,
0xffe90505,
0xffea1515,
0xffffffff,
0xffea1515,
0xffec2424,
0xfffce0e0,
0xffe90505,
0xffe90505,
0xffec2424,
0xffffffff,
0xffe90505,
0xffe90505,
0xffffffff,
0xffef4444,
0xffe90505,
0xffe90505,
0xffe90505,
0xffe90505,
0xffe90505,
0xffe90505,
0xfff37272,
0xfff7a1a1,
0xffe90505,
0xfff48282,
0xfff48282,
0xffe90505,
0xffe90505,
0xfffce0e0,
0xffef4444,
0xffe90505,
0xffe90505,
0xfffce0e0,
0xffef4444,
0xffe90505,
0xfff7a1a1,
0xfff16363,
0xffe90505,
0xffe90505,
0xfff9c0c0,
0xfff16363,
0xffe90505,
0xffe90505,
0xfff9c0c0,
0xfff16363,
0xffe90505,
0xfff7a1a1,
0xfff7a1a1,
0xffe90505,
0xffe90505,
0xfffbd0d0,
0xfff27272,
0xffe90505,
0xffe90505,
0xfffeefef,
0xffec2424,
0xffe90505,
0xfffce0e0,
0xfff16262,
0xffe90505,
0xffe90505,
0xfffce0e0,
0xffed3333,
0xffea1515,
0xffffffff,
0xffec2424,
0xffe90505,
0xffe90505,
0xffe90505,
0xffe90505,
0xfffbd0d0,
0xfff16363,
0xffe90505,
0xfff05353,
0xfffce0e0,
0xfffad0d0,
0xfff16262,
0xffe90505,
0xffe90505,
0xffe90505,
0xffe90505,
0xffe90505,
0xfff48282,
0xfff8b0b0,
0xffe90505,
0xffe90505,
0xfff59292,
0xfff48282,
0xffe90505,
0xffe90505,
0xffe90505,
0xffe90505,
0xffec2424,
0xfffce0e0,
0xffe90505,
0xfff37272,
0xfff8b0b0,
0xffe90505,
0xffe90505,
0xffe90505,
0xffe90505,
0xffe90505,
0xffe90505,
0xffe90505,
0xfff9c0c0,
0xfff05353,
0xffe90505,
0xffe90505,
0xfffeefef,
0xffec2424,
0xffec2424,
0xffffffff,
0xffec2424,
0xffe90505,
0xffec2424,
0xfffdefef,
0xffe90505,
0xffee4343,
0xfffcdfdf,
0xffe90505,
0xffe90505,
0xffe90505,
0xffe90505,
0xfff9c0c0,
0xfff16262,
0xffe90505,
0xffe90505,
0xfff59292,
0xfff59292,
0xffe90505,
0xfff7a1a1,
0xfff16363,
0xffe90505,
0xffe90505,
0xfff7a1a1,
0xfff48282,
0xffe90505,
0xfff48282,
0xfff8b0b0,
0xffe90505,
0xffe90505,
0xfff59292,
0xfff59292,
0xffe90505,
0xfff16363,
0xfffac1c1,
0xffe90505,
0xffe90505,
0xfff59292,
0xfff48282,
0xffe90505,
0xffe90505,
0xfffbd0d0,
0xfff16363,
0xffe90505,
0xffffffff,
0xffef4444,
0xffe90505,
0xffe90505,
0xfff05353,
0xfff8b0b0,
0xffe90505,
0xffe90505,
0xfff59292,
0xfff59292,
0xffe90505,
0xfffeefef,
0xffed3333,
0xffe90505,
0xffe90505,
0xfffeefef,
0xffef4444,
0xffe90505,
0xffe90505,
0xffe90505,
0xffe90505,
0xffe90505,
0xffe90505,
0xffe90505,
0xfff05353,
0xfffac1c1,
0xffe90505,
0xffe90505,
0xffe90505,
0xffe90505,
0xffe90505,
0xffe90505,
0xffe90505,
0xffe90505,
0xffe90505,
0xffe90505,
0xffe90505,
0xffe90505,
0xffe90505,
0xffe90505,
0xffe90505,
0xffe90505,
0xffe90505,
0xffe90505,
0xffe90505,
0xffe90505,
0xffe90505,
0xffe90505,
0xffe90505,
0xffe90505,
0xffe90505,
0xffe90505,
0xffe90505,
0xffe90505,
0xffe90505,
0xffe90505,
0xffe90505,
0xffe90505,
0xffe90505,
0xffe90505,
0xffe90505,
0xffe90505,
0xffe90505,
0xffe90505,
0xffe90505,
0xffe90505,
0xffe90505,
0xffe90505,
0xffe90505,
0xffe90505,
0xffe90505,
0xffe90505,
0xffe90505,
0xffe90505,
0xffe90505,
0xffe90505,
0xffe90505,
0xffe90505,
0xffe90505,
0xffee4343,
0xffffffff,
0xffec2424,
0xffe90505,
0xfff16363,
0xfffac1c1,
0xffe90505,
0xffe90505,
0xffe90505,
0xfffce0e0,
0xffef4444,
0xffec2424,
0xfffce0e0,
0xffe90505,
0xffe90505,
0xffec2424,
0xffffffff,
0xffe90505,
0xffe90505,
0xffffffff,
0xffe90505,
0xffe90505,
0xffe90505,
0xffe90505,
0xffe90505,
0xffe90505,
0xffe90505,
0xfffce0e0,
0xfff9c0c0,
0xfff6a1a1,
0xfff9c0c0,
0xfffdefef,
0xffe90505,
0xffe90505,
0xfffce0e0,
0xffef4444,
0xffe90505,
0xffe90505,
0xfffce0e0,
0xffef4444,
0xffe90505,
0xfff7a1a1,
0xfff16363,
0xffe90505,
0xffe90505,
0xfff9c0c0,
0xfff16363,
0xffe90505,
0xffe90505,
0xfff9c0c0,
0xfff16363,
0xffe90505,
0xfff7a1a1,
0xfff48282,
0xffe90505,
0xffe90505,
0xfff9c0c0,
0xfff16363,
0xffe90505,
0xffe90505,
0xfffce0e0,
0xffec2424,
0xffe90505,
0xfffce0e0,
0xffef4444,
0xffe90505,
0xffe90505,
0xfffce0e0,
0xffef4444,
0xffe90505,
0xffffffff,
0xffec2424,
0xffe90505,
0xffe90505,
0xffe90505,
0xffe90505,
0xfffbd0d0,
0xfff05353,
0xffe90505,
0xffe90505,
0xffe90505,
0xfff16363,
0xfffce0e0,
0xfff27171,
0xffe90505,
0xffe90505,
0xffe90505,
0xffe90505,
0xfff48282,
0xfff48282,
0xffe90505,
0xffe90505,
0xfff48282,
0xfff48282,
0xffe90505,
0xffeb2424,
0xfff6a1a1,
0xfffbd0d0,
0xfffac1c1,
0xfffce0e0,
0xffe90505,
0xffea1515,
0xfff7a1a1,
0xfffcdfdf,
0xfff16262,
0xffe90505,
0xffe90505,
0xffe90505,
0xffe90505,
0xffe90505,
0xfffce0e0,
0xfffeefef,
0xfffce0e0,
0xfffce0e0,
0xffffffff,
0xffef4444,
0xffec2424,
0xfffdefef,
0xffe90505,
0xffe90505,
0xffec2424,
0xffffffff,
0xffe90505,
0xfff16363,
0xfff8b0b0,
0xffe90505,
0xffe90505,
0xffe90505,
0xffe90505,
0xfffce0e0,
0xffef4444,
0xffe90505,
0xffe90505,
0xfff16363,
0xfffac1c1,
0xffe90505,
0xfff7a1a1,
0xfff16363,
0xffe90505,
0xffe90505,
0xfff7a1a1,
0xfff48282,
0xffe90505,
0xfff48282,
0xfff48282,
0xffe90505,
0xffe90505,
0xfff48282,
0xfff7a1a1,
0xffe90505,
0xfff16363,
0xfffac1c1,
0xffe90505,
0xffe90505,
0xfff9c0c0,
0xfffeefef,
0xfffce0e0,
0xfffce0e0,
0xfffeefef,
0xfff16363,
0xffe90505,
0xffffffff,
0xffec2424,
0xffe90505,
0xffe90505,
0xfff48282,
0xfffeefef,
0xfffce0e0,
0xfffce0e0,
0xfffeefef,
0xfff7a1a1,
0xffec2424,
0xffffffff,
0xffe90505,
0xffe90505,
0xffe90505,
0xfffce0e0,
0xffef4444,
0xffe90505,
0xffe90505,
0xffe90505,
0xffe90505,
0xffed3333,
0xfff8b0b0,
0xfffbd0d0,
0xfffbd0d0,
0xfffac1c1,
0xffe90505,
0xffe90505,
0xffe90505,
0xffe90505,
0xffe90505,
0xffe90505,
0xffe90505,
0xffe90505,
0xffe90505,
0xffe90505,
0xffe90505,
0xffe90505,
0xffe90505,
0xffe90505,
0xffe90505,
0xffe90505,
0xffe90505,
0xffe90505,
0xffe90505,
0xffe90505,
0xffe90505,
0xffe90505,
0xffe90505,
0xffe90505,
0xffe90505,
0xffe90505,
0xffe90505,
0xffe90505,
0xffe90505,
0xffe90505,
0xffe90505,
0xffe90505,
0xffe90505,
0xffe90505,
0xffe90505,
0xffe90505,
0xffe90505,
0xffe90505,
0xffe90505,
0xffe90505,
0xffe90505,
0xffe90505,
0xffe90505,
0xffe90505,
0xffe90505,
0xffe90505,
0xffe90505,
0xffe90505,
0xffe90505,
0xffe90505,
0xffe90505,
0xffe90505,
0xffe90505,
0xffec2424,
0xffffffff,
0xffe90505,
0xffe90505,
0xfff05353,
0xfffbd0d0,
0xffe90505,
0xffe90505,
0xffe90505,
0xfffeefef,
0xffed3333,
0xffec2424,
0xfffce0e0,
0xffe90505,
0xffe90505,
0xffed3434,
0xffffffff,
0xffe90505,
0xffe90505,
0xffffffff,
0xffe90505,
0xffe90505,
0xffe90505,
0xffe90505,
0xffe90505,
0xffe90505,
0xffee4343,
0xfffcdfdf,
0xfff26363,
0xfff26363,
0xfff26363,
0xfffbd0d0,
0xffee4343,
0xffe90505,
0xfffce0e0,
0xffef4444,
0xffe90505,
0xffe90505,
0xfffce0e0,
0xffef4444,
0xffe90505,
0xfff7a1a1,
0xfff16363,
0xffe90505,
0xffe90505,
0xfff9c0c0,
0xfff16363,
0xffe90505,
0xffe90505,
0xfff9c0c0,
0xfff16363,
0xffe90505,
0xfff7a1a1,
0xfff48282,
0xffe90505,
0xffe90505,
0xfff9c0c0,
0xfff16363,
0xffe90505,
0xffe90505,
0xfffce0e0,
0xffec2424,
0xffe90505,
0xfffce0e0,
0xffef4444,
0xffe90505,
0xffe90505,
0xfffce0e0,
0xffef4444,
0xffe90505,
0xfffce0e0,
0xfff16363,
0xffe90505,
0xffe90505,
0xffe90505,
0xffeb2424,
0xffffffff,
0xffec2424,
0xffe90505,
0xffe90505,
0xffe90505,
0xffe90505,
0xfff05353,
0xfffac1c1,
0xffe90505,
0xffe90505,
0xffe90505,
0xffe90505,
0xfff48282,
0xfff48282,
0xffe90505,
0xffe90505,
0xfff48282,
0xfff48282,
0xffe90505,
0xfffbd0d0,
0xfff27272,
0xffe90505,
0xffec2424,
0xfffce0e0,
0xffe90505,
0xffe90505,
0xffe90505,
0xffec2424,
0xfffbd0d0,
0xfff48282,
0xffe90505,
0xffe90505,
0xffe90505,
0xffe90505,
0xfffce0e0,
0xfff05353,
0xffe90505,
0xffe90505,
0xffe90505,
0xffe90505,
0xffec2424,
0xfffce0e0,
0xffe90505,
0xffe90505,
0xffec2424,
0xffffffff,
0xffe90505,
0xfff16363,
0xfff8b0b0,
0xffe90505,
0xffe90505,
0xffe90505,
0xffe90505,
0xfffbd0d0,
0xfff05353,
0xffe90505,
0xffe90505,
0xfff37272,
0xfff8b0b0,
0xffe90505,
0xfff7a1a1,
0xfff16363,
0xffe90505,
0xffe90505,
0xfff8b1b1,
0xfff48282,
0xffe90505,
0xfff48282,
0xfff48282,
0xffe90505,
0xffe90505,
0xfff48282,
0xfff7a1a1,
0xffe90505,
0xfff16363,
0xfffac1c1,
0xffe90505,
0xffe90505,
0xfff8b1b1,
0xfff16363,
0xffe90505,
0xffe90505,
0xffe90505,
0xffe90505,
0xffe90505,
0xffffffff,
0xffec2424,
0xffe90505,
0xffe90505,
0xfff37272,
0xfff7a1a1,
0xffe90505,
0xffe90505,
0xffe90505,
0xffe90505,
0xffea1515,
0xffffffff,
0xffea1515,
0xffe90505,
0xffe90505,
0xfffce0e0,
0xffef4444,
0xffe90505,
0xffe90505,
0xffe90505,
0xffe90505,
0xfffce0e0,
0xfff16262,
0xffe90505,
0xffee4343,
0xfffac1c1,
0xffe90505,
0xffe90505,
0xffe90505,
0xffe90505,
0xffe90505,
0xffe90505,
0xffe90505,
0xffe90505,
0xffe90505,
0xffe90505,
0xffe90505,
0xffe90505,
0xffe90505,
0xffe90505,
0xffe90505,
0xffe90505,
0xffe90505,
0xffe90505,
0xffe90505,
0xffe90505,
0xffe90505,
0xffe90505,
0xffe90505,
0xffe90505,
0xffe90505,
0xffe90505,
0xffe90505,
0xffe90505,
0xffe90505,
0xffe90505,
0xffe90505,
0xffe90505,
0xffe90505,
0xffe90505,
0xffe90505,
0xffe90505,
0xffe90505,
0xffe90505,
0xffe90505,
0xffe90505,
0xffe90505,
0xffe90505,
0xffe90505,
0xffe90505,
0xffe90505,
0xffe90505,
0xffe90505,
0xffe90505,
0xffe90505,
0xffe90505,
0xffe90505,
0xffe90505,
0xffe90505,
0xffec2424,
0xffffffff,
0xffe90505,
0xffe90505,
0xffea1515,
0xfffcdfdf,
0xffeb2424,
0xffe90505,
0xffeb2424,
0xfffcdfdf,
0xffe90505,
0xffea1515,
0xffffffff,
0xffeb2424,
0xffe90505,
0xfff27272,
0xffffffff,
0xffe90505,
0xffe90505,
0xffffffff,
0xffe90505,
0xffe90505,
0xffe90505,
0xffe90505,
0xffe90505,
0xffe90505,
0xfff6a1a1,
0xfff59292,
0xffe90505,
0xffe90505,
0xffe90505,
0xfff48282,
0xfff59292,
0xffe90505,
0xfffbd0d0,
0xfff05353,
0xffe90505,
0xffeb2424,
0xffffffff,
0xffef4444,
0xffe90505,
0xfff7a1a1,
0xfff27272,
0xffe90505,
0xffe90505,
0xfff7a1a1,
0xfff48282,
0xffe90505,
0xffeb2424,
0xfffeefef,
0xfff16363,
0xffe90505,
0xfff7a1a1,
0xfff48282,
0xffe90505,
0xffe90505,
0xfff9c0c0,
0xfff16363,
0xffe90505,
0xffe90505,
0xfffce0e0,
0xffec2424,
0xffe90505,
0xfffce0e0,
0xffef4444,
0xffe90505,
0xffe90505,
0xfffce0e0,
0xffef4444,
0xffe90505,
0xfff27272,
0xfffcdfdf,
0xffeb2424,
0xffe90505,
0xffea1515,
0xfff6a1a1,
0xfff7a1a1,
0xffe90505,
0xffea1515,
0xffea1515,
0xffe90505,
0xffe90505,
0xfff38181,
0xfff7a1a1,
0xffe90505,
0xffe90505,
0xffe90505,
0xffe90505,
0xfff48282,
0xfff48282,
0xffe90505,
0xffe90505,
0xfff48282,
0xfff48282,
0xffe90505,
0xfffce0e0,
0xfff05353,
0xffe90505,
0xfff27272,
0xfffce0e0,
0xffe90505,
0xffeb2424,
0xffe90505,
0xffe90505,
0xffee4343,
0xfffac1c1,
0xffe90505,
0xffe90505,
0xffe90505,
0xffe90505,
0xfff59292,
0xfff59191,
0xffe90505,
0xffe90505,
0xffea1515,
0xffe90505,
0xffec2424,
0xfffce0e0,
0xffe90505,
0xffe90505,
0xffec2424,
0xffffffff,
0xffe90505,
0xffea1515,
0xfffdefef,
0xffeb2424,
0xffe90505,
0xffea1515,
0xffe90505,
0xfff48282,
0xfff59191,
0xffe90505,
0xffe90505,
0xfff6a1a1,
0xfff16262,
0xffe90505,
0xfff59292,
0xfff6a1a1,
0xffe90505,
0xffea1515,
0xfffce0e0,
0xfff48282,
0xffe90505,
0xfff48282,
0xfff48282,
0xffe90505,
0xffe90505,
0xfff48282,
0xfff7a1a1,
0xffe90505,
0xfff16363,
0xfffbd0d0,
0xffe90505,
0xffe90505,
0xfff37272,
0xfff9c0c0,
0xffe90505,
0xffe90505,
0xffea1515,
0xffea1515,
0xffe90505,
0xffffffff,
0xffec2424,
0xffe90505,
0xffe90505,
0xffee4343,
0xfffdefef,
0xffeb2424,
0xffe90505,
0xffe90505,
0xffea1515,
0xffe90505,
0xfffbd1d1,
0xffee4343,
0xffe90505,
0xffeb2424,
0xffffffff,
0xffef4444,
0xffe90505,
0xffe90505,
0xffe90505,
0xffea1515,
0xffffffff,
0xffea1515,
0xffe90505,
0xfff59292,
0xfffac1c1,
0xffe90505,
0xffe90505,
0xffe90505,
0xffe90505,
0xffe90505,
0xffe90505,
0xffe90505,
0xffe90505,
0xffe90505,
0xffe90505,
0xffe90505,
0xffe90505,
0xffe90505,
0xffe90505,
0xffe90505,
0xffe90505,
0xffe90505,
0xffe90505,
0xffe90505,
0xffe90505,
0xffe90505,
0xffe90505,
0xffe90505,
0xffe90505,
0xffe90505,
0xffe90505,
0xffe90505,
0xffe90505,
0xffe90505,
0xffe90505,
0xffe90505,
0xffe90505,
0xffe90505,
0xffe90505,
0xffe90505,
0xffe90505,
0xffe90505,
0xffe90505,
0xffe90505,
0xffe90505,
0xffe90505,
0xffe90505,
0xffe90505,
0xffe90505,
0xffe90505,
0xffe90505,
0xffe90505,
0xffe90505,
0xffe90505,
0xffe90505,
0xffe90505,
0xffe90505,
0xffe90505,
0xffec2424,
0xffffffff,
0xffe90505,
0xffe90505,
0xffe90505,
0xfff16262,
0xfffbd0d0,
0xfffad0d0,
0xfffce0e0,
0xffed3333,
0xffe90505,
0xffe90505,
0xfff59292,
0xfffcdfdf,
0xfffad0d0,
0xfff59292,
0xffffffff,
0xffe90505,
0xffe90505,
0xffffffff,
0xffe90505,
0xffe90505,
0xffe90505,
0xffe90505,
0xffe90505,
0xffe90505,
0xfffce0e0,
0xffec2424,
0xffe90505,
0xffe90505,
0xffe90505,
0xffea1515,
0xfffdefef,
0xffea1515,
0xfff27272,
0xffffffff,
0xfff9c0c0,
0xfff8b0b0,
0xfff9c0c0,
0xffef4444,
0xffe90505,
0xffee4343,
0xfffcdfdf,
0xfffad0d0,
0xffec2424,
0xffed3333,
0xfffce0e0,
0xfff9c0c0,
0xfffad0d0,
0xfffac0c0,
0xfff16363,
0xffe90505,
0xfff7a1a1,
0xfff48282,
0xffe90505,
0xffe90505,
0xfff9c0c0,
0xfff16363,
0xffe90505,
0xffe90505,
0xfffce0e0,
0xffec2424,
0xffe90505,
0xfffce0e0,
0xffef4444,
0xffe90505,
0xffe90505,
0xfffce0e0,
0xffef4444,
0xffe90505,
0xffe90505,
0xfff48282,
0xfffeefef,
0xfffce0e0,
0xfffeefef,
0xfffac1c1,
0xffea1515,
0xffe90505,
0xffed3434,
0xfffeefef,
0xfffce0e0,
0xfffce0e0,
0xfffac1c1,
0xffec2424,
0xffe90505,
0xffe90505,
0xffe90505,
0xffe90505,
0xfff48282,
0xfff48282,
0xffe90505,
0xffe90505,
0xfff48282,
0xfff48282,
0xffe90505,
0xfff27272,
0xfffcdfdf,
0xfffad0d0,
0xfff48282,
0xfffbd0d0,
0xffe90505,
0xfff48282,
0xfffcdfdf,
0xfffad0d0,
0xfffce0e0,
0xffef5353,
0xffe90505,
0xffe90505,
0xffe90505,
0xffe90505,
0xffea1515,
0xfff8b1b1,
0xfffeefef,
0xfffce0e0,
0xfffeefef,
0xffe90505,
0xffec2424,
0xfffce0e0,
0xffe90505,
0xffe90505,
0xffec2424,
0xffffffff,
0xffe90505,
0xffe90505,
0xfff48282,
0xfffeefef,
0xfffce0e0,
0xfffce0e0,
0xffe90505,
0xffea1515,
0xfff8b1b1,
0xfffad0d0,
0xfffce0e0,
0xfff7a1a1,
0xffe90505,
0xffe90505,
0xffed3333,
0xfffce0e0,
0xfff9c0c0,
0xfffad0d0,
0xfff8b0b0,
0xfff48282,
0xffe90505,
0xfff48282,
0xfff48282,
0xffe90505,
0xffe90505,
0xfff48282,
0xfff7a1a1,
0xffe90505,
0xffea1515,
0xfffce0e0,
0xfff9c0c0,
0xfff05353,
0xffe90505,
0xfff59292,
0xfffeefef,
0xfffce0e0,
0xfffce0e0,
0xffea1515,
0xffe90505,
0xffffffff,
0xffec2424,
0xffe90505,
0xffe90505,
0xffe90505,
0xfff48282,
0xfffeefef,
0xfffce0e0,
0xfffce0e0,
0xfff05353,
0xffe90505,
0xffed3333,
0xfffce0e0,
0xfff9c0c0,
0xfff8b0b0,
0xfff9c0c0,
0xffef4444,
0xffe90505,
0xffe90505,
0xffe90505,
0xffe90505,
0xfff59292,
0xfffcdfdf,
0xfffad0d0,
0xfff59292,
0xfffac1c1,
0xffe90505,
0xffe90505,
0xffe90505,
0xffe90505,
0xffe90505,
0xffe90505,
0xffe90505,
0xffe90505,
0xffe90505,
0xffe90505,
0xffe90505,
0xffe90505,
0xffe90505,
0xffe90505,
0xffe90505,
0xffe90505,
0xffe90505,
0xffe90505,
0xffe90505,
0xffe90505,
0xffe90505,
0xffe90505,
0xffe90505,
0xffe90505,
0xffe90505,
0xffe90505,
0xffe90505,
0xffe90505,
0xffe90505,
0xffe90505,
0xffe90505,
0xffe90505,
0xffe90505,
0xffe90505,
0xffe90505,
0xffe90505,
0xffe90505,
0xffe90505,
0xffe90505,
0xffe90505,
0xffe90505,
0xffe90505,
0xffe90505,
0xffe90505,
0xffe90505,
0xffe90505,
0xffe90505,
0xffe90505,
0xffe90505,
0xffe90505,
0xffe90505,
0xffe90505,
0xffe90505,
0xffe90505,
0xffe90505,
0xffe90505,
0xffe90505,
0xffe90505,
0xffe90505,
0xffe90505,
0xffec2424,
0xffe90505,
0xffe90505,
0xffe90505,
0xffe90505,
0xffe90505,
0xffea1515,
0xffea1515,
0xffe90505,
0xffe90505,
0xffe90505,
0xffe90505,
0xffe90505,
0xffe90505,
0xffe90505,
0xffe90505,
0xffe90505,
0xffe90505,
0xffe90505,
0xffe90505,
0xffe90505,
0xffe90505,
0xffe90505,
0xffe90505,
0xffe90505,
0xffe90505,
0xffe90505,
0xffe90505,
0xffea1515,
0xffec2424,
0xffe90505,
0xffe90505,
0xffe90505,
0xffe90505,
0xffe90505,
0xffea1515,
0xffea1515,
0xffe90505,
0xffe90505,
0xffe90505,
0xffec2424,
0xffe90505,
0xffe90505,
0xffe90505,
0xffe90505,
0xffe90505,
0xffe90505,
0xffe90505,
0xffe90505,
0xffe90505,
0xffe90505,
0xffe90505,
0xffe90505,
0xffe90505,
0xffe90505,
0xffe90505,
0xffe90505,
0xffe90505,
0xffe90505,
0xffe90505,
0xffe90505,
0xffe90505,
0xffe90505,
0xffe90505,
0xffe90505,
0xffe90505,
0xffec2424,
0xffea1515,
0xffe90505,
0xffe90505,
0xffe90505,
0xffe90505,
0xffe90505,
0xffec2424,
0xffea1515,
0xffe90505,
0xffe90505,
0xffe90505,
0xffe90505,
0xffe90505,
0xffe90505,
0xffe90505,
0xffe90505,
0xffe90505,
0xffe90505,
0xffe90505,
0xffe90505,
0xffe90505,
0xffe90505,
0xffea1515,
0xffea1515,
0xffe90505,
0xffe90505,
0xffe90505,
0xffe90505,
0xffea1515,
0xffec2424,
0xffe90505,
0xffe90505,
0xffe90505,
0xffe90505,
0xffe90505,
0xffe90505,
0xffe90505,
0xffe90505,
0xffea1515,
0xffec2424,
0xffe90505,
0xffe90505,
0xffe90505,
0xffe90505,
0xffe90505,
0xffe90505,
0xffe90505,
0xffe90505,
0xffe90505,
0xffe90505,
0xffe90505,
0xffe90505,
0xffec2424,
0xffe90505,
0xffe90505,
0xffe90505,
0xffe90505,
0xffea1515,
0xffea1515,
0xffe90505,
0xffe90505,
0xffe90505,
0xffe90505,
0xffe90505,
0xffec2424,
0xffe90505,
0xffe90505,
0xffe90505,
0xffe90505,
0xffe90505,
0xffe90505,
0xffe90505,
0xffe90505,
0xffe90505,
0xffe90505,
0xffe90505,
0xffe90505,
0xffe90505,
0xffec2424,
0xffe90505,
0xffe90505,
0xffe90505,
0xffea1515,
0xffec2424,
0xffe90505,
0xffe90505,
0xffe90505,
0xffe90505,
0xffe90505,
0xffe90505,
0xffe90505,
0xffe90505,
0xffe90505,
0xffe90505,
0xffec2424,
0xffe90505,
0xffe90505,
0xffe90505,
0xffe90505,
0xffe90505,
0xffec2424,
0xffe90505,
0xffe90505,
0xffe90505,
0xffe90505,
0xffe90505,
0xffe90505,
0xffe90505,
0xffe90505,
0xffea1515,
0xffea1515,
0xffe90505,
0xffe90505,
0xffe90505,
0xffe90505,
0xffe90505,
0xffe90505,
0xffe90505,
0xffe90505,
0xffe90505,
0xffe90505,
0xffe90505,
0xffe90505,
0xffe90505,
0xffe90505,
0xffe90505,
0xffe90505,
0xffe90505,
0xffe90505,
0xffe90505,
0xffe90505,
0xffe90505,
0xffe90505,
0xffe90505,
0xffe90505,
0xffe90505,
0xffe90505,
0xffe90505,
0xffe90505,
0xffe90505,
0xffe90505,
0xffe90505,
0xffe90505,
0xffe90505,
0xffe90505,
0xffe90505,
0xffe90505,
0xffe90505,
0xffe90505,
0xffe90505,
0xffe90505,
0xffe90505,
0xffe90505,
0xffe90505,
0xffe90505,
0xffe90505,
0xffe90505,
0xffe90505,
0xffe90505,
0xffe90505,
0xffe90505,
0xffe90505,
0xffe90505,
0xffe90505,
0xffe90505,
0xffe90505,
0xffe90505,
0xffe90505,
0xffe90505,
0xffe90505,
0xffe90505,
0xffe90505,
0xffe90505,
0xffe90505,
0xffe90505,
0xffe90505,
0xffe90505,
0xffe90505,
0xffe90505,
0xffe90505,
0xffe90505,
0xffe90505,
0xffe90505,
0xffe90505,
0xffe90505,
0xffe90505,
0xffe90505,
0xffe90505,
0xffe90505,
0xffe90505,
0xffe90505,
0xffe90505,
0xffe90505,
0xffe90505,
0xffe90505,
0xffe90505,
0xffe90505,
0xffe90505,
0xffe90505,
0xffe90505,
0xffe90505,
0xffe90505,
0xffe90505,
0xffe90505,
0xffe90505,
0xffe90505,
0xffe90505,
0xffe90505,
0xffe90505,
0xffe90505,
0xffe90505,
0xffe90505,
0xffe90505,
0xffe90505,
0xffe90505,
0xffe90505,
0xffe90505,
0xffe90505,
0xffe90505,
0xffe90505,
0xffe90505,
0xffe90505,
0xffe90505,
0xffe90505,
0xffe90505,
0xffe90505,
0xffe90505,
0xffe90505,
0xffe90505,
0xffe90505,
0xffe90505,
0xffe90505,
0xffe90505,
0xffe90505,
0xffe90505,
0xffe90505,
0xffe90505,
0xffe90505,
0xffe90505,
0xffe90505,
0xffe90505,
0xffe90505,
0xffe90505,
0xffe90505,
0xffe90505,
0xffe90505,
0xffe90505,
0xffe90505,
0xffe90505,
0xffe90505,
0xffe90505,
0xffe90505,
0xffe90505,
0xffe90505,
0xffe90505,
0xffe90505,
0xffe90505,
0xffe90505,
0xffe90505,
0xffe90505,
0xffe90505,
0xffe90505,
0xffe90505,
0xffe90505,
0xffe90505,
0xffe90505,
0xffe90505,
0xffe90505,
0xffe90505,
0xffe90505,
0xffe90505,
0xffe90505,
0xffe90505,
0xffe90505,
0xffe90505,
0xffe90505,
0xffe90505,
0xffe90505,
0xffe90505,
0xffe90505,
0xffe90505,
0xffe90505,
0xffe90505,
0xffe90505,
0xffe90505,
0xffe90505,
0xffe90505,
0xffe90505,
0xffe90505,
0xffe90505,
0xffe90505,
0xffe90505,
0xffe90505,
0xffe90505,
0xffe90505,
0xffe90505,
0xffe90505,
0xffe90505,
0xffe90505,
0xffe90505,
0xffe90505,
0xffe90505,
0xffe90505,
0xffe90505,
0xffe90505,
0xffe90505,
0xffe90505,
0xffe90505,
0xffe90505,
0xffe90505,
0xffe90505,
0xffe90505,
0xffe90505,
0xffe90505,
0xffe90505,
0xffe90505,
0xffe90505,
0xffe90505,
0xffe90505,
0xffe90505,
0xffe90505,
0xffe90505,
0xffe90505,
0xffe90505,
0xffe90505,
0xffe90505,
0xffe90505,
0xffe90505,
0xffe90505,
0xffe90505,
0xffe90505,
0xffe90505,
0xffe90505,
0xffe90505,
0xffe90505,
0xffe90505,
0xffe90505,
0xffe90505,
0xffe90505,
0xffe90505,
0xffe90505,
0xffe90505,
0xffe90505,
0xffe90505,
0xffe90505,
0xffe90505,
0xffe90505,
0xffe90505,
0xffe90505,
0xffe90505,
0xffe90505,
0xffe90505,
0xffe90505,
0xffe90505,
0xffe90505,
0xffe90505,
0xffe90505,
0xffe90505,
0xffe90505,
0xffe90505,
0xffe90505,
0xffe90505,
0xffe90505,
0xffe90505,
0xffe90505,
0xffe90505,
0xffe90505,
0xffe90505,
0xffe90505,
0xffe90505,
0xffe90505,
0xffe90505,
0xffe90505,
0xffe90505,
0xffe90505,
0xffe90505,
0xffe90505,
0xffe90505,
0xffe90505,
0xffe90505,
0xffe90505,
0xffe90505,
0xffe90505,
0xffe90505,
0xffe90505,
0xffe90505,
0xffe90505,
0xffe90505,
0xffe90505,
0xffe90505,
0xffe90505,
0xffe90505,
0xffe90505,
0xffe90505,
0xffe90505,
0xffe90505,
0xffe90505,
0xffe90505,
0xffe90505,
0xffe90505,
0xffe90505,
0xffe90505,
0xffe90505,
0xffe90505,
0xffe90505,
0xffe90505,
0xffe90505,
0xffe90505,
0xffe90505,
0xffe90505,
0xffe90505,
0xffe90505,
0xffe90505,
0xffe90505,
0xffe90505,
0xffe90505,
0xffe90505,
0xffe90505,
0xffe90505,
0xffe90505,
0xffe90505,
0xffe90505,
0xffe90505,
0xffe90505,
0xffe90505,
0xffe90505,
0xffe90505,
0xffe90505,
0xffe90505,
0xffe90505,
0xffe90505,
0xffe90505,
0xffe90505,
0xffe90505,
0xffe90505,
0xffe90505,
0xffe90505,
0xffe90505,
0xffe90505,
0xffe90505,
0xffe90505,
0xffe90505,
0xffe90505,
0xffe90505,
0xffe90505,
0xffe90505,
0xffe90505,
0xffe90505,
0xffe90505,
0xffe90505,
0xffe90505,
0xffe90505,
0xffe90505,
0xffe90505,
0xffe90505,
0xffe90505,
0xffe90505,
0xffe90505,
0xffe90505,
0xffe90505,
0xffe90505,
0xffe90505,
0xffe90505,
0xffe90505,
0xffe90505,
0xffe90505,
0xffe90505,
0xffe90505,
0xffe90505,
0xffe90505,
0xffe90505,
0xffe90505,
0xffe90505,
0xffe90505,
0xffe90505,
0xffe90505,
0xffe90505,
0xffe90505,
0xffe90505,
0xffe90505,
0xffe90505,
0xffe90505,
0xffe90505,
0xffe90505,
0xffe90505,
0xffe90505,
0xffe90505,
0xffe90505,
0xffe90505,
0xffe90505,
0xffe90505,
0xffe90505,
0xffe90505,
0xffe90505,
0xffe90505,
0xffe90505,
0xffe90505,
0xffe90505,
0xffe90505,
0xffe90505,
0xffe90505,
0xffe90505,
0xffe90505,
0xffe90505,
0xffe90505,
0xffe90505,
0xffe90505,
0xffe90505,
0xffe90505,
0xffe90505,
0xffe90505,
0xffe90505,
0xffe90505,
0xffe90505,
0xffe90505,
0xffe90505,
0xffe90505,
0xffe90505,
0xffe90505,
0xffe90505,
0xffe90505,
0xffe90505,
0xffe90505,
0xffe90505,
0xffe90505,
0xffe90505,
0xffe90505,
0xffe90505,
0xffe90505,
0xffe90505,
0xffe90505,
0xffe90505,
0xffe90505,
0xffe90505,
0xffe90505,
0xffe90505,
0xffe90505,
0xffe90505,
0xffe90505,
0xffe90505,
0xffe90505,
0xffe90505,
0xffe90505,
0xffe90505,
0xffe90505,
0xffe90505,
0xffe90505,
0xffe90505,
0xffe90505,
0xffe90505,
0xffe90505,
0xffe90505,
0xffe90505,
0xffe90505,
0xffe90505,
0xffe90505,
0xffe90505,
0xffe90505,
0xffe90505,
0xffe90505,
0xffe90505,
0xffe90505,
0xffe90505,
0xffe90505,
0xffe90505,
0xffe90505,
0xffe90505,
0xffe90505,
0xffe90505,
0xffe90505,
0xffe90505,
0xffe90505,
0xffe90505,
0xffe90505,
0xffe90505,
0xffe90505,
0xffe90505,
0xffe90505,
0xffe90505,
0xffe90505,
0xffe90505,
0xffe90505,
0xffe90505,
0xffe90505,
0xffe90505,
0xffe90505,
0xffe90505,
0xffe90505,
0xffe90505,
0xffe90505,
0xffe90505,
0xffe90505,
0xffe90505,
0xffe90505,
0xffe90505,
0xffe90505,
0xffe90505,
0xffe90505,
0xffe90505,
0xffe90505,
0xffe90505,
0xffe90505,
0xffe90505,
0xffe90505,
0xffe90505,
0xffe90505,
0xffe90505,
0xffe90505,
0xffe90505,
0xffe90505,
0xffe90505,
0xffe90505,
0xffe90505,
0xffe90505,
0xffe90505,
0xffe90505,
0xffe90505,
0xffe90505,
0xffe90505,
0xffe90505,
0xffe90505,
0xffe90505,
0xffe90505,
0xffe90505,
0xffe90505,
0xffe90505,
0xffe90505,
0xffe90505,
0xffe90505,
0xffe90505,
0xffe90505,
0xffe90505,
0xffe90505,
0xffe90505,
0xffe90505,
0xffe90505,
0xffe90505,
0xffe90505,
0xffe90505,
0xffe90505,
0xffe90505,
0xffe90505,
0xffe90505,
0xffe90505,
0xffe90505,
0xffe90505,
0xffe90505,
0xffe90505,
0xffe90505,
0xffe90505,
0xffe90505,
0xffe90505,
0xffe90505,
0xffe90505,
0xffe90505,
0xffe90505,
0xffe90505,
0xffe90505,
0xffe90505,
0xffe90505,
0xffe90505,
0xffe90505,
0xffe90505,
0xffe90505,
0xffe90505,
0xffe90505,
0xffe90505,
0xffe90505,
0xffe90505,
0xffe90505,
0xffe90505,
0xffe90505,
0xffe90505,
0xffe90505,
0xffe90505,
0xffe90505,
0xffe90505,
0xffe90505,
0xffe90505,
0xffe90505,
0xffe90505,
0xffe90505,
0xffe90505,
0xffe90505,
0xffe90505,
0xffe90505,
0xffe90505,
0xffe90505,
0xffe90505,
0xffe90505,
0xffe90505,
0xffe90505,
0xffe90505,
0xffe90505,
0xffe90505,
0xffe90505,
0xffe90505,
0xffe90505,
0xffe90505,
0xffe90505,
0xffe90505,
0xffe90505,
0xffe90505,
0xffe90505,
0xffe90505,
0xffe90505,
0xffe90505,
0xffe90505,
0xffe90505,
0xffe90505,
0xffe90505,
0xffe90505,
0xffe90505,
0xffe90505,
0xffe90505,
0xffe90505,
0xffe90505,
0xffe90505,
0xffe90505,
0xffe90505,
0xffe90505,
0xffe90505,
0xffe90505,
0xffe90505,
0xffe90505,
0xffe90505,
0xffe90505,
0xffe90505,
0xffe90505,
0xffe90505,
0xffe90505,
0xffe90505,
0xffe90505,
0xffe90505,
0xffe90505,
0xffe90505,
0xffe90505,
0xffe90505,
0xffe90505,
0xffe90505,
0xffe90505,
0xffe90505,
0xffe90505,
0xffe90505,
0xffe90505,
0xffe90505,
0xffe90505,
0xffe90505,
0xffe90505,
0xffe90505,
0xffe90505,
0xffe90505,
0xffe90505,
0xffe90505,
0xffe90505,
0xffe90505,
0xffe90505,
0xffe90505,
0xffe90505,
0xffe90505,
0xffe90505,
0xffe90505,
0xffe90505,
0xffe90505,
0xffe90505,
0xffe90505,
0xffe90505,
0xffe90505,
0xffe90505,
0xffe90505,
0xffe90505,
0xffe90505,
0xffe90505,
0xffe90505,
0xffe90505,
0xffe90505,
0xffe90505,
0xffe90505,
0xffe90505,
0xffe90505,
0xffe90505,
0xffe90505,
0xffe90505,
0xffe90505,
0xffe90505,
0xffe90505,
0xffe90505,
0xffe90505,
0xffe90505,
0xffe90505,
0xffe90505,
0xffe90505,
0xffe90505,
0xffe90505,
0xffe90505,
0xffe90505,
0xffe90505,
0xffe90505,
0xffe90505,
0xffe90505,
0xffe90505,
0xffe90505,
0xffe90505,
0xffe90505,
0xffe90505,
0xffe90505,
0xffe90505,
0xffe90505,
0xffe90505,
0xffe90505,
0xffe90505,
0xffe90505,
0xffe90505,
0xffe90505,
0xffe90505,
0xffe90505,
0xffe90505,
0xffe90505,
0xffe90505,
0xffe90505,
0xffe90505,
0xffe90505,
0xffe90505,
0xffe90505,
0xffe90505,
0xffe90505,
0xffe90505,
0xffe90505,
0xffe90505,
0xffe90505,
0xffe90505,
0xffe90505,
0xffe90505,
0xffe90505,
0xffe90505,
0xffe90505,
0xffe90505,
0xffe90505,
0xffe90505,
0xffe90505,
0xffe90505,
0xffe90505,
0xffe90505,
0xffe90505,
0xffe90505,
0xffe90505,
0xffe90505,
0xffe90505,
0xffe90505,
0xffe90505,
0xffe90505,
0xffe90505,
0xffe90505,
0xffe90505,
0xffe90505,
0xffe90505,
0xffe90505,
0xffe90505,
0xffe90505,
0xffe90505,
0xffe90505,
0xffe90505,
0xffe90505,
0xffe90505,
0xffe90505,
0xffe90505,
0xffe90505,
0xffe90505,
0xffe90505,
0xffe90505,
0xffe90505,
0xffe90505,
0xffe90505,
0xffe90505,
0xffe90505,
0xffe90505,
0xffe90505,
0xffe90505,
0xffe90505,
0xffe90505,
0xffe90505,
0xffe90505,
0xffe90505,
0xffe90505,
0xffe90505,
0xffe90505,
0xffe90505,
0xffe90505,
0xffe90505,
0xffe90505,
0xffe90505,
0xffe90505,
0xffe90505,
0xffe90505,
0xffe90505,
0xffe90505,
0xffe90505,
0xffe90505,
0xffe90505,
0xffe90505,
0xffe90505,
0xffe90505,
0xffe90505,
0xffe90505,
0xffe90505,
0xffe90505,
0xffe90505,
0xffe90505,
0xffe90505,
0xffe90505,
0xffe90505,
0xffe90505,
0xffe90505,
0xffe90505,
0xffe90505,
0xffe90505,
0xffe90505,
0xffe90505,
0xffe90505,
0xffe90505,
0xffe90505,
0xffe90505,
0xffe90505,
0xffe90505,
0xffe90505,
0xffe90505,
0xffe90505,
0xffe90505,
0xffe90505,
0xffe90505,
0xffe90505,
0xffe90505,
0xffe90505,
0xffe90505,
0xffe90505,
0xffe90505,
0xffe90505,
0xffeb2424,
0xffea1515,
0xffe90505,
0xffe90505,
0xffe90505,
0xffe90505,
0xffe90505,
0xffe90505,
0xffe90505,
0xffe90505,
0xffe90505,
0xffe90505,
0xffe90505,
0xffe90505,
0xffe90505,
0xffe90505,
0xffe90505,
0xffe90505,
0xffe90505,
0xffe90505,
0xffe90505,
0xffe90505,
0xffe90505,
0xffe90505,
0xffe90505,
0xffe90505,
0xffe90505,
0xffe90505,
0xffe90505,
0xffe90505,
0xffe90505,
0xffe90505,
0xffe90505,
0xffe90505,
0xffe90505,
0xffe90505,
0xffe90505,
0xffe90505,
0xffe90505,
0xffe90505,
0xffe90505,
0xffe90505,
0xffe90505,
0xffe90505,
0xffe90505,
0xffe90505,
0xffe90505,
0xffe90505,
0xffe90505,
0xffe90505,
0xffe90505,
0xffe90505,
0xffe90505,
0xffe90505,
0xffea1515,
0xffea1515,
0xffe90505,
0xffe90505,
0xffe90505,
0xffe90505,
0xffe90505,
0xffe90505,
0xffe90505,
0xffe90505,
0xffe90505,
0xffe90505,
0xffe90505,
0xffe90505,
0xffe90505,
0xffe90505,
0xffe90505,
0xffe90505,
0xffe90505,
0xffeb2424,
0xffe90505,
0xffe90505,
0xffeb2424,
0xffe90505,
0xffe90505,
0xffe90505,
0xffe90505,
0xffe90505,
0xffe90505,
0xffe90505,
0xffe90505,
0xffe90505,
0xffe90505,
0xffe90505,
0xffe90505,
0xffe90505,
0xffe90505,
0xffe90505,
0xffe90505,
0xffe90505,
0xffe90505,
0xffe90505,
0xffe90505,
0xffe90505,
0xffe90505,
0xffe90505,
0xffe90505,
0xffe90505,
0xffe90505,
0xffe90505,
0xffe90505,
0xffe90505,
0xffe90505,
0xffe90505,
0xffe90505,
0xffe90505,
0xffe90505,
0xffe90505,
0xffe90505,
0xffe90505,
0xffe90505,
0xffe90505,
0xffe90505,
0xffe90505,
0xffe90505,
0xffe90505,
0xffe90505,
0xffe90505,
0xffe90505,
0xffe90505,
0xffe90505,
0xffe90505,
0xffe90505,
0xffe90505,
0xffe90505,
0xffe90505,
0xffe90505,
0xffe90505,
0xffe90505,
0xffe90505,
0xffe90505,
0xffe90505,
0xffe90505,
0xffe90505,
0xffe90505,
0xffe90505,
0xffe90505,
0xffe90505,
0xffe90505,
0xffe90505,
0xffe90505,
0xffe90505,
0xffe90505,
0xffe90505,
0xffe90505,
0xffe90505,
0xffe90505,
0xffe90505,
0xffe90505,
0xffe90505,
0xffe90505,
0xffe90505,
0xffe90505,
0xffe90505,
0xffe90505,
0xffe90505,
0xffe90505,
0xffe90505,
0xffe90505,
0xffe90505,
0xffe90505,
0xffe90505,
0xffe90505,
0xffe90505,
0xffe90505,
0xffe90505,
0xffe90505,
0xffe90505,
0xffe90505,
0xffe90505,
0xffe90505,
0xffe90505,
0xffe90505,
0xffe90505,
0xffe90505,
0xffe90505,
0xffe90505,
0xffe90505,
0xffe90505,
0xffe90505,
0xffe90505,
0xffe90505,
0xffe90505,
0xffe90505,
0xffe90505,
0xffe90505,
0xffe90505,
0xffe90505,
0xffe90505,
0xffe90505,
0xffe90505,
0xffe90505,
0xffe90505,
0xffe90505,
0xffe90505,
0xffe90505,
0xffe90505,
0xffe90505,
0xffe90505,
0xffe90505,
0xffe90505,
0xffe90505,
0xffe90505,
0xffe90505,
0xffe90505,
0xffe90505,
0xffe90505,
0xffe90505,
0xffe90505,
0xffe90505,
0xffe90505,
0xffe90505,
0xffe90505,
0xffe90505,
0xfff9c0c0,
0xffed3333,
0xffe90505,
0xffe90505,
0xffe90505,
0xffe90505,
0xffe90505,
0xfff6a1a1,
0xfff05353,
0xffe90505,
0xffe90505,
0xffe90505,
0xffe90505,
0xffe90505,
0xffe90505,
0xffe90505,
0xffe90505,
0xffe90505,
0xffe90505,
0xffe90505,
0xffe90505,
0xffe90505,
0xfff9c0c0,
0xfff16363,
0xffe90505,
0xffe90505,
0xffe90505,
0xffe90505,
0xffe90505,
0xffe90505,
0xffe90505,
0xffe90505,
0xffe90505,
0xffe90505,
0xffe90505,
0xffe90505,
0xffe90505,
0xffe90505,
0xffe90505,
0xffe90505,
0xffe90505,
0xffe90505,
0xffe90505,
0xffe90505,
0xffe90505,
0xffe90505,
0xffe90505,
0xffe90505,
0xffe90505,
0xffe90505,
0xffe90505,
0xffe90505,
0xffe90505,
0xffe90505,
0xffe90505,
0xffe90505,
0xffe90505,
0xffe90505,
0xffe90505,
0xffe90505,
0xffe90505,
0xffe90505,
0xffe90505,
0xffe90505,
0xffe90505,
0xffe90505,
0xffe90505,
0xffe90505,
0xffe90505,
0xffe90505,
0xffe90505,
0xffe90505,
0xffe90505,
0xffe90505,
0xffe90505,
0xffe90505,
0xffee4343,
0xfffac1c1,
0xffe90505,
0xffe90505,
0xffe90505,
0xffe90505,
0xffe90505,
0xffe90505,
0xffe90505,
0xffe90505,
0xffe90505,
0xffe90505,
0xffe90505,
0xffe90505,
0xffe90505,
0xffea1515,
0xfffad0d0,
0xffea1515,
0xffe90505,
0xffffffff,
0xffec2424,
0xffe90505,
0xfffce0e0,
0xffef4444,
0xffe90505,
0xffe90505,
0xffe90505,
0xffe90505,
0xffe90505,
0xffe90505,
0xffe90505,
0xffe90505,
0xffe90505,
0xffe90505,
0xffe90505,
0xffe90505,
0xffe90505,
0xffe90505,
0xffe90505,
0xffe90505,
0xffe90505,
0xffe90505,
0xffe90505,
0xffe90505,
0xffe90505,
0xffe90505,
0xffe90505,
0xffe90505,
0xffe90505,
0xffe90505,
0xffe90505,
0xffe90505,
0xffe90505,
0xffe90505,
0xffe90505,
0xffe90505,
0xffe90505,
0xffe90505,
0xffe90505,
0xffe90505,
0xffe90505,
0xffe90505,
0xffe90505,
0xffe90505,
0xffe90505,
0xffe90505,
0xffe90505,
0xffe90505,
0xffe90505,
0xffe90505,
0xffe90505,
0xffe90505,
0xffe90505,
0xffe90505,
0xffe90505,
0xffe90505,
0xffe90505,
0xffe90505,
0xffe90505,
0xffe90505,
0xffe90505,
0xffe90505,
0xffe90505,
0xffe90505,
0xffe90505,
0xffe90505,
0xffe90505,
0xffe90505,
0xffe90505,
0xffe90505,
0xffe90505,
0xffe90505,
0xffe90505,
0xffe90505,
0xffe90505,
0xffe90505,
0xffe90505,
0xffe90505,
0xffe90505,
0xffe90505,
0xffe90505,
0xffe90505,
0xffe90505,
0xffe90505,
0xffe90505,
0xffe90505,
0xffe90505,
0xffe90505,
0xffe90505,
0xffe90505,
0xffe90505,
0xffe90505,
0xffe90505,
0xffe90505,
0xffe90505,
0xffe90505,
0xffe90505,
0xffe90505,
0xffe90505,
0xffe90505,
0xffe90505,
0xffe90505,
0xffe90505,
0xffe90505,
0xffe90505,
0xffe90505,
0xffe90505,
0xffe90505,
0xffe90505,
0xffe90505,
0xffe90505,
0xffe90505,
0xffe90505,
0xffe90505,
0xffe90505,
0xffe90505,
0xffe90505,
0xffe90505,
0xffe90505,
0xffe90505,
0xffe90505,
0xffe90505,
0xffe90505,
0xffe90505,
0xffe90505,
0xffe90505,
0xffe90505,
0xffe90505,
0xffe90505,
0xffe90505,
0xffe90505,
0xffe90505,
0xffe90505,
0xffe90505,
0xffe90505,
0xffe90505,
0xffe90505,
0xffe90505,
0xffe90505,
0xffe90505,
0xffe90505,
0xffe90505,
0xffe90505,
0xffe90505,
0xfff16363,
0xffec2424,
0xffe90505,
0xfff16363,
0xfff05353,
0xffe90505,
0xffe90505,
0xfff05353,
0xffec2424,
0xffe90505,
0xffe90505,
0xffe90505,
0xffe90505,
0xffe90505,
0xffe90505,
0xffe90505,
0xffe90505,
0xffe90505,
0xffe90505,
0xffe90505,
0xffe90505,
0xffe90505,
0xfff9c0c0,
0xfff16363,
0xffe90505,
0xffe90505,
0xffe90505,
0xffe90505,
0xffe90505,
0xffe90505,
0xffe90505,
0xffe90505,
0xffe90505,
0xffe90505,
0xffe90505,
0xffe90505,
0xffe90505,
0xffe90505,
0xffe90505,
0xffe90505,
0xffe90505,
0xffe90505,
0xffe90505,
0xffe90505,
0xffe90505,
0xffe90505,
0xffe90505,
0xffe90505,
0xffe90505,
0xffe90505,
0xffe90505,
0xffe90505,
0xffe90505,
0xffe90505,
0xffe90505,
0xffe90505,
0xffe90505,
0xffe90505,
0xffe90505,
0xffe90505,
0xffe90505,
0xffe90505,
0xffe90505,
0xffe90505,
0xffe90505,
0xffe90505,
0xffe90505,
0xffe90505,
0xffe90505,
0xffe90505,
0xffe90505,
0xffe90505,
0xffe90505,
0xffe90505,
0xffe90505,
0xffe90505,
0xffee4343,
0xfffac1c1,
0xffe90505,
0xffe90505,
0xffe90505,
0xffe90505,
0xffe90505,
0xffe90505,
0xffe90505,
0xffe90505,
0xffe90505,
0xffe90505,
0xffe90505,
0xffe90505,
0xffe90505,
0xffea1515,
0xfff37272,
0xffe90505,
0xffe90505,
0xffffffff,
0xffec2424,
0xffe90505,
0xfffce0e0,
0xffef4444,
0xffe90505,
0xffe90505,
0xffe90505,
0xffe90505,
0xffe90505,
0xffe90505,
0xffe90505,
0xffe90505,
0xffe90505,
0xffe90505,
0xffe90505,
0xffe90505,
0xffe90505,
0xffe90505,
0xffe90505,
0xffe90505,
0xffe90505,
0xffe90505,
0xffe90505,
0xffe90505,
0xffe90505,
0xfff59191,
0xffec2424,
0xffe90505,
0xffe90505,
0xffe90505,
0xffe90505,
0xffe90505,
0xffe90505,
0xffe90505,
0xffe90505,
0xffe90505,
0xffe90505,
0xffe90505,
0xffe90505,
0xffe90505,
0xfff16363,
0xfff05353,
0xffe90505,
0xffe90505,
0xffe90505,
0xffe90505,
0xffe90505,
0xffe90505,
0xffe90505,
0xffe90505,
0xffe90505,
0xffe90505,
0xffe90505,
0xffe90505,
0xffe90505,
0xffe90505,
0xffe90505,
0xffe90505,
0xffe90505,
0xffe90505,
0xffe90505,
0xffe90505,
0xffe90505,
0xffe90505,
0xffe90505,
0xffe90505,
0xffe90505,
0xffe90505,
0xffe90505,
0xffe90505,
0xffe90505,
0xffe90505,
0xffe90505,
0xffe90505,
0xffe90505,
0xffe90505,
0xffe90505,
0xffe90505,
0xffe90505,
0xffe90505,
0xffe90505,
0xffe90505,
0xffe90505,
0xffe90505,
0xffe90505,
0xffe90505,
0xffe90505,
0xffe90505,
0xffe90505,
0xffe90505,
0xffe90505,
0xffe90505,
0xffe90505,
0xffe90505,
0xffe90505,
0xffe90505,
0xffe90505,
0xffe90505,
0xffe90505,
0xffe90505,
0xffe90505,
0xffe90505,
0xffe90505,
0xffe90505,
0xffe90505,
0xffe90505,
0xffe90505,
0xffe90505,
0xffe90505,
0xffe90505,
0xffe90505,
0xffe90505,
0xffe90505,
0xffe90505,
0xffe90505,
0xffe90505,
0xffe90505,
0xffe90505,
0xffe90505,
0xffe90505,
0xffe90505,
0xffe90505,
0xffe90505,
0xffe90505,
0xffe90505,
0xffe90505,
0xffe90505,
0xffe90505,
0xffe90505,
0xffe90505,
0xffe90505,
0xffe90505,
0xffe90505,
0xffe90505,
0xffea1515,
0xfff37272,
0xfff48282,
0xfff16262,
0xffe90505,
0xfff05353,
0xffea1515,
0xfff16363,
0xfff16262,
0xffe90505,
0xfff05353,
0xffea1515,
0xffed3333,
0xfffce0e0,
0xfff6a1a1,
0xfff16363,
0xffe90505,
0xfff05353,
0xffeb2424,
0xffe90505,
0xffe90505,
0xffee4343,
0xfff48282,
0xfff48282,
0xffeb2424,
0xffe90505,
0xffee4343,
0xfff48282,
0xfff48282,
0xffed3333,
0xffe90505,
0xffe90505,
0xfff9c0c0,
0xfff16363,
0xffe90505,
0xffe90505,
0xffe90505,
0xffe90505,
0xffe90505,
0xffed3333,
0xfff48282,
0xfff37272,
0xffeb2424,
0xffe90505,
0xffe90505,
0xffef5353,
0xffeb2424,
0xfff48282,
0xffee4343,
0xffeb2424,
0xffee4343,
0xffed3333,
0xfff48282,
0xffec2424,
0xffe90505,
0xffed3333,
0xfff48282,
0xfff48282,
0xffeb2424,
0xffe90505,
0xffe90505,
0xffed3333,
0xffeb2424,
0xfff16363,
0xfff48282,
0xffe90505,
0xffe90505,
0xffe90505,
0xffe90505,
0xffea1515,
0xfff37272,
0xfff48282,
0xfff16262,
0xffe90505,
0xffe90505,
0xffeb2424,
0xffee4343,
0xffee4343,
0xfff48282,
0xfff16262,
0xffe90505,
0xffe90505,
0xffe90505,
0xffeb2424,
0xfff48282,
0xfff37272,
0xfff16363,
0xfffac1c1,
0xffe90505,
0xffe90505,
0xffe90505,
0xffe90505,
0xfff05353,
0xffea1515,
0xffe90505,
0xffeb2424,
0xfff16363,
0xffea1515,
0xffe90505,
0xffeb2424,
0xffee4343,
0xffea1515,
0xfff16363,
0xffe90505,
0xffe90505,
0xffffffff,
0xffec2424,
0xffe90505,
0xfffce0e0,
0xffef4444,
0xffe90505,
0xffe90505,
0xffe90505,
0xffe90505,
0xffee4343,
0xffea1515,
0xfff16363,
0xfff27272,
0xffe90505,
0xffe90505,
0xfff16363,
0xfff48282,
0xfff16262,
0xffe90505,
0xffe90505,
0xffea1515,
0xfff37272,
0xfff48282,
0xfff16262,
0xffeb2424,
0xffee4343,
0xfffce0e0,
0xfff37272,
0xffee4343,
0xffe90505,
0xffee4343,
0xfff48282,
0xfff48282,
0xffef5353,
0xffe90505,
0xffe90505,
0xffee4343,
0xffeb2424,
0xfff16363,
0xfff27272,
0xffed3333,
0xfffce0e0,
0xfff6a1a1,
0xfff16363,
0xffe90505,
0xffe90505,
0xffe90505,
0xffe90505,
0xffe90505,
0xffe90505,
0xffe90505,
0xffe90505,
0xffe90505,
0xffe90505,
0xffe90505,
0xffe90505,
0xffe90505,
0xffe90505,
0xffe90505,
0xffe90505,
0xffe90505,
0xffe90505,
0xffe90505,
0xffe90505,
0xffe90505,
0xffe90505,
0xffe90505,
0xffe90505,
0xffe90505,
0xffe90505,
0xffe90505,
0xffe90505,
0xffe90505,
0xffe90505,
0xffe90505,
0xffe90505,
0xffe90505,
0xffe90505,
0xffe90505,
0xffe90505,
0xffe90505,
0xffe90505,
0xffe90505,
0xffe90505,
0xffe90505,
0xffe90505,
0xffe90505,
0xffe90505,
0xffe90505,
0xffe90505,
0xffe90505,
0xffe90505,
0xffe90505,
0xffe90505,
0xffe90505,
0xffe90505,
0xffe90505,
0xffe90505,
0xffe90505,
0xffe90505,
0xffe90505,
0xffe90505,
0xffe90505,
0xffe90505,
0xffe90505,
0xffe90505,
0xffe90505,
0xffe90505,
0xffe90505,
0xffe90505,
0xffe90505,
0xffe90505,
0xffe90505,
0xffe90505,
0xffe90505,
0xffe90505,
0xffe90505,
0xffe90505,
0xffe90505,
0xffe90505,
0xffe90505,
0xffe90505,
0xffe90505,
0xffe90505,
0xffe90505,
0xffe90505,
0xffe90505,
0xffe90505,
0xffe90505,
0xffe90505,
0xffe90505,
0xffe90505,
0xffe90505,
0xffe90505,
0xffeb2424,
0xfffce0e0,
0xfff48282,
0xfff37272,
0xfff16262,
0xffe90505,
0xfff9c0c0,
0xfff9c0c0,
0xfff48282,
0xfff16262,
0xffe90505,
0xfffce0e0,
0xffec2424,
0xffef4343,
0xfffce0e0,
0xfff7a1a1,
0xfff26363,
0xffe90505,
0xfff9c0c0,
0xfff16363,
0xffe90505,
0xfff16363,
0xfffcdfdf,
0xfff37272,
0xfff37272,
0xffed3434,
0xffe90505,
0xfff7a1a1,
0xfff26363,
0xfff37272,
0xfffeefef,
0xffea1515,
0xffe90505,
0xfff9c0c0,
0xfff16363,
0xffe90505,
0xffe90505,
0xffe90505,
0xffe90505,
0xffeb2424,
0xfffcdfdf,
0xfff26363,
0xfff59292,
0xfffad0d0,
0xffe90505,
0xffe90505,
0xfffdefef,
0xfff9c0c0,
0xfff37272,
0xffed3333,
0xffee4343,
0xfffad0d0,
0xfff8b0b0,
0xfff37272,
0xffec2424,
0xffeb2424,
0xfffad0d0,
0xfff37272,
0xfff37272,
0xfffcdfdf,
0xffeb2424,
0xffe90505,
0xfff48282,
0xfffad0d0,
0xfff7a1a1,
0xfff16262,
0xffe90505,
0xffe90505,
0xffe90505,
0xffe90505,
0xfff16363,
0xfff48282,
0xfff26363,
0xfffbd0d0,
0xfff48282,
0xffe90505,
0xffee4343,
0xfffdefef,
0xfff7a1a1,
0xfff26363,
0xfff9c0c0,
0xfff59292,
0xffe90505,
0xffeb2424,
0xfffce0e0,
0xfff48282,
0xfff37272,
0xfffbd0d0,
0xfffac1c1,
0xffe90505,
0xffe90505,
0xffe90505,
0xffe90505,
0xfff8b1b1,
0xfff16363,
0xffe90505,
0xfff16363,
0xfffcdfdf,
0xffee4343,
0xffe90505,
0xfff59292,
0xfff59292,
0xffec2424,
0xffffffff,
0xffe90505,
0xffe90505,
0xffffffff,
0xffec2424,
0xffe90505,
0xfffce0e0,
0xffef4444,
0xffe90505,
0xffe90505,
0xffe90505,
0xffe90505,
0xfff7a1a1,
0xfffad0d0,
0xfff59292,
0xfff05353,
0xffe90505,
0xfff59191,
0xfff8b0b0,
0xfff26363,
0xfffbd0d0,
0xfff27171,
0xffe90505,
0xfff6a1a1,
0xfff59292,
0xfff26363,
0xfff7a1a1,
0xffec2424,
0xfff05454,
0xfffeefef,
0xfff37272,
0xfff05353,
0xffe90505,
0xfff59292,
0xfff37272,
0xfff37272,
0xfffeefef,
0xffee4343,
0xffe90505,
0xfff7a1a1,
0xfff9c0c0,
0xfff7a1a1,
0xfff16262,
0xffef4343,
0xfffce0e0,
0xfff7a1a1,
0xfff26363,
0xffe90505,
0xffe90505,
0xffe90505,
0xffe90505,
0xffe90505,
0xffe90505,
0xffe90505,
0xffe90505,
0xffe90505,
0xffe90505,
0xffe90505,
0xffe90505,
0xffe90505,
0xffe90505,
0xffe90505,
0xffe90505,
0xffe90505,
0xffe90505,
0xffe90505,
0xffe90505,
0xffe90505,
0xffe90505,
0xffe90505,
0xffe90505,
0xffe90505,
0xffe90505,
0xffe90505,
0xffe90505,
0xffe90505,
0xffe90505,
0xffe90505,
0xffe90505,
0xffe90505,
0xffe90505,
0xffe90505,
0xffe90505,
0xffe90505,
0xffe90505,
0xffe90505,
0xffe90505,
0xffe90505,
0xffe90505,
0xffe90505,
0xffe90505,
0xffe90505,
0xffe90505,
0xffe90505,
0xffe90505,
0xffe90505,
0xffe90505,
0xffe90505,
0xffe90505,
0xffe90505,
0xffe90505,
0xffe90505,
0xffe90505,
0xffe90505,
0xffe90505,
0xffe90505,
0xffe90505,
0xffe90505,
0xffe90505,
0xffe90505,
0xffe90505,
0xffe90505,
0xffe90505,
0xffe90505,
0xffe90505,
0xffe90505,
0xffe90505,
0xffe90505,
0xffe90505,
0xffe90505,
0xffe90505,
0xffe90505,
0xffe90505,
0xffe90505,
0xffe90505,
0xffe90505,
0xffe90505,
0xffe90505,
0xffe90505,
0xffe90505,
0xffe90505,
0xffe90505,
0xffe90505,
0xffe90505,
0xffe90505,
0xffe90505,
0xffe90505,
0xfff16363,
0xfff8b0b0,
0xffe90505,
0xffe90505,
0xffe90505,
0xffe90505,
0xfff9c0c0,
0xfff7a1a1,
0xffe90505,
0xffe90505,
0xffe90505,
0xfffce0e0,
0xffec2424,
0xffe90505,
0xfff9c0c0,
0xfff16363,
0xffe90505,
0xffe90505,
0xfff9c0c0,
0xfff16363,
0xffe90505,
0xfffbd0d0,
0xfff05353,
0xffe90505,
0xffe90505,
0xffe90505,
0xffe90505,
0xffe90505,
0xffe90505,
0xffe90505,
0xfff9c0c0,
0xfff16363,
0xffe90505,
0xfff9c0c0,
0xfff16363,
0xffe90505,
0xffe90505,
0xffe90505,
0xffe90505,
0xfff6a1a1,
0xfff27272,
0xffe90505,
0xffe90505,
0xfffce0e0,
0xffee4343,
0xffe90505,
0xffffffff,
0xffed3333,
0xffe90505,
0xffe90505,
0xffee4343,
0xfffdefef,
0xffec2424,
0xffe90505,
0xffe90505,
0xfff8b1b1,
0xfff27272,
0xffe90505,
0xffe90505,
0xfff48282,
0xfff59292,
0xffe90505,
0xfff48282,
0xfff8b0b0,
0xffe90505,
0xffe90505,
0xffe90505,
0xffe90505,
0xffe90505,
0xffe90505,
0xffe90505,
0xffe90505,
0xffe90505,
0xfff05353,
0xfffac1c1,
0xffe90505,
0xffee4343,
0xfffdefef,
0xffe90505,
0xffe90505,
0xfff05353,
0xfffce0e0,
0xffe90505,
0xfff16363,
0xfffac1c1,
0xffe90505,
0xffe90505,
0xfff37272,
0xfffac1c1,
0xffe90505,
0xffe90505,
0xffe90505,
0xffe90505,
0xfff37272,
0xfff7a1a1,
0xffe90505,
0xfff8b1b1,
0xfff59292,
0xfff59292,
0xffe90505,
0xfff9c0c0,
0xffef4444,
0xffec2424,
0xffffffff,
0xffe90505,
0xffe90505,
0xffffffff,
0xffec2424,
0xffe90505,
0xfffce0e0,
0xffef4444,
0xffe90505,
0xffe90505,
0xffe90505,
0xffe90505,
0xfff7a1a1,
0xfff7a1a1,
0xffe90505,
0xffe90505,
0xffea1515,
0xffffffff,
0xffea1515,
0xffe90505,
0xfff05353,
0xfffce0e0,
0xffe90505,
0xfff9c0c0,
0xfff27272,
0xffe90505,
0xffe90505,
0xffe90505,
0xffe90505,
0xfffce0e0,
0xffec2424,
0xffe90505,
0xffe90505,
0xffe90505,
0xffe90505,
0xffe90505,
0xfff7a1a1,
0xfff27272,
0xffe90505,
0xfff7a1a1,
0xfff8b0b0,
0xffe90505,
0xffe90505,
0xffe90505,
0xfff9c0c0,
0xfff16363,
0xffe90505,
0xffe90505,
0xffe90505,
0xffe90505,
0xffe90505,
0xffe90505,
0xffe90505,
0xffe90505,
0xffe90505,
0xffe90505,
0xffe90505,
0xffe90505,
0xffe90505,
0xffe90505,
0xffe90505,
0xffe90505,
0xffe90505,
0xffe90505,
0xffe90505,
0xffe90505,
0xffe90505,
0xffe90505,
0xffe90505,
0xffe90505,
0xffe90505,
0xffe90505,
0xffe90505,
0xffe90505,
0xffe90505,
0xffe90505,
0xffe90505,
0xffe90505,
0xffe90505,
0xffe90505,
0xffe90505,
0xffe90505,
0xffe90505,
0xffe90505,
0xffe90505,
0xffe90505,
0xffe90505,
0xffe90505,
0xffe90505,
0xffe90505,
0xffe90505,
0xffe90505,
0xffe90505,
0xffe90505,
0xffe90505,
0xffe90505,
0xffe90505,
0xffe90505,
0xffe90505,
0xffe90505,
0xffe90505,
0xffe90505,
0xffe90505,
0xffe90505,
0xffe90505,
0xffe90505,
0xffe90505,
0xffe90505,
0xffe90505,
0xffe90505,
0xffe90505,
0xffe90505,
0xffe90505,
0xffe90505,
0xffe90505,
0xffe90505,
0xffe90505,
0xffe90505,
0xffe90505,
0xffe90505,
0xffe90505,
0xffe90505,
0xffe90505,
0xffe90505,
0xffe90505,
0xffe90505,
0xffe90505,
0xffe90505,
0xffe90505,
0xffe90505,
0xffe90505,
0xffe90505,
0xffe90505,
0xffe90505,
0xffe90505,
0xffe90505,
0xffe90505,
0xfff7a1a1,
0xfff48282,
0xffe90505,
0xffe90505,
0xffe90505,
0xffe90505,
0xfff9c0c0,
0xfff16363,
0xffe90505,
0xffe90505,
0xffe90505,
0xfffce0e0,
0xffec2424,
0xffe90505,
0xfff9c0c0,
0xfff16363,
0xffe90505,
0xffe90505,
0xfff9c0c0,
0xfff16363,
0xffe90505,
0xffffffff,
0xffec2424,
0xffe90505,
0xffe90505,
0xffe90505,
0xffe90505,
0xfff38181,
0xfffad0d0,
0xfffac1c1,
0xfffeefef,
0xfff16363,
0xffe90505,
0xfff9c0c0,
0xfff16363,
0xffe90505,
0xffe90505,
0xffe90505,
0xffe90505,
0xfffbd0d0,
0xfffeefef,
0xfffce0e0,
0xfffce0e0,
0xffffffff,
0xfff16363,
0xffe90505,
0xffffffff,
0xffe90505,
0xffe90505,
0xffe90505,
0xffee4343,
0xfffce0e0,
0xffe90505,
0xffe90505,
0xffe90505,
0xfffbd0d0,
0xffef4444,
0xffe90505,
0xffe90505,
0xfff16363,
0xfffac1c1,
0xffe90505,
0xfff48282,
0xfff48282,
0xffe90505,
0xffe90505,
0xffe90505,
0xffe90505,
0xffe90505,
0xffe90505,
0xffed3333,
0xfff8b0b0,
0xfffbd0d0,
0xfffbd0d0,
0xfffac1c1,
0xffe90505,
0xffee4343,
0xfffce0e0,
0xffe90505,
0xffe90505,
0xffee4343,
0xfffce0e0,
0xffe90505,
0xfff48282,
0xfff7a1a1,
0xffe90505,
0xffe90505,
0xffee4343,
0xfffac1c1,
0xffe90505,
0xffe90505,
0xffe90505,
0xffe90505,
0xffed3434,
0xfffce0e0,
0xffe90505,
0xfffad0d0,
0xffea1515,
0xfffbd0d0,
0xffe90505,
0xffffffff,
0xffea1515,
0xffec2424,
0xffffffff,
0xffe90505,
0xffe90505,
0xffffffff,
0xffec2424,
0xffe90505,
0xfffce0e0,
0xffef4444,
0xffe90505,
0xffe90505,
0xffe90505,
0xffe90505,
0xfff7a1a1,
0xfff16363,
0xffe90505,
0xffe90505,
0xffee4343,
0xffffffff,
0xfffce0e0,
0xfffce0e0,
0xfffce0e0,
0xffffffff,
0xffe90505,
0xffed3333,
0xfffce0e0,
0xfff9c0c0,
0xffed3333,
0xffe90505,
0xffe90505,
0xfffce0e0,
0xffec2424,
0xffe90505,
0xffe90505,
0xfff27272,
0xfff9c0c0,
0xfffac1c1,
0xfffce0e0,
0xfff48282,
0xffe90505,
0xfff7a1a1,
0xfff48282,
0xffe90505,
0xffe90505,
0xffe90505,
0xfff9c0c0,
0xfff16363,
0xffe90505,
0xffe90505,
0xffe90505,
0xffe90505,
0xffe90505,
0xffe90505,
0xffe90505,
0xffe90505,
0xffe90505,
0xffe90505,
0xffe90505,
0xffe90505,
0xffe90505,
0xffe90505,
0xffe90505,
0xffe90505,
0xffe90505,
0xffe90505,
0xffe90505,
0xffe90505,
0xffe90505,
0xffe90505,
0xffe90505,
0xffe90505,
0xffe90505,
0xffe90505,
0xffe90505,
0xffe90505,
0xffe90505,
0xffe90505,
0xffe90505,
0xffe90505,
0xffe90505,
0xffe90505,
0xffe90505,
0xffe90505,
0xffe90505,
0xffe90505,
0xffe90505,
0xffe90505,
0xffe90505,
0xffe90505,
0xffe90505,
0xffe90505,
0xffe90505,
0xffe90505,
0xffe90505,
0xffe90505,
0xffe90505,
0xffe90505,
0xffe90505,
0xffe90505,
0xffe90505,
0xffe90505,
0xffe90505,
0xffe90505,
0xffe90505,
0xffe90505,
0xffe90505,
0xffe90505,
0xffe90505,
0xffe90505,
0xffe90505,
0xffe90505,
0xffe90505,
0xffe90505,
0xffe90505,
0xffe90505,
0xffe90505,
0xffe90505,
0xffe90505,
0xffe90505,
0xffe90505,
0xffe90505,
0xffe90505,
0xffe90505,
0xffe90505,
0xffe90505,
0xffe90505,
0xffe90505,
0xffe90505,
0xffe90505,
0xffe90505,
0xffe90505,
0xffe90505,
0xffe90505,
0xffe90505,
0xffe90505,
0xffe90505,
0xffe90505,
0xffe90505,
0xfff59292,
0xfff59292,
0xffe90505,
0xffe90505,
0xffe90505,
0xffe90505,
0xfff9c0c0,
0xfff16363,
0xffe90505,
0xffe90505,
0xffe90505,
0xfffce0e0,
0xffec2424,
0xffe90505,
0xfff9c0c0,
0xfff16363,
0xffe90505,
0xffe90505,
0xfff9c0c0,
0xfff16363,
0xffe90505,
0xfffeefef,
0xffec2424,
0xffe90505,
0xffe90505,
0xffe90505,
0xfff16363,
0xfffbd0d0,
0xffea1515,
0xffe90505,
0xfff9c0c0,
0xfff16363,
0xffe90505,
0xfff9c0c0,
0xfff16363,
0xffe90505,
0xffe90505,
0xffe90505,
0xffe90505,
0xfffbd0d0,
0xfff05353,
0xffe90505,
0xffe90505,
0xffe90505,
0xffe90505,
0xffe90505,
0xffffffff,
0xffe90505,
0xffe90505,
0xffe90505,
0xffee4343,
0xfffce0e0,
0xffe90505,
0xffe90505,
0xffe90505,
0xfff8b1b1,
0xfff16363,
0xffe90505,
0xffe90505,
0xfff16363,
0xfffac1c1,
0xffe90505,
0xfff48282,
0xfff48282,
0xffe90505,
0xffe90505,
0xffe90505,
0xffe90505,
0xffe90505,
0xffe90505,
0xfffce0e0,
0xfff05353,
0xffe90505,
0xffee4343,
0xfffac1c1,
0xffe90505,
0xffee4343,
0xfffce0e0,
0xffe90505,
0xffe90505,
0xffee4343,
0xfffce0e0,
0xffe90505,
0xfff48282,
0xfff7a1a1,
0xffe90505,
0xffe90505,
0xffee4343,
0xfffac1c1,
0xffe90505,
0xffe90505,
0xffe90505,
0xffe90505,
0xffe90505,
0xfffeefef,
0xfff05353,
0xfff7a1a1,
0xffe90505,
0xfffbd0d0,
0xfff05353,
0xfffac1c1,
0xffe90505,
0xffec2424,
0xffffffff,
0xffe90505,
0xffe90505,
0xffffffff,
0xffec2424,
0xffe90505,
0xfffce0e0,
0xffef4444,
0xffe90505,
0xffe90505,
0xffe90505,
0xffe90505,
0xfff7a1a1,
0xfff16363,
0xffe90505,
0xffe90505,
0xffec2424,
0xfffdefef,
0xffe90505,
0xffe90505,
0xffe90505,
0xffe90505,
0xffe90505,
0xffe90505,
0xffe90505,
0xfff16363,
0xfffeefef,
0xffee4343,
0xffe90505,
0xfffce0e0,
0xffec2424,
0xffe90505,
0xfff05353,
0xfffcdfdf,
0xffea1515,
0xffe90505,
0xfff7a1a1,
0xfff48282,
0xffe90505,
0xfff7a1a1,
0xfff48282,
0xffe90505,
0xffe90505,
0xffe90505,
0xfff9c0c0,
0xfff16363,
0xffe90505,
0xffe90505,
0xffe90505,
0xffe90505,
0xffe90505,
0xffe90505,
0xffe90505,
0xffe90505,
0xffe90505,
0xffe90505,
0xffe90505,
0xffe90505,
0xffe90505,
0xffe90505,
0xffe90505,
0xffe90505,
0xffe90505,
0xffe90505,
0xffe90505,
0xffe90505,
0xffe90505,
0xffe90505,
0xffe90505,
0xffe90505,
0xffe90505,
0xffe90505,
0xffe90505,
0xffe90505,
0xffe90505,
0xffe90505,
0xffe90505,
0xffe90505,
0xffe90505,
0xffe90505,
0xffe90505,
0xffe90505,
0xffe90505,
0xffe90505,
0xffe90505,
0xffe90505,
0xffe90505,
0xffe90505,
0xffe90505,
0xffe90505,
0xffe90505,
0xffe90505,
0xffe90505,
0xffe90505,
0xffe90505,
0xffe90505,
0xffe90505,
0xffe90505,
0xffe90505,
0xffe90505,
0xffe90505,
0xffe90505,
0xffe90505,
0xffe90505,
0xffe90505,
0xffe90505,
0xffe90505,
0xffe90505,
0xffe90505,
0xffe90505,
0xffe90505,
0xffe90505,
0xffe90505,
0xffe90505,
0xffe90505,
0xffe90505,
0xffe90505,
0xffe90505,
0xffe90505,
0xffe90505,
0xffe90505,
0xffe90505,
0xffe90505,
0xffe90505,
0xffe90505,
0xffe90505,
0xffe90505,
0xffe90505,
0xffe90505,
0xffe90505,
0xffe90505,
0xffe90505,
0xffe90505,
0xffe90505,
0xffe90505,
0xffe90505,
0xffe90505,
0xffee4343,
0xfffad0d0,
0xffea1515,
0xffe90505,
0xffe90505,
0xffe90505,
0xfff9c0c0,
0xfff16363,
0xffe90505,
0xffe90505,
0xffe90505,
0xfffce0e0,
0xffec2424,
0xffe90505,
0xfff8b1b1,
0xfff16363,
0xffe90505,
0xffe90505,
0xfff9c0c0,
0xfff16363,
0xffe90505,
0xfff9c0c0,
0xfff59191,
0xffe90505,
0xffe90505,
0xffea1515,
0xfff48282,
0xfff7a1a1,
0xffe90505,
0xffeb2424,
0xfffce0e0,
0xfff16363,
0xffe90505,
0xfff9c0c0,
0xfff16363,
0xffe90505,
0xffe90505,
0xffe90505,
0xffe90505,
0xfff48282,
0xfff6a1a1,
0xffe90505,
0xffe90505,
0xffea1515,
0xffe90505,
0xffe90505,
0xffffffff,
0xffe90505,
0xffe90505,
0xffe90505,
0xffee4343,
0xfffce0e0,
0xffe90505,
0xffe90505,
0xffe90505,
0xfff48282,
0xfff6a1a1,
0xffe90505,
0xffe90505,
0xfff6a1a1,
0xfff16262,
0xffe90505,
0xfff48282,
0xfff48282,
0xffe90505,
0xffe90505,
0xffe90505,
0xffe90505,
0xffe90505,
0xffea1515,
0xffffffff,
0xffea1515,
0xffe90505,
0xfff6a1a1,
0xfffac1c1,
0xffe90505,
0xffee4343,
0xfffce0e0,
0xffe90505,
0xffe90505,
0xffee4343,
0xfffce0e0,
0xffe90505,
0xffee4343,
0xfffdefef,
0xffea1515,
0xffe90505,
0xfff6a1a1,
0xfffac1c1,
0xffe90505,
0xffe90505,
0xffe90505,
0xffe90505,
0xffe90505,
0xfff8b1b1,
0xfff8b0b0,
0xfff16262,
0xffe90505,
0xfff59292,
0xfffbd0d0,
0xfff48282,
0xffe90505,
0xffec2424,
0xffffffff,
0xffe90505,
0xffe90505,
0xffffffff,
0xffec2424,
0xffe90505,
0xfffce0e0,
0xffef4444,
0xffe90505,
0xffe90505,
0xffe90505,
0xffe90505,
0xfff7a1a1,
0xfff16363,
0xffe90505,
0xffe90505,
0xffe90505,
0xfffce0e0,
0xffee4343,
0xffe90505,
0xffe90505,
0xffeb2424,
0xffe90505,
0xffea1515,
0xffe90505,
0xffe90505,
0xfff8b1b1,
0xfff05353,
0xffe90505,
0xfffce0e0,
0xffec2424,
0xffe90505,
0xfff16363,
0xfffbd0d0,
0xffe90505,
0xffea1515,
0xfffce0e0,
0xfff48282,
0xffe90505,
0xfff7a1a1,
0xfff48282,
0xffe90505,
0xffe90505,
0xffe90505,
0xfff8b1b1,
0xfff27272,
0xffe90505,
0xffe90505,
0xffe90505,
0xffe90505,
0xffe90505,
0xffe90505,
0xffe90505,
0xffe90505,
0xffe90505,
0xffe90505,
0xffe90505,
0xffe90505,
0xffe90505,
0xffe90505,
0xffe90505,
0xffe90505,
0xffe90505,
0xffe90505,
0xffe90505,
0xffe90505,
0xffe90505,
0xffe90505,
0xffe90505,
0xffe90505,
0xffe90505,
0xffe90505,
0xffe90505,
0xffe90505,
0xffe90505,
0xffe90505,
0xffe90505,
0xffe90505,
0xffe90505,
0xffe90505,
0xffe90505,
0xffe90505,
0xffe90505,
0xffe90505,
0xffe90505,
0xffe90505,
0xffe90505,
0xffe90505,
0xffe90505,
0xffe90505,
0xffe90505,
0xffe90505,
0xffe90505,
0xffe90505,
0xffe90505,
0xffe90505,
0xffe90505,
0xffe90505,
0xffe90505,
0xffe90505,
0xffe90505,
0xffe90505,
0xffe90505,
0xffe90505,
0xffe90505,
0xffe90505,
0xffe90505,
0xffe90505,
0xffe90505,
0xffe90505,
0xffe90505,
0xffe90505,
0xffe90505,
0xffe90505,
0xffe90505,
0xffe90505,
0xffe90505,
0xffe90505,
0xffe90505,
0xffe90505,
0xffe90505,
0xffe90505,
0xffe90505,
0xffe90505,
0xffe90505,
0xffe90505,
0xffe90505,
0xffe90505,
0xffe90505,
0xffe90505,
0xffe90505,
0xffe90505,
0xffe90505,
0xffe90505,
0xffe90505,
0xffe90505,
0xffe90505,
0xffe90505,
0xfff59292,
0xfffeefef,
0xfffce0e0,
0xfffac1c1,
0xffe90505,
0xfff9c0c0,
0xfff16363,
0xffe90505,
0xffe90505,
0xffe90505,
0xfffce0e0,
0xffec2424,
0xffe90505,
0xfff16363,
0xfffcdfdf,
0xfffad0d0,
0xffe90505,
0xfff9c0c0,
0xfff16363,
0xffe90505,
0xffec2424,
0xfffce0e0,
0xfffce0e0,
0xfffce0e0,
0xfff05353,
0xffed3333,
0xfffce0e0,
0xfff9c0c0,
0xfffad0d0,
0xfff8b0b0,
0xfff16363,
0xffe90505,
0xfff9c0c0,
0xfff16363,
0xffe90505,
0xffe90505,
0xffe90505,
0xffe90505,
0xffea1515,
0xfff7a1a1,
0xfffeefef,
0xfffce0e0,
0xfffeefef,
0xffe90505,
0xffe90505,
0xffffffff,
0xffe90505,
0xffe90505,
0xffe90505,
0xffee4343,
0xfffce0e0,
0xffe90505,
0xffe90505,
0xffe90505,
0xffea1515,
0xfff7a1a1,
0xfffad0d0,
0xfffad0d0,
0xfffac1c1,
0xffe90505,
0xffe90505,
0xfff48282,
0xfff48282,
0xffe90505,
0xffe90505,
0xffe90505,
0xffe90505,
0xffe90505,
0xffe90505,
0xfff59292,
0xfffcdfdf,
0xfff9c0c0,
0xfff59292,
0xfffac1c1,
0xffe90505,
0xffee4343,
0xfffce0e0,
0xffe90505,
0xffe90505,
0xffee4343,
0xfffce0e0,
0xffe90505,
0xffe90505,
0xfff59292,
0xfffcdfdf,
0xfffad0d0,
0xfff7a1a1,
0xfffac1c1,
0xffe90505,
0xffe90505,
0xffe90505,
0xffe90505,
0xffe90505,
0xfff37272,
0xffffffff,
0xffec2424,
0xffe90505,
0xffee4343,
0xffffffff,
0xffef4444,
0xffe90505,
0xffec2424,
0xffffffff,
0xffe90505,
0xffe90505,
0xffffffff,
0xffec2424,
0xffe90505,
0xfffce0e0,
0xffef4444,
0xffe90505,
0xffe90505,
0xffe90505,
0xffe90505,
0xfff7a1a1,
0xfff16363,
0xffe90505,
0xffe90505,
0xffe90505,
0xffed3333,
0xfffce0e0,
0xfffce0e0,
0xfffce0e0,
0xfff48282,
0xffe90505,
0xfffbd1d1,
0xfff9c0c0,
0xfffad0d0,
0xfffac1c1,
0xffec2424,
0xffe90505,
0xfff48282,
0xfffcdfdf,
0xfff59292,
0xffea1515,
0xfffce0e0,
0xfff9c0c0,
0xfffad0d0,
0xfff59292,
0xfff48282,
0xffe90505,
0xfff7a1a1,
0xfff48282,
0xffe90505,
0xffe90505,
0xffe90505,
0xfff16363,
0xfffcdfdf,
0xfffad0d0,
0xffe90505,
0xffe90505,
0xffe90505,
0xffe90505,
0xffe90505,
0xffe90505,
0xffe90505,
0xffe90505,
0xffe90505,
0xffe90505,
0xffe90505,
0xffe90505,
0xffe90505,
0xffe90505,
0xffe90505,
0xffe90505,
0xffe90505,
0xffe90505,
0xffe90505,
0xffe90505,
0xffe90505,
0xffe90505,
0xffe90505,
0xffe90505,
0xffe90505,
0xffe90505,
0xffe90505,
0xffe90505,
0xffe90505,
0xffe90505,
0xffe90505,
0xffe90505,
0xffe90505,
0xffe90505,
0xffe90505,
0xffe90505,
0xffe90505,
0xffe90505,
0xffe90505,
0xffe90505,
0xffe90505,
0xffe90505,
0xffe90505,
0xffe90505,
0xffe90505,
0xffe90505,
0xffe90505,
0xffe90505,
0xffe90505,
0xffe90505,
0xffe90505,
0xffe90505,
0xffe90505,
0xffe90505,
0xffe90505,
0xffe90505,
0xffe90505,
0xffe90505,
0xffe90505,
0xffe90505,
0xffe90505,
0xffe90505,
0xffe90505,
0xffe90505,
0xffe90505,
0xffe90505,
0xffe90505,
0xffe90505,
0xffe90505,
0xffe90505,
0xffe90505,
0xffe90505,
0xffe90505,
0xffe90505,
0xffe90505,
0xffe90505,
0xffe90505,
0xffe90505,
0xffe90505,
0xffe90505,
0xffe90505,
0xffe90505,
0xffe90505,
0xffe90505,
0xffe90505,
0xffe90505,
0xffe90505,
0xffe90505,
0xffe90505,
0xffe90505,
0xffe90505,
0xffe90505,
0xffea1515,
0xffec2424,
0xffe90505,
0xffe90505,
0xffe90505,
0xffe90505,
0xffe90505,
0xffe90505,
0xffe90505,
0xffe90505,
0xffe90505,
0xffe90505,
0xffe90505,
0xffea1515,
0xffea1515,
0xffe90505,
0xffe90505,
0xffe90505,
0xffe90505,
0xffe90505,
0xffe90505,
0xffea1515,
0xffea1515,
0xffe90505,
0xffe90505,
0xffe90505,
0xffec2424,
0xffe90505,
0xffe90505,
0xffe90505,
0xffe90505,
0xffe90505,
0xffe90505,
0xffe90505,
0xffe90505,
0xffe90505,
0xffe90505,
0xffe90505,
0xffe90505,
0xffea1515,
0xffec2424,
0xffe90505,
0xffe90505,
0xffe90505,
0xffe90505,
0xffe90505,
0xffe90505,
0xffe90505,
0xffe90505,
0xffe90505,
0xffe90505,
0xffe90505,
0xffe90505,
0xffe90505,
0xffe90505,
0xffea1515,
0xffea1515,
0xffe90505,
0xffe90505,
0xffe90505,
0xffe90505,
0xffe90505,
0xffe90505,
0xffe90505,
0xffe90505,
0xffe90505,
0xffe90505,
0xffe90505,
0xffe90505,
0xffea1515,
0xffea1515,
0xffe90505,
0xffe90505,
0xffe90505,
0xffe90505,
0xffe90505,
0xffe90505,
0xffe90505,
0xffe90505,
0xffe90505,
0xffe90505,
0xffe90505,
0xffe90505,
0xffea1515,
0xffea1515,
0xffe90505,
0xffe90505,
0xffe90505,
0xffe90505,
0xffe90505,
0xffe90505,
0xffe90505,
0xffe90505,
0xffe90505,
0xffe90505,
0xffe90505,
0xffe90505,
0xffe90505,
0xffe90505,
0xffe90505,
0xffe90505,
0xffe90505,
0xffe90505,
0xffe90505,
0xffe90505,
0xffe90505,
0xffe90505,
0xffe90505,
0xffe90505,
0xffe90505,
0xffe90505,
0xffe90505,
0xffe90505,
0xffe90505,
0xffe90505,
0xffe90505,
0xffe90505,
0xffe90505,
0xffe90505,
0xffe90505,
0xffec2424,
0xffea1515,
0xffe90505,
0xffe90505,
0xffe90505,
0xffec2424,
0xffec2424,
0xffe90505,
0xffe90505,
0xffe90505,
0xffe90505,
0xffea1515,
0xffea1515,
0xffe90505,
0xffe90505,
0xffec2424,
0xffe90505,
0xffe90505,
0xffe90505,
0xffe90505,
0xffe90505,
0xffe90505,
0xffe90505,
0xffe90505,
0xffe90505,
0xffe90505,
0xffea1515,
0xffea1515,
0xffe90505,
0xffe90505,
0xffe90505,
0xffe90505,
0xffe90505,
0xffe90505,
0xffe90505,
0xffe90505,
0xffe90505,
0xffe90505,
0xffe90505,
0xffe90505,
0xffe90505,
0xffe90505,
0xffe90505,
0xffe90505,
0xffe90505,
0xffe90505,
0xffe90505,
0xffe90505,
0xffe90505,
0xffe90505,
0xffe90505,
0xffe90505,
0xffe90505,
0xffe90505,
0xffe90505,
0xffe90505,
0xffe90505,
0xffe90505,
0xffe90505,
0xffe90505,
0xffe90505,
0xffe90505,
0xffe90505,
0xffe90505,
0xffe90505,
0xffe90505,
0xffe90505,
0xffe90505,
0xffe90505,
0xffe90505,
0xffe90505,
0xffe90505,
0xffe90505,
0xffe90505,
0xffe90505,
0xffe90505,
0xffe90505,
0xffe90505,
0xffe90505,
0xffe90505,
0xffe90505,
0xffe90505,
0xffe90505,
0xffe90505,
0xffe90505,
0xffe90505,
0xffe90505,
0xffe90505,
0xffe90505,
0xffe90505,
0xffe90505,
0xffe90505,
0xffe90505,
0xffe90505,
0xffe90505,
0xffe90505,
0xffe90505,
0xffe90505,
0xffe90505,
0xffe90505,
0xffe90505,
0xffe90505,
0xffe90505,
0xffe90505,
0xffe90505,
0xffe90505,
0xffe90505,
0xffe90505,
0xffe90505,
0xffe90505,
0xffe90505,
0xffe90505,
0xffe90505,
0xffe90505,
0xffe90505,
0xffe90505,
0xffe90505,
0xffe90505,
0xffe90505,
0xffe90505,
0xffe90505,
0xffe90505,
0xffe90505,
0xffe90505,
0xffe90505,
0xffe90505,
0xffe90505,
0xffe90505,
0xffe90505,
0xffe90505,
0xffe90505,
0xffe90505,
0xffe90505,
0xffe90505,
0xffe90505,
0xffe90505,
0xffe90505,
0xffe90505,
0xffe90505,
0xffe90505,
0xffe90505,
0xffe90505,
0xffe90505,
0xffe90505,
0xffe90505,
0xffe90505,
0xffe90505,
0xffe90505,
0xffe90505,
0xffe90505,
0xffe90505,
0xffe90505,
0xffe90505,
0xffe90505,
0xffe90505,
0xffe90505,
0xffe90505,
0xffe90505,
0xffe90505,
0xffe90505,
0xffe90505,
0xffe90505,
0xffe90505,
0xffe90505,
0xffe90505,
0xffe90505,
0xffe90505,
0xffe90505,
0xffe90505,
0xffe90505,
0xffe90505,
0xffe90505,
0xffe90505,
0xffe90505,
0xffe90505,
0xffe90505,
0xffe90505,
0xffe90505,
0xffe90505,
0xffe90505,
0xffe90505,
0xffe90505,
0xffe90505,
0xffe90505,
0xffe90505,
0xffe90505,
0xffe90505,
0xffe90505,
0xffe90505,
0xffe90505,
0xffe90505,
0xffe90505,
0xffe90505,
0xffe90505,
0xffe90505,
0xffe90505,
0xffe90505,
0xffe90505,
0xffe90505,
0xffe90505,
0xffe90505,
0xffe90505,
0xffe90505,
0xffe90505,
0xffe90505,
0xffe90505,
0xffe90505,
0xffe90505,
0xffe90505,
0xffe90505,
0xffe90505,
0xffe90505,
0xffe90505,
0xffe90505,
0xffe90505,
0xffe90505,
0xffe90505,
0xffe90505,
0xffe90505,
0xffe90505,
0xffe90505,
0xffe90505,
0xffe90505,
0xffe90505,
0xffe90505,
0xffe90505,
0xffe90505,
0xffe90505,
0xffe90505,
0xffe90505,
0xffe90505,
0xffe90505,
0xffe90505,
0xffe90505,
0xffe90505,
0xffe90505,
0xffe90505,
0xffe90505,
0xffe90505,
0xffe90505,
0xffe90505,
0xffe90505,
0xffe90505,
0xffe90505,
0xffe90505,
0xffe90505,
0xffe90505,
0xffe90505,
0xffe90505,
0xffe90505,
0xffe90505,
0xffe90505,
0xffe90505,
0xffe90505,
0xffe90505,
0xffe90505,
0xffe90505,
0xffe90505,
0xffe90505,
0xffe90505,
0xffe90505,
0xffe90505,
0xffe90505,
0xffe90505,
0xffe90505,
0xffe90505,
0xffe90505,
0xffe90505,
0xffe90505,
0xffe90505,
0xffe90505,
0xffe90505,
0xffe90505,
0xffe90505,
0xffe90505,
0xffe90505,
0xffe90505,
0xffe90505,
0xffe90505,
0xffe90505,
0xffe90505,
0xffe90505,
0xffe90505,
0xffe90505,
0xffe90505,
0xffe90505,
0xffe90505,
0xffe90505,
0xffe90505,
0xffe90505,
0xffe90505,
0xffe90505,
0xffe90505,
0xffe90505,
0xffe90505,
0xffe90505,
0xffe90505,
0xffe90505,
0xffe90505,
0xffe90505,
0xffe90505,
0xffe90505,
0xffe90505,
0xffe90505,
0xffe90505,
0xffe90505,
0xffe90505,
0xffe90505,
0xffe90505,
0xffe90505,
0xffe90505,
0xffe90505,
0xffe90505,
0xffe90505,
0xffe90505,
0xffe90505,
0xffe90505,
0xffe90505,
0xffe90505,
0xffe90505,
0xffe90505,
0xffe90505,
0xffe90505,
0xffe90505,
0xffe90505,
0xffe90505,
0xffe90505,
0xffe90505,
0xffe90505,
0xffe90505,
0xffe90505,
0xffe90505,
0xffe90505,
0xffe90505,
0xffe90505,
0xffe90505,
0xffe90505,
0xffe90505,
0xffe90505,
0xffe90505,
0xffe90505,
0xffe90505,
0xffe90505,
0xffe90505,
0xffe90505,
0xffe90505,
0xffe90505,
0xffe90505,
0xffe90505,
0xffe90505,
0xffe90505,
0xffe90505,
0xffe90505,
0xffe90505,
0xffe90505,
0xffe90505,
0xffe90505,
0xffe90505,
0xffe90505,
0xffe90505,
0xffe90505,
0xffe90505,
0xffe90505,
0xffe90505,
0xffe90505,
0xffe90505,
0xffe90505,
0xffe90505,
0xffe90505,
0xffe90505,
0xffe90505,
0xffe90505,
0xffe90505,
0xffe90505,
0xffe90505,
0xffe90505,
0xffe90505,
0xffe90505,
0xffe90505,
0xffe90505,
0xffe90505,
0xffe90505,
0xffe90505,
0xffe90505,
0xffe90505,
0xffe90505,
0xffe90505,
0xffe90505,
0xffe90505,
0xffe90505,
0xffe90505,
0xffe90505,
0xffe90505,
0xffe90505,
0xffe90505,
0xffe90505,
0xffe90505,
0xffe90505,
0xffe90505,
0xffe90505,
0xffe90505,
0xffe90505,
0xffe90505,
0xffe90505,
0xffe90505,
0xffe90505,
0xffe90505,
0xffe90505,
0xffe90505,
0xffe90505,
0xffe90505,
0xffe90505,
0xffe90505,
0xffe90505,
0xffe90505,
0xffe90505,
0xffe90505,
0xffe90505,
0xffe90505,
0xffe90505,
0xffe90505,
0xffe90505,
0xffe90505,
0xffe90505,
0xffe90505,
0xffe90505,
0xffe90505,
0xffe90505,
0xffe90505,
0xffe90505,
0xffe90505,
0xffe90505,
0xffe90505,
0xffe90505,
0xffe90505,
0xffe90505,
0xffe90505,
0xffe90505,
0xffe90505,
0xffe90505,
0xffe90505,
0xffe90505,
0xffe90505,
0xffe90505,
0xffe90505,
0xffe90505,
0xffe90505,
0xffe90505,
0xffe90505,
0xffe90505,
0xffe90505,
0xffe90505,
0xffe90505,
0xffe90505,
0xffe90505,
0xffe90505,
0xffe90505,
0xffe90505,
0xffe90505,
0xffe90505,
0xffe90505,
0xffe90505,
0xffe90505,
0xffe90505,
0xffe90505,
0xffe90505,
0xffe90505,
0xffe90505,
0xffe90505,
0xffe90505,
0xffe90505,
0xffe90505,
0xffe90505,
0xffe90505,
0xffe90505,
0xffe90505,
0xffe90505,
0xffe90505,
0xffe90505,
0xffe90505,
0xffe90505,
0xffe90505,
0xffe90505,
0xffe90505,
0xffe90505,
0xffe90505,
0xffe90505,
0xffe90505,
0xffe90505,
0xffe90505,
0xffe90505,
0xffe90505,
0xffe90505,
0xffe90505,
0xffe90505,
0xffe90505,
0xffe90505,
0xffe90505,
0xffe90505,
0xffe90505,
0xffe90505,
0xffe90505,
0xffe90505,
0xffe90505,
0xffe90505,
0xffe90505,
0xffe90505,
0xffe90505,
0xffe90505,
0xffe90505,
0xffe90505,
0xffe90505,
0xffe90505,
0xffe90505,
0xffe90505,
0xffe90505,
0xffe90505,
0xffe90505,
0xffe90505,
0xffe90505,
0xffe90505,
0xffe90505,
0xffe90505,
0xffe90505,
0xffe90505,
0xffe90505,
0xffe90505,
0xffe90505,
0xffe90505,
0xffe90505,
0xffe90505,
0xffe90505,
0xffe90505,
0xffe90505,
0xffe90505,
0xffe90505,
0xffe90505,
0xffe90505,
0xffe90505,
0xffe90505,
0xffe90505,
0xffe90505,
0xffe90505,
0xffe90505,
0xffe90505,
0xffe90505,
0xffe90505,
0xffe90505,
0xffe90505,
0xffe90505,
0xffe90505,
0xffe90505,
0xffe90505,
0xffe90505,
0xffe90505,
0xffe90505,
0xffe90505,
0xffe90505,
0xffe90505,
0xffe90505,
0xffe90505,
0xffe90505,
0xffe90505,
0xffe90505,
0xffe90505,
0xffe90505,
0xffe90505,
0xffe90505,
0xffe90505,
0xffe90505,
0xffe90505,
0xffe90505,
0xffe90505,
0xffe90505,
0xffe90505,
0xffe90505,
0xffe90505,
0xffe90505,
0xffe90505,
0xffe90505,
0xffe90505,
0xffe90505,
0xffe90505,
0xffe90505,
0xffe90505,
0xffe90505,
0xffe90505,
0xffe90505,
0xffe90505,
0xffe90505,
0xffe90505,
0xffe90505,
0xffe90505,
0xffe90505,
0xffe90505,
0xffe90505,
0xffe90505,
0xffe90505,
0xffe90505,
0xffe90505,
0xffe90505,
0xffe90505,
0xffe90505,
0xffe90505,
0xffe90505,
0xffe90505,
0xffe90505,
0xffe90505,
0xffe90505,
0xffe90505,
0xffe90505,
0xffe90505,
0xffe90505,
0xffe90505,
0xffe90505,
0xffe90505,
0xffe90505,
0xffe90505,
0xffe90505,
0xffe90505,
0xffe90505,
0xffe90505,
0xffe90505,
0xffe90505,
0xffe90505,
0xffe90505,
0xffe90505,
0xffe90505,
0xffe90505,
0xffe90505,
0xffe90505,
0xffe90505,
0xffe90505,
0xffe90505,
0xffe90505,
0xffe90505,
0xffe90505,
0xffe90505,
0xffe90505,
0xffe90505,
0xffe90505,
0xffe90505,
0xffe90505,
0xffe90505,
0xffe90505,
0xffe90505,
0xffe90505,
0xffe90505,
0xffe90505,
0xffe90505,
0xffe90505,
0xffe90505,
0xffe90505,
0xffe90505,
0xffe90505,
0xffe90505,
0xffe90505,
0xffe90505,
0xffe90505,
0xffe90505,
0xffe90505,
0xffe90505,
0xffe90505,
0xffe90505,
0xffe90505,
0xffe90505,
0xffe90505,
0xffe90505,
0xffe90505,
0xffe90505,
0xffe90505,
0xffe90505,
0xffe90505,
0xffe90505,
0xffe90505,
0xffe90505,
0xffe90505,
0xffe90505,
0xffe90505,
0xffe90505,
0xffe90505,
0xffe90505,
0xffe90505,
0xffe90505,
0xffe90505,
0xffe90505,
0xffe90505,
0xffe90505,
0xffe90505,
0xffe90505,
0xffe90505,
0xffe90505,
0xffe90505,
0xffe90505,
0xffe90505,
0xffe90505,
0xffe90505,
0xffe90505,
0xffe90505,
0xffe90505,
0xffe90505,
0xffe90505,
0xffe90505,
0xffe90505,
0xffe90505,
0xffe90505,
0xffe90505,
0xffe90505,
0xffe90505,
0xffe90505,
0xffe90505,
0xffe90505,
0xffe90505,
0xffe90505,
0xffe90505,
0xffe90505,
0xffe90505,
0xffe90505,
0xffe90505,
0xffe90505,
0xffe90505,
0xffe90505,
0xffe90505,
0xffe90505,
0xffe90505,
0xffe90505,
0xffe90505,
0xffe90505,
0xffe90505,
0xffe90505,
0xffe90505,
0xffe90505,
0xffe90505,
0xffe90505,
0xffe90505,
0xffe90505,
0xffe90505,
0xffe90505,
0xffe90505,
0xffe90505,
0xffe90505,
0xffe90505,
0xffe90505,
0xffe90505,
0xffe90505,
0xffe90505,
0xffe90505,
0xffe90505,
0xffe90505,
0xffe90505,
0xffe90505,
0xffe90505,
0xffe90505,
0xffe90505,
0xffe90505,
0xffe90505,
0xffe90505,
0xffe90505,
0xffe90505,
0xffe90505,
0xffe90505,
0xffe90505,
0xffe90505,
0xffe90505,
0xffe90505,
0xffe90505,
0xffe90505,
0xffe90505,
0xffe90505,
0xffe90505,
0xffe90505,
0xffe90505,
0xffe90505,
0xffe90505,
0xffe90505,
0xffe90505,
0xffe90505,
0xffe90505,
0xffe90505,
0xffe90505,
0xffe90505,
0xffe90505,
0xffe90505,
0xffe90505,
0xffe90505,
0xffe90505,
0xffe90505,
0xffe90505,
0xffe90505,
0xffe90505,
0xffe90505,
0xffe90505,
0xffe90505,
0xffe90505,
0xffe90505,
0xffe90505,
0xffe90505,
0xffe90505,
0xffe90505,
0xffe90505,
0xffe90505,
0xffe90505,
0xffe90505,
0xffe90505,
0xffe90505,
0xffe90505,
0xffe90505,
0xffe90505,
0xffe90505,
0xffe90505,
0xffe90505,
0xffe90505,
0xffe90505,
0xffe90505,
0xffe90505,
0xffe90505,
0xffe90505,
0xffe90505,
0xffe90505,
0xffe90505,
0xffe90505,
0xffe90505,
0xffe90505,
0xffe90505,
0xffe90505,
0xffe90505,
0xffe90505,
0xffe90505,
0xffe90505,
0xffe90505,
0xffe90505,
0xffe90505,
0xffe90505,
0xffe90505,
0xffe90505,
0xffe90505,
0xffe90505,
0xffe90505,
0xffe90505,
0xffe90505,
0xffe90505,
0xffe90505,
0xffe90505,
0xffe90505,
0xffe90505,
0xffe90505,
0xffe90505,
0xffe90505,
0xffe90505,
0xffe90505,
0xffe90505,
0xffe90505,
0xffe90505,
0xffe90505,
0xffe90505,
0xffe90505,
0xffe90505,
0xffe90505,
0xffe90505,
0xffe90505,
0xffe90505,
0xffe90505,
0xffe90505,
0xffe90505,
0xffe90505,
0xffe90505,
0xffe90505,
0xffe90505,
0xffe90505,
0xffe90505,
0xffe90505,
0xffe90505,
0xffe90505,
0xffe90505,
0xffe90505,
0xffe90505,
0xffe90505,
0xffe90505,
0xffe90505,
0xffe90505,
0xffe90505,
0xffe90505,
0xffe90505,
0xffe90505,
0xffe90505,
0xffe90505,
0xffe90505,
0xffe90505,
0xffe90505,
0xffe90505,
0xffe90505,
0xffe90505,
0xffe90505,
0xffe90505,
0xffe90505,
0xffe90505,
0xffe90505,
0xffe90505,
0xffe90505,
0xffe90505,
0xffe90505,
0xffe90505,
0xffe90505,
0xffe90505,
0xffe90505,
0xffe90505,
0xffe90505,
0xffe90505,
0xffe90505,
0xffe90505,
0xffe90505,
0xffe90505,
0xffe90505,
0xffe90505,
0xffe90505,
0xffe90505,
0xffe90505,
0xffe90505,
0xffe90505,
0xffe90505,
0xffe90505,
0xffe90505,
0xffe90505,
0xffe90505,
0xffe90505,
0xffe90505,
0xffe90505,
0xffe90505,
0xffe90505,
0xffe90505,
0xffe90505,
0xffe90505,
0xffe90505,
0xffe90505,
0xffe90505,
0xffe90505,
0xffe90505,
0xffeb2424,
0xffea1515,
0xffe90505,
0xffe90505,
0xffe90505,
0xffe90505,
0xffe90505,
0xffe90505,
0xffe90505,
0xffe90505,
0xffe90505,
0xffe90505,
0xffe90505,
0xffe90505,
0xffe90505,
0xffe90505,
0xffe90505,
0xffe90505,
0xffe90505,
0xffe90505,
0xffe90505,
0xffe90505,
0xffe90505,
0xffe90505,
0xffe90505,
0xffe90505,
0xffe90505,
0xffe90505,
0xffe90505,
0xffe90505,
0xffe90505,
0xffe90505,
0xffe90505,
0xffe90505,
0xffe90505,
0xffe90505,
0xffe90505,
0xffe90505,
0xffe90505,
0xffe90505,
0xffe90505,
0xffe90505,
0xffe90505,
0xffe90505,
0xffe90505,
0xffe90505,
0xffe90505,
0xffe90505,
0xffe90505,
0xffe90505,
0xffe90505,
0xffe90505,
0xffe90505,
0xffe90505,
0xffe90505,
0xffe90505,
0xffe90505,
0xffe90505,
0xffe90505,
0xffe90505,
0xffe90505,
0xffe90505,
0xffe90505,
0xffe90505,
0xffe90505,
0xffe90505,
0xffe90505,
0xffe90505,
0xffe90505,
0xffe90505,
0xffe90505,
0xffe90505,
0xffe90505,
0xffe90505,
0xffe90505,
0xffe90505,
0xffe90505,
0xffe90505,
0xffe90505,
0xffe90505,
0xffe90505,
0xffe90505,
0xffe90505,
0xffe90505,
0xffe90505,
0xffe90505,
0xffe90505,
0xffe90505,
0xffe90505,
0xffe90505,
0xffe90505,
0xffe90505,
0xffe90505,
0xffe90505,
0xffe90505,
0xffe90505,
0xffe90505,
0xffe90505,
0xffe90505,
0xffe90505,
0xffe90505,
0xffe90505,
0xffe90505,
0xffe90505,
0xffe90505,
0xffe90505,
0xffe90505,
0xffe90505,
0xffe90505,
0xffe90505,
0xffe90505,
0xffe90505,
0xffe90505,
0xffe90505,
0xffe90505,
0xffe90505,
0xffe90505,
0xffe90505,
0xffe90505,
0xffe90505,
0xffe90505,
0xffe90505,
0xffe90505,
0xffe90505,
0xffe90505,
0xffe90505,
0xffe90505,
0xffe90505,
0xffe90505,
0xffe90505,
0xffe90505,
0xffe90505,
0xffe90505,
0xffe90505,
0xffe90505,
0xffe90505,
0xffe90505,
0xffe90505,
0xffe90505,
0xffe90505,
0xffe90505,
0xffe90505,
0xffe90505,
0xffe90505,
0xffe90505,
0xffe90505,
0xffe90505,
0xffe90505,
0xffe90505,
0xffe90505,
0xffe90505,
0xffe90505,
0xffe90505,
0xffe90505,
0xffe90505,
0xffe90505,
0xffe90505,
0xffe90505,
0xffe90505,
0xffe90505,
0xffe90505,
0xffe90505,
0xffe90505,
0xffe90505,
0xffe90505,
0xffe90505,
0xffe90505,
0xffe90505,
0xffe90505,
0xffe90505,
0xffe90505,
0xffe90505,
0xffe90505,
0xffe90505,
0xffe90505,
0xffe90505,
0xffe90505,
0xffe90505,
0xffe90505,
0xffe90505,
0xffe90505,
0xffea1515,
0xfff9c0c0,
0xffea1515,
0xffe90505,
0xffe90505,
0xffe90505,
0xffe90505,
0xffe90505,
0xffe90505,
0xffe90505,
0xffe90505,
0xffe90505,
0xffe90505,
0xffe90505,
0xffef5353,
0xfff6a1a1,
0xfff6a1a1,
0xfff6a1a1,
0xfff16262,
0xffe90505,
0xffe90505,
0xffe90505,
0xffe90505,
0xffe90505,
0xffe90505,
0xffe90505,
0xffe90505,
0xffe90505,
0xffe90505,
0xffe90505,
0xffe90505,
0xffe90505,
0xffe90505,
0xffe90505,
0xffe90505,
0xffe90505,
0xffe90505,
0xffe90505,
0xffe90505,
0xffe90505,
0xffe90505,
0xffe90505,
0xffe90505,
0xffe90505,
0xffe90505,
0xffe90505,
0xffe90505,
0xffe90505,
0xffe90505,
0xffe90505,
0xffe90505,
0xffe90505,
0xffe90505,
0xffe90505,
0xffe90505,
0xffe90505,
0xffe90505,
0xffe90505,
0xffe90505,
0xfff9c0c0,
0xfff16363,
0xffe90505,
0xffe90505,
0xffe90505,
0xffe90505,
0xffe90505,
0xffe90505,
0xffe90505,
0xffe90505,
0xffe90505,
0xffe90505,
0xffe90505,
0xffe90505,
0xffe90505,
0xffe90505,
0xffe90505,
0xffe90505,
0xffe90505,
0xffe90505,
0xffe90505,
0xffe90505,
0xffe90505,
0xffe90505,
0xffe90505,
0xffe90505,
0xffe90505,
0xffe90505,
0xffe90505,
0xffe90505,
0xffe90505,
0xffe90505,
0xffe90505,
0xffe90505,
0xffe90505,
0xffe90505,
0xffe90505,
0xffe90505,
0xffe90505,
0xffe90505,
0xffe90505,
0xffe90505,
0xffe90505,
0xffe90505,
0xffe90505,
0xffe90505,
0xffe90505,
0xffe90505,
0xffe90505,
0xffe90505,
0xffe90505,
0xffe90505,
0xffe90505,
0xffe90505,
0xffe90505,
0xffe90505,
0xffe90505,
0xffe90505,
0xffe90505,
0xffe90505,
0xffe90505,
0xffe90505,
0xffe90505,
0xffe90505,
0xffe90505,
0xffe90505,
0xffe90505,
0xffe90505,
0xffe90505,
0xffe90505,
0xffe90505,
0xffe90505,
0xffe90505,
0xffe90505,
0xffe90505,
0xffe90505,
0xffe90505,
0xffe90505,
0xffe90505,
0xffe90505,
0xffe90505,
0xffe90505,
0xffe90505,
0xffe90505,
0xffe90505,
0xffe90505,
0xffe90505,
0xffe90505,
0xffe90505,
0xffe90505,
0xffe90505,
0xffe90505,
0xffe90505,
0xffe90505,
0xffe90505,
0xffe90505,
0xffe90505,
0xffe90505,
0xffe90505,
0xffe90505,
0xffe90505,
0xffe90505,
0xffe90505,
0xffe90505,
0xffe90505,
0xffe90505,
0xffe90505,
0xffe90505,
0xffe90505,
0xffe90505,
0xffe90505,
0xffe90505,
0xffe90505,
0xffe90505,
0xffe90505,
0xffe90505,
0xffe90505,
0xffe90505,
0xffe90505,
0xffe90505,
0xffe90505,
0xffe90505,
0xffe90505,
0xffe90505,
0xffe90505,
0xffe90505,
0xffe90505,
0xffe90505,
0xffe90505,
0xffe90505,
0xffe90505,
0xffe90505,
0xffe90505,
0xffe90505,
0xffe90505,
0xffe90505,
0xffe90505,
0xffe90505,
0xffe90505,
0xffe90505,
0xffe90505,
0xffe90505,
0xffe90505,
0xffe90505,
0xffe90505,
0xffe90505,
0xffe90505,
0xffe90505,
0xffe90505,
0xffe90505,
0xffe90505,
0xffe90505,
0xffe90505,
0xffe90505,
0xffe90505,
0xffe90505,
0xffe90505,
0xffe90505,
0xffe90505,
0xffe90505,
0xffe90505,
0xffe90505,
0xffe90505,
0xffe90505,
0xffe90505,
0xffe90505,
0xffe90505,
0xffe90505,
0xffe90505,
0xffe90505,
0xffe90505,
0xffe90505,
0xffe90505,
0xffe90505,
0xffe90505,
0xffe90505,
0xffe90505,
0xffe90505,
0xffe90505,
0xffe90505,
0xffe90505,
0xffe90505,
0xfff48282,
0xffe90505,
0xffe90505,
0xffe90505,
0xffe90505,
0xffe90505,
0xffe90505,
0xffe90505,
0xffe90505,
0xffe90505,
0xffe90505,
0xffe90505,
0xffe90505,
0xfff59292,
0xfff7a1a1,
0xfff26363,
0xfff26363,
0xffef4343,
0xffe90505,
0xffe90505,
0xffe90505,
0xffe90505,
0xffe90505,
0xffe90505,
0xffe90505,
0xffe90505,
0xffe90505,
0xffe90505,
0xffe90505,
0xffe90505,
0xffe90505,
0xffe90505,
0xffe90505,
0xffe90505,
0xffe90505,
0xffe90505,
0xffe90505,
0xffe90505,
0xffe90505,
0xffe90505,
0xffe90505,
0xffe90505,
0xffe90505,
0xffe90505,
0xffe90505,
0xffe90505,
0xffe90505,
0xffe90505,
0xffe90505,
0xffe90505,
0xffe90505,
0xffe90505,
0xffe90505,
0xffe90505,
0xffe90505,
0xffe90505,
0xffe90505,
0xffe90505,
0xfff9c0c0,
0xfff16363,
0xffe90505,
0xffe90505,
0xffe90505,
0xffe90505,
0xffe90505,
0xffe90505,
0xffe90505,
0xffe90505,
0xffe90505,
0xffe90505,
0xffe90505,
0xffe90505,
0xffe90505,
0xffe90505,
0xffe90505,
0xffe90505,
0xffe90505,
0xffe90505,
0xffe90505,
0xffe90505,
0xffe90505,
0xffe90505,
0xffe90505,
0xffe90505,
0xffe90505,
0xffe90505,
0xffe90505,
0xffe90505,
0xffe90505,
0xffe90505,
0xffe90505,
0xffe90505,
0xffe90505,
0xffe90505,
0xffe90505,
0xffe90505,
0xffe90505,
0xffe90505,
0xffe90505,
0xffe90505,
0xffe90505,
0xffe90505,
0xffe90505,
0xffe90505,
0xffe90505,
0xffe90505,
0xffe90505,
0xffe90505,
0xffe90505,
0xffe90505,
0xffe90505,
0xffe90505,
0xffe90505,
0xffe90505,
0xffe90505,
0xffe90505,
0xffe90505,
0xffe90505,
0xffe90505,
0xffe90505,
0xffe90505,
0xffe90505,
0xffe90505,
0xffe90505,
0xffe90505,
0xffe90505,
0xffe90505,
0xffe90505,
0xffe90505,
0xffe90505,
0xffe90505,
0xffe90505,
0xffe90505,
0xffe90505,
0xffe90505,
0xffe90505,
0xffe90505,
0xffe90505,
0xffe90505,
0xffe90505,
0xffe90505,
0xffe90505,
0xffe90505,
0xffe90505,
0xffe90505,
0xffe90505,
0xffe90505,
0xffe90505,
0xffe90505,
0xffe90505,
0xffe90505,
0xffe90505,
0xffe90505,
0xffe90505,
0xffe90505,
0xffe90505,
0xffe90505,
0xffe90505,
0xffe90505,
0xffe90505,
0xffe90505,
0xffe90505,
0xffe90505,
0xffe90505,
0xffe90505,
0xffe90505,
0xffe90505,
0xffe90505,
0xffe90505,
0xffe90505,
0xffe90505,
0xffe90505,
0xffe90505,
0xffe90505,
0xffe90505,
0xffe90505,
0xffe90505,
0xffe90505,
0xffe90505,
0xffe90505,
0xffe90505,
0xffe90505,
0xffe90505,
0xffe90505,
0xffe90505,
0xffe90505,
0xffe90505,
0xffe90505,
0xffe90505,
0xffe90505,
0xffe90505,
0xffe90505,
0xffe90505,
0xffe90505,
0xffe90505,
0xffe90505,
0xffe90505,
0xffe90505,
0xffe90505,
0xffe90505,
0xffe90505,
0xffe90505,
0xffe90505,
0xffe90505,
0xffe90505,
0xffe90505,
0xffe90505,
0xffe90505,
0xffe90505,
0xffe90505,
0xffe90505,
0xffe90505,
0xffe90505,
0xffe90505,
0xffe90505,
0xffe90505,
0xffe90505,
0xffe90505,
0xffe90505,
0xffe90505,
0xffe90505,
0xffe90505,
0xffe90505,
0xffe90505,
0xffe90505,
0xffe90505,
0xffe90505,
0xffe90505,
0xffe90505,
0xffe90505,
0xffe90505,
0xffe90505,
0xffe90505,
0xffe90505,
0xffe90505,
0xffe90505,
0xffe90505,
0xffe90505,
0xffe90505,
0xffe90505,
0xfff16363,
0xffe90505,
0xffe90505,
0xfff05353,
0xffea1515,
0xfff37272,
0xfff48282,
0xffeb2424,
0xffe90505,
0xffe90505,
0xffe90505,
0xffe90505,
0xffe90505,
0xfff7a1a1,
0xfff05353,
0xffe90505,
0xffe90505,
0xffe90505,
0xffe90505,
0xffe90505,
0xffe90505,
0xffe90505,
0xffe90505,
0xffee4343,
0xfff48282,
0xfff48282,
0xffed3333,
0xffe90505,
0xffe90505,
0xffee4343,
0xfff48282,
0xfff16262,
0xffe90505,
0xffe90505,
0xffe90505,
0xffea1515,
0xfff37272,
0xfff48282,
0xfff16262,
0xffe90505,
0xffe90505,
0xffee4343,
0xfff48282,
0xfff37272,
0xffeb2424,
0xffe90505,
0xffe90505,
0xffee4343,
0xffea1515,
0xfff37272,
0xfff48282,
0xffed3333,
0xffe90505,
0xffe90505,
0xffe90505,
0xfff05353,
0xfff48282,
0xfff16262,
0xfff8b1b1,
0xfff16363,
0xffe90505,
0xffea1515,
0xfff37272,
0xfff48282,
0xfff16262,
0xffe90505,
0xffe90505,
0xffe90505,
0xffe90505,
0xffe90505,
0xffe90505,
0xffe90505,
0xffe90505,
0xffe90505,
0xffe90505,
0xffe90505,
0xffe90505,
0xffe90505,
0xffe90505,
0xffe90505,
0xffe90505,
0xffe90505,
0xffe90505,
0xffe90505,
0xffe90505,
0xffe90505,
0xffe90505,
0xffe90505,
0xffe90505,
0xffe90505,
0xffe90505,
0xffe90505,
0xffe90505,
0xffe90505,
0xffe90505,
0xffe90505,
0xffe90505,
0xffe90505,
0xffe90505,
0xffe90505,
0xffe90505,
0xffe90505,
0xffe90505,
0xffe90505,
0xffe90505,
0xffe90505,
0xffe90505,
0xffe90505,
0xffe90505,
0xffe90505,
0xffe90505,
0xffe90505,
0xffe90505,
0xffe90505,
0xffe90505,
0xffe90505,
0xffe90505,
0xffe90505,
0xffe90505,
0xffe90505,
0xffe90505,
0xffe90505,
0xffe90505,
0xffe90505,
0xffe90505,
0xffe90505,
0xffe90505,
0xffe90505,
0xffe90505,
0xffe90505,
0xffe90505,
0xffe90505,
0xffe90505,
0xffe90505,
0xffe90505,
0xffe90505,
0xffe90505,
0xffe90505,
0xffe90505,
0xffe90505,
0xffe90505,
0xffe90505,
0xffe90505,
0xffe90505,
0xffe90505,
0xffe90505,
0xffe90505,
0xffe90505,
0xffe90505,
0xffe90505,
0xffe90505,
0xffe90505,
0xffe90505,
0xffe90505,
0xffe90505,
0xffe90505,
0xffe90505,
0xffe90505,
0xffe90505,
0xffe90505,
0xffe90505,
0xffe90505,
0xffe90505,
0xffe90505,
0xffe90505,
0xffe90505,
0xffe90505,
0xffe90505,
0xffe90505,
0xffe90505,
0xffe90505,
0xffe90505,
0xffe90505,
0xffe90505,
0xffe90505,
0xffe90505,
0xffe90505,
0xffe90505,
0xffe90505,
0xffe90505,
0xffe90505,
0xffe90505,
0xffe90505,
0xffe90505,
0xffe90505,
0xffe90505,
0xffe90505,
0xffe90505,
0xffe90505,
0xffe90505,
0xffe90505,
0xffe90505,
0xffe90505,
0xffe90505,
0xffe90505,
0xffe90505,
0xffe90505,
0xffe90505,
0xffe90505,
0xffe90505,
0xffe90505,
0xffe90505,
0xffe90505,
0xffe90505,
0xffe90505,
0xffe90505,
0xffe90505,
0xffe90505,
0xffe90505,
0xffe90505,
0xffe90505,
0xffe90505,
0xffe90505,
0xffe90505,
0xffe90505,
0xffe90505,
0xffe90505,
0xffe90505,
0xffe90505,
0xffe90505,
0xffe90505,
0xffe90505,
0xffe90505,
0xffe90505,
0xffe90505,
0xffe90505,
0xffe90505,
0xffe90505,
0xffe90505,
0xffe90505,
0xffe90505,
0xffe90505,
0xffe90505,
0xffe90505,
0xffe90505,
0xffe90505,
0xffe90505,
0xffe90505,
0xffe90505,
0xffe90505,
0xffffffff,
0xffe90505,
0xffe90505,
0xfffce0e0,
0xfffad0d0,
0xfff26363,
0xfff59292,
0xfffcdfdf,
0xffea1515,
0xffe90505,
0xffe90505,
0xffe90505,
0xffe90505,
0xfff9c0c0,
0xfff37272,
0xffee4343,
0xffeb2424,
0xffe90505,
0xffe90505,
0xffe90505,
0xffe90505,
0xffe90505,
0xffee4343,
0xfffcdfdf,
0xfff26363,
0xfff37272,
0xfff27272,
0xffe90505,
0xfff16363,
0xfffcdfdf,
0xfff26363,
0xfff8b0b0,
0xfff9c0c0,
0xffe90505,
0xffe90505,
0xfffce0e0,
0xfff7a1a1,
0xfff37272,
0xfff27272,
0xffe90505,
0xfff16363,
0xfffcdfdf,
0xfff26363,
0xfff48282,
0xfffcdfdf,
0xffea1515,
0xffe90505,
0xfff7a1a1,
0xfffcdfdf,
0xfff37272,
0xfff37272,
0xfffeefef,
0xffee4343,
0xffe90505,
0xfff16363,
0xfffcdfdf,
0xfff26363,
0xfff59292,
0xfffeefef,
0xfff16363,
0xffe90505,
0xfffce0e0,
0xfff59292,
0xfff26363,
0xfff59292,
0xffe90505,
0xffe90505,
0xffe90505,
0xffe90505,
0xffe90505,
0xffe90505,
0xffe90505,
0xffe90505,
0xffe90505,
0xffe90505,
0xffe90505,
0xffe90505,
0xffe90505,
0xffe90505,
0xffe90505,
0xffe90505,
0xffe90505,
0xffe90505,
0xffe90505,
0xffe90505,
0xffe90505,
0xffe90505,
0xffe90505,
0xffe90505,
0xffe90505,
0xffe90505,
0xffe90505,
0xffe90505,
0xffe90505,
0xffe90505,
0xffe90505,
0xffe90505,
0xffe90505,
0xffe90505,
0xffe90505,
0xffe90505,
0xffe90505,
0xffe90505,
0xffe90505,
0xffe90505,
0xffe90505,
0xffe90505,
0xffe90505,
0xffe90505,
0xffe90505,
0xffe90505,
0xffe90505,
0xffe90505,
0xffe90505,
0xffe90505,
0xffe90505,
0xffe90505,
0xffe90505,
0xffe90505,
0xffe90505,
0xffe90505,
0xffe90505,
0xffe90505,
0xffe90505,
0xffe90505,
0xffe90505,
0xffe90505,
0xffe90505,
0xffe90505,
0xffe90505,
0xffe90505,
0xffe90505,
0xffe90505,
0xffe90505,
0xffe90505,
0xffe90505,
0xffe90505,
0xffe90505,
0xffe90505,
0xffe90505,
0xffe90505,
0xffe90505,
0xffe90505,
0xffe90505,
0xffe90505,
0xffe90505,
0xffe90505,
0xffe90505,
0xffe90505,
0xffe90505,
0xffe90505,
0xffe90505,
0xffe90505,
0xffe90505,
0xffe90505,
0xffe90505,
0xffe90505,
0xffe90505,
0xffe90505,
0xffe90505,
0xffe90505,
0xffe90505,
0xffe90505,
0xffe90505,
0xffe90505,
0xffe90505,
0xffe90505,
0xffe90505,
0xffe90505,
0xffe90505,
0xffe90505,
0xffe90505,
0xffe90505,
0xffe90505,
0xffe90505,
0xffe90505,
0xffe90505,
0xffe90505,
0xffe90505,
0xffe90505,
0xffe90505,
0xffe90505,
0xffe90505,
0xffe90505,
0xffe90505,
0xffe90505,
0xffe90505,
0xffe90505,
0xffe90505,
0xffe90505,
0xffe90505,
0xffe90505,
0xffe90505,
0xffe90505,
0xffe90505,
0xffe90505,
0xffe90505,
0xffe90505,
0xffe90505,
0xffe90505,
0xffe90505,
0xffe90505,
0xffe90505,
0xffe90505,
0xffe90505,
0xffe90505,
0xffe90505,
0xffe90505,
0xffe90505,
0xffe90505,
0xffe90505,
0xffe90505,
0xffe90505,
0xffe90505,
0xffe90505,
0xffe90505,
0xffe90505,
0xffe90505,
0xffe90505,
0xffe90505,
0xffe90505,
0xffe90505,
0xffe90505,
0xffe90505,
0xffe90505,
0xffe90505,
0xffe90505,
0xffe90505,
0xffe90505,
0xffe90505,
0xffe90505,
0xffe90505,
0xffe90505,
0xffe90505,
0xffe90505,
0xffe90505,
0xffe90505,
0xffe90505,
0xffe90505,
0xffe90505,
0xffffffff,
0xffe90505,
0xffe90505,
0xfffce0e0,
0xffef4444,
0xffe90505,
0xffe90505,
0xfffeefef,
0xffec2424,
0xffe90505,
0xffe90505,
0xffe90505,
0xffe90505,
0xfff48282,
0xfff8b1b1,
0xfff8b1b1,
0xfffce0e0,
0xfff38181,
0xffe90505,
0xffe90505,
0xffe90505,
0xffe90505,
0xfff16363,
0xfff9c0c0,
0xffe90505,
0xffe90505,
0xffe90505,
0xffe90505,
0xfff9c0c0,
0xffef4444,
0xffe90505,
0xffea1515,
0xffffffff,
0xffec2424,
0xfff16363,
0xfffac1c1,
0xffe90505,
0xffe90505,
0xffe90505,
0xffe90505,
0xfffbd0d0,
0xffef4444,
0xffe90505,
0xffe90505,
0xfff7a1a1,
0xfff27272,
0xffe90505,
0xfff7a1a1,
0xfff59292,
0xffe90505,
0xffe90505,
0xfff8b1b1,
0xfff16363,
0xffe90505,
0xfffbd0d0,
0xffef4444,
0xffe90505,
0xffe90505,
0xfffbd0d0,
0xfff16363,
0xffe90505,
0xfffeefef,
0xffed3333,
0xffe90505,
0xffe90505,
0xffe90505,
0xffe90505,
0xffe90505,
0xffe90505,
0xffe90505,
0xffe90505,
0xffe90505,
0xffe90505,
0xffe90505,
0xffe90505,
0xffe90505,
0xffe90505,
0xffe90505,
0xffe90505,
0xffe90505,
0xffe90505,
0xffe90505,
0xffe90505,
0xffe90505,
0xffe90505,
0xffe90505,
0xffe90505,
0xffe90505,
0xffe90505,
0xffe90505,
0xffe90505,
0xffe90505,
0xffe90505,
0xffe90505,
0xffe90505,
0xffe90505,
0xffe90505,
0xffe90505,
0xffe90505,
0xffe90505,
0xffe90505,
0xffe90505,
0xffe90505,
0xffe90505,
0xffe90505,
0xffe90505,
0xffe90505,
0xffe90505,
0xffe90505,
0xffe90505,
0xffe90505,
0xffe90505,
0xffe90505,
0xffe90505,
0xffe90505,
0xffe90505,
0xffe90505,
0xffe90505,
0xffe90505,
0xffe90505,
0xffe90505,
0xffe90505,
0xffe90505,
0xffe90505,
0xffe90505,
0xffe90505,
0xffe90505,
0xffe90505,
0xffe90505,
0xffe90505,
0xffe90505,
0xffe90505,
0xffe90505,
0xffe90505,
0xffe90505,
0xffe90505,
0xffe90505,
0xffe90505,
0xffe90505,
0xffe90505,
0xffe90505,
0xffe90505,
0xffe90505,
0xffe90505,
0xffe90505,
0xffe90505,
0xffe90505,
0xffe90505,
0xffe90505,
0xffe90505,
0xffe90505,
0xffe90505,
0xffe90505,
0xffe90505,
0xffe90505,
0xffe90505,
0xffe90505,
0xffe90505,
0xffe90505,
0xffe90505,
0xffe90505,
0xffe90505,
0xffe90505,
0xffe90505,
0xffe90505,
0xffe90505,
0xffe90505,
0xffe90505,
0xffe90505,
0xffe90505,
0xffe90505,
0xffe90505,
0xffe90505,
0xffe90505,
0xffe90505,
0xffe90505,
0xffe90505,
0xffe90505,
0xffe90505,
0xffe90505,
0xffe90505,
0xffe90505,
0xffe90505,
0xffe90505,
0xffe90505,
0xffe90505,
0xffe90505,
0xffe90505,
0xffe90505,
0xffe90505,
0xffe90505,
0xffe90505,
0xffe90505,
0xffe90505,
0xffe90505,
0xffe90505,
0xffe90505,
0xffe90505,
0xffe90505,
0xffe90505,
0xffe90505,
0xffe90505,
0xffe90505,
0xffe90505,
0xffe90505,
0xffe90505,
0xffe90505,
0xffe90505,
0xffe90505,
0xffe90505,
0xffe90505,
0xffe90505,
0xffe90505,
0xffe90505,
0xffe90505,
0xffe90505,
0xffe90505,
0xffe90505,
0xffe90505,
0xffe90505,
0xffe90505,
0xffe90505,
0xffe90505,
0xffe90505,
0xffe90505,
0xffe90505,
0xffe90505,
0xffe90505,
0xffe90505,
0xffe90505,
0xffe90505,
0xffe90505,
0xffe90505,
0xffe90505,
0xffe90505,
0xffe90505,
0xffe90505,
0xffe90505,
0xffe90505,
0xffe90505,
0xffffffff,
0xffe90505,
0xffe90505,
0xfffce0e0,
0xffec2424,
0xffe90505,
0xffe90505,
0xfffce0e0,
0xffec2424,
0xffe90505,
0xffe90505,
0xffe90505,
0xffe90505,
0xffe90505,
0xffe90505,
0xffe90505,
0xffec2424,
0xffffffff,
0xffea1515,
0xffe90505,
0xffe90505,
0xffe90505,
0xffe90505,
0xfff59292,
0xfffcdfdf,
0xfff27171,
0xffe90505,
0xffe90505,
0xfffeefef,
0xfffeefef,
0xfffce0e0,
0xfffce0e0,
0xffffffff,
0xffef4444,
0xfff48282,
0xfff7a1a1,
0xffe90505,
0xffe90505,
0xffe90505,
0xffe90505,
0xffffffff,
0xffec2424,
0xffe90505,
0xffe90505,
0xfff48282,
0xfff7a1a1,
0xffe90505,
0xfff7a1a1,
0xfff16363,
0xffe90505,
0xffe90505,
0xfff7a1a1,
0xfff16363,
0xffe90505,
0xffffffff,
0xffec2424,
0xffe90505,
0xffe90505,
0xfff9c0c0,
0xfff16363,
0xffe90505,
0xfff05353,
0xfffce0e0,
0xfff6a1a1,
0xffeb2424,
0xffe90505,
0xffe90505,
0xffe90505,
0xffe90505,
0xffe90505,
0xffe90505,
0xffe90505,
0xffe90505,
0xffe90505,
0xffe90505,
0xffe90505,
0xffe90505,
0xffe90505,
0xffe90505,
0xffe90505,
0xffe90505,
0xffe90505,
0xffe90505,
0xffe90505,
0xffe90505,
0xffe90505,
0xffe90505,
0xffe90505,
0xffe90505,
0xffe90505,
0xffe90505,
0xffe90505,
0xffe90505,
0xffe90505,
0xffe90505,
0xffe90505,
0xffe90505,
0xffe90505,
0xffe90505,
0xffe90505,
0xffe90505,
0xffe90505,
0xffe90505,
0xffe90505,
0xffe90505,
0xffe90505,
0xffe90505,
0xffe90505,
0xffe90505,
0xffe90505,
0xffe90505,
0xffe90505,
0xffe90505,
0xffe90505,
0xffe90505,
0xffe90505,
0xffe90505,
0xffe90505,
0xffe90505,
0xffe90505,
0xffe90505,
0xffe90505,
0xffe90505,
0xffe90505,
0xffe90505,
0xffe90505,
0xffe90505,
0xffe90505,
0xffe90505,
0xffe90505,
0xffe90505,
0xffe90505,
0xffe90505,
0xffe90505,
0xffe90505,
0xffe90505,
0xffe90505,
0xffe90505,
0xffe90505,
0xffe90505,
0xffe90505,
0xffe90505,
0xffe90505,
0xffe90505,
0xffe90505,
0xffe90505,
0xffe90505,
0xffe90505,
0xffe90505,
0xffe90505,
0xffe90505,
0xffe90505,
0xffe90505,
0xffe90505,
0xffe90505,
0xffe90505,
0xffe90505,
0xffe90505,
0xffe90505,
0xffe90505,
0xffe90505,
0xffe90505,
0xffe90505,
0xffe90505,
0xffe90505,
0xffe90505,
0xffe90505,
0xffe90505,
0xffe90505,
0xffe90505,
0xffe90505,
0xffe90505,
0xffe90505,
0xffe90505,
0xffe90505,
0xffe90505,
0xffe90505,
0xffe90505,
0xffe90505,
0xffe90505,
0xffe90505,
0xffe90505,
0xffe90505,
0xffe90505,
0xffe90505,
0xffe90505,
0xffe90505,
0xffe90505,
0xffe90505,
0xffe90505,
0xffe90505,
0xffe90505,
0xffe90505,
0xffe90505,
0xffe90505,
0xffe90505,
0xffe90505,
0xffe90505,
0xffe90505,
0xffe90505,
0xffe90505,
0xffe90505,
0xffe90505,
0xffe90505,
0xffe90505,
0xffe90505,
0xffe90505,
0xffe90505,
0xffe90505,
0xffe90505,
0xffe90505,
0xffe90505,
0xffe90505,
0xffe90505,
0xffe90505,
0xffe90505,
0xffe90505,
0xffe90505,
0xffe90505,
0xffe90505,
0xffe90505,
0xffe90505,
0xffe90505,
0xffe90505,
0xffe90505,
0xffe90505,
0xffe90505,
0xffe90505,
0xffe90505,
0xffe90505,
0xffe90505,
0xffe90505,
0xffe90505,
0xffe90505,
0xffe90505,
0xffe90505,
0xffe90505,
0xffe90505,
0xffe90505,
0xffe90505,
0xffffffff,
0xffe90505,
0xffe90505,
0xfffce0e0,
0xffec2424,
0xffe90505,
0xffe90505,
0xfffce0e0,
0xffec2424,
0xffe90505,
0xffe90505,
0xffe90505,
0xffe90505,
0xffe90505,
0xffe90505,
0xffe90505,
0xffe90505,
0xfffce0e0,
0xffed3333,
0xffe90505,
0xffe90505,
0xffe90505,
0xffe90505,
0xffe90505,
0xffec2424,
0xfff8b0b0,
0xfff9c0c0,
0xffe90505,
0xfffce0e0,
0xffed3333,
0xffe90505,
0xffe90505,
0xffe90505,
0xffe90505,
0xfff37272,
0xfff7a1a1,
0xffe90505,
0xffe90505,
0xffe90505,
0xffe90505,
0xfffeefef,
0xffec2424,
0xffe90505,
0xffe90505,
0xfff48282,
0xfff59292,
0xffe90505,
0xfff7a1a1,
0xfff16363,
0xffe90505,
0xffe90505,
0xfff7a1a1,
0xfff16363,
0xffe90505,
0xfffeefef,
0xffec2424,
0xffe90505,
0xffe90505,
0xfff9c0c0,
0xfff16363,
0xffe90505,
0xffe90505,
0xffe90505,
0xfff27272,
0xfffdefef,
0xffea1515,
0xffe90505,
0xffe90505,
0xffe90505,
0xffe90505,
0xffe90505,
0xffe90505,
0xffe90505,
0xffe90505,
0xffe90505,
0xffe90505,
0xffe90505,
0xffe90505,
0xffe90505,
0xffe90505,
0xffe90505,
0xffe90505,
0xffe90505,
0xffe90505,
0xffe90505,
0xffe90505,
0xffe90505,
0xffe90505,
0xffe90505,
0xffe90505,
0xffe90505,
0xffe90505,
0xffe90505,
0xffe90505,
0xffe90505,
0xffe90505,
0xffe90505,
0xffe90505,
0xffe90505,
0xffe90505,
0xffe90505,
0xffe90505,
0xffe90505,
0xffe90505,
0xffe90505,
0xffe90505,
0xffe90505,
0xffe90505,
0xffe90505,
0xffe90505,
0xffe90505,
0xffe90505,
0xffe90505,
0xffe90505,
0xffe90505,
0xffe90505,
0xffe90505,
0xffe90505,
0xffe90505,
0xffe90505,
0xffe90505,
0xffe90505,
0xffe90505,
0xffe90505,
0xffe90505,
0xffe90505,
0xffe90505,
0xffe90505,
0xffe90505,
0xffe90505,
0xffe90505,
0xffe90505,
0xffe90505,
0xffe90505,
0xffe90505,
0xffe90505,
0xffe90505,
0xffe90505,
0xffe90505,
0xffe90505,
0xffe90505,
0xffe90505,
0xffe90505,
0xffe90505,
0xffe90505,
0xffe90505,
0xffe90505,
0xffe90505,
0xffe90505,
0xffe90505,
0xffe90505,
0xffe90505,
0xffe90505,
0xffe90505,
0xffe90505,
0xffe90505,
0xffe90505,
0xffe90505,
0xffe90505,
0xffe90505,
0xffe90505,
0xffe90505,
0xffe90505,
0xffe90505,
0xffe90505,
0xffe90505,
0xffe90505,
0xffe90505,
0xffe90505,
0xffe90505,
0xffe90505,
0xffe90505,
0xffe90505,
0xffe90505,
0xffe90505,
0xffe90505,
0xffe90505,
0xffe90505,
0xffe90505,
0xffe90505,
0xffe90505,
0xffe90505,
0xffe90505,
0xffe90505,
0xffe90505,
0xffe90505,
0xffe90505,
0xffe90505,
0xffe90505,
0xffe90505,
0xffe90505,
0xffe90505,
0xffe90505,
0xffe90505,
0xffe90505,
0xffe90505,
0xffe90505,
0xffe90505,
0xffe90505,
0xffe90505,
0xffe90505,
0xffe90505,
0xffe90505,
0xffe90505,
0xffe90505,
0xffe90505,
0xffe90505,
0xffe90505,
0xffe90505,
0xffe90505,
0xffe90505,
0xffe90505,
0xffe90505,
0xffe90505,
0xffe90505,
0xffe90505,
0xffe90505,
0xffe90505,
0xffe90505,
0xffe90505,
0xffe90505,
0xffe90505,
0xffe90505,
0xffe90505,
0xffe90505,
0xffe90505,
0xffe90505,
0xffe90505,
0xffe90505,
0xffe90505,
0xffe90505,
0xffe90505,
0xffe90505,
0xffe90505,
0xffe90505,
0xffe90505,
0xffe90505,
0xffe90505,
0xffe90505,
0xffe90505,
0xffffffff,
0xffe90505,
0xffe90505,
0xfffce0e0,
0xffec2424,
0xffe90505,
0xffe90505,
0xfffce0e0,
0xffec2424,
0xffe90505,
0xffe90505,
0xffe90505,
0xffe90505,
0xffeb2424,
0xffe90505,
0xffe90505,
0xffed3333,
0xfffcdfdf,
0xffe90505,
0xffe90505,
0xffe90505,
0xffe90505,
0xffeb2424,
0xffe90505,
0xffe90505,
0xffee4343,
0xfffbd0d0,
0xffe90505,
0xfff59292,
0xfff59191,
0xffe90505,
0xffe90505,
0xffea1515,
0xffe90505,
0xffee4343,
0xfffdefef,
0xffeb2424,
0xffe90505,
0xffea1515,
0xffe90505,
0xfff59292,
0xfff59191,
0xffe90505,
0xffe90505,
0xfffce0e0,
0xfff16262,
0xffe90505,
0xfff7a1a1,
0xfff16363,
0xffe90505,
0xffe90505,
0xfff7a1a1,
0xfff16363,
0xffe90505,
0xfff9c0c0,
0xfff48282,
0xffe90505,
0xffeb2424,
0xfffce0e0,
0xfff16363,
0xffe90505,
0xffeb2424,
0xffe90505,
0xffe90505,
0xfff9c0c0,
0xffef4444,
0xffeb2424,
0xffef5353,
0xffe90505,
0xffe90505,
0xffe90505,
0xffe90505,
0xffe90505,
0xffe90505,
0xffe90505,
0xffe90505,
0xffe90505,
0xffe90505,
0xffe90505,
0xffe90505,
0xffe90505,
0xffe90505,
0xffe90505,
0xffe90505,
0xffe90505,
0xffe90505,
0xffe90505,
0xffe90505,
0xffe90505,
0xffe90505,
0xffe90505,
0xffe90505,
0xffe90505,
0xffe90505,
0xffe90505,
0xffe90505,
0xffe90505,
0xffe90505,
0xffe90505,
0xffe90505,
0xffe90505,
0xffe90505,
0xffe90505,
0xffe90505,
0xffe90505,
0xffe90505,
0xffe90505,
0xffe90505,
0xffe90505,
0xffe90505,
0xffe90505,
0xffe90505,
0xffe90505,
0xffe90505,
0xffe90505,
0xffe90505,
0xffe90505,
0xffe90505,
0xffe90505,
0xffe90505,
0xffe90505,
0xffe90505,
0xffe90505,
0xffe90505,
0xffe90505,
0xffe90505,
0xffe90505,
0xffe90505,
0xffe90505,
0xffe90505,
0xffe90505,
0xffe90505,
0xffe90505,
0xffe90505,
0xffe90505,
0xffe90505,
0xffe90505,
0xffe90505,
0xffe90505,
0xffe90505,
0xffe90505,
0xffe90505,
0xffe90505,
0xffe90505,
0xffe90505,
0xffe90505,
0xffe90505,
0xffe90505,
0xffe90505,
0xffe90505,
0xffe90505,
0xffe90505,
0xffe90505,
0xffe90505,
0xffe90505,
0xffe90505,
0xffe90505,
0xffe90505,
0xffe90505,
0xffe90505,
0xffe90505,
0xffe90505,
0xffe90505,
0xffe90505,
0xffe90505,
0xffe90505,
0xffe90505,
0xffe90505,
0xffe90505,
0xffe90505,
0xffe90505,
0xffe90505,
0xffe90505,
0xffe90505,
0xffe90505,
0xffe90505,
0xffe90505,
0xffe90505,
0xffe90505,
0xffe90505,
0xffe90505,
0xffe90505,
0xffe90505,
0xffe90505,
0xffe90505,
0xffe90505,
0xffe90505,
0xffe90505,
0xffe90505,
0xffe90505,
0xffe90505,
0xffe90505,
0xffe90505,
0xffe90505,
0xffe90505,
0xffe90505,
0xffe90505,
0xffe90505,
0xffe90505,
0xffe90505,
0xffe90505,
0xffe90505,
0xffe90505,
0xffe90505,
0xffe90505,
0xffe90505,
0xffe90505,
0xffe90505,
0xffe90505,
0xffe90505,
0xffe90505,
0xffe90505,
0xffe90505,
0xffe90505,
0xffe90505,
0xffe90505,
0xffe90505,
0xffe90505,
0xffe90505,
0xffe90505,
0xffe90505,
0xffe90505,
0xffe90505,
0xffe90505,
0xffe90505,
0xffe90505,
0xffe90505,
0xffe90505,
0xffe90505,
0xffe90505,
0xffe90505,
0xffe90505,
0xffe90505,
0xffe90505,
0xffe90505,
0xffe90505,
0xffe90505,
0xffe90505,
0xffe90505,
0xffe90505,
0xffffffff,
0xffe90505,
0xffe90505,
0xfffce0e0,
0xffec2424,
0xffe90505,
0xffe90505,
0xfffce0e0,
0xffec2424,
0xffe90505,
0xffe90505,
0xffe90505,
0xffe90505,
0xfffce0e0,
0xfffad0d0,
0xfffad0d0,
0xfffeefef,
0xffee4343,
0xffe90505,
0xffe90505,
0xffe90505,
0xffe90505,
0xfff16363,
0xfffcdfdf,
0xfff9c0c0,
0xfffce0e0,
0xffef5353,
0xffe90505,
0xffea1515,
0xfffac1c1,
0xfffeefef,
0xfffce0e0,
0xfffac1c1,
0xffe90505,
0xffe90505,
0xfff48282,
0xfffeefef,
0xfffce0e0,
0xfff9c0c0,
0xffe90505,
0xffec2424,
0xfffce0e0,
0xfff9c0c0,
0xfffeefef,
0xfff48282,
0xffe90505,
0xffe90505,
0xfff7a1a1,
0xfff16363,
0xffe90505,
0xffe90505,
0xfff7a1a1,
0xfff16363,
0xffe90505,
0xffec2424,
0xfffce0e0,
0xfff9c0c0,
0xfffad0d0,
0xfff8b0b0,
0xfff16363,
0xffec2424,
0xfffce0e0,
0xfff9c0c0,
0xfffce0e0,
0xfffac1c1,
0xffe90505,
0xffed3434,
0xffffffff,
0xffea1515,
0xffe90505,
0xffe90505,
0xffe90505,
0xffe90505,
0xffe90505,
0xffe90505,
0xffe90505,
0xffe90505,
0xffe90505,
0xffe90505,
0xffe90505,
0xffe90505,
0xffe90505,
0xffe90505,
0xffe90505,
0xffe90505,
0xffe90505,
0xffe90505,
0xffe90505,
0xffe90505,
0xffe90505,
0xffe90505,
0xffe90505,
0xffe90505,
0xffe90505,
0xffe90505,
0xffe90505,
0xffe90505,
0xffe90505,
0xffe90505,
0xffe90505,
0xffe90505,
0xffe90505,
0xffe90505,
0xffe90505,
0xffe90505,
0xffe90505,
0xffe90505,
0xffe90505,
0xffe90505,
0xffe90505,
0xffe90505,
0xffe90505,
0xffe90505,
0xffe90505,
0xffe90505,
0xffe90505,
0xffe90505,
0xffe90505,
0xffe90505,
0xffe90505,
0xffe90505,
0xffe90505,
0xffe90505,
0xffe90505,
0xffe90505,
0xffe90505,
0xffe90505,
0xffe90505,
0xffe90505,
0xffe90505,
0xffe90505,
0xffe90505,
0xffe90505,
0xffe90505,
0xffe90505,
0xffe90505,
0xffe90505,
0xffe90505,
0xffe90505,
0xffe90505,
0xffe90505,
0xffe90505,
0xffe90505,
0xffe90505,
0xffe90505,
0xffe90505,
0xffe90505,
0xffe90505,
0xffe90505,
0xffe90505,
0xffe90505,
0xffe90505,
0xffe90505,
0xffe90505,
0xffe90505,
0xffe90505,
0xffe90505,
0xffe90505,
0xffe90505,
0xffe90505,
0xffe90505,
0xffe90505,
0xffe90505,
0xffe90505,
0xffe90505,
0xffe90505,
0xffe90505,
0xffe90505,
0xffe90505,
0xffe90505,
0xffe90505,
0xffe90505,
0xffe90505,
0xffe90505,
0xffe90505,
0xffe90505,
0xffe90505,
0xffe90505,
0xffe90505,
0xffe90505,
0xffe90505,
0xffe90505,
0xffe90505,
0xffe90505,
0xffe90505,
0xffe90505,
0xffe90505,
0xffe90505,
0xffe90505,
0xffe90505,
0xffe90505,
0xffe90505,
0xffe90505,
0xffe90505,
0xffe90505,
0xffe90505,
0xffe90505,
0xffe90505,
0xffe90505,
0xffe90505,
0xffe90505,
0xffe90505,
0xffe90505,
0xffe90505,
0xffe90505,
0xffe90505,
0xffe90505,
0xffe90505,
0xffe90505,
0xffe90505,
0xffe90505,
0xffe90505,
0xffe90505,
0xffe90505,
0xffe90505,
0xffe90505,
0xffe90505,
0xffe90505,
0xffe90505,
0xffe90505,
0xffe90505,
0xffe90505,
0xffe90505,
0xffe90505,
0xffe90505,
0xffe90505,
0xffe90505,
0xffe90505,
0xffe90505,
0xffe90505,
0xffe90505,
0xffe90505,
0xffe90505,
0xffe90505,
0xffe90505,
0xffe90505,
0xffe90505,
0xffe90505,
0xffe90505,
0xffe90505,
0xffe90505,
0xffe90505,
0xffe90505,
0xffe90505,
0xffe90505,
0xffe90505,
0xffe90505,
0xffe90505,
0xffe90505,
0xffe90505,
0xffe90505,
0xffe90505,
0xffe90505,
0xffe90505,
0xffea1515,
0xffec2424,
0xffe90505,
0xffe90505,
0xffe90505,
0xffe90505,
0xffe90505,
0xffe90505,
0xffe90505,
0xffea1515,
0xffec2424,
0xffe90505,
0xffe90505,
0xffe90505,
0xffe90505,
0xffe90505,
0xffea1515,
0xffec2424,
0xffe90505,
0xffe90505,
0xffe90505,
0xffe90505,
0xffea1515,
0xffec2424,
0xffe90505,
0xffe90505,
0xffe90505,
0xffe90505,
0xffea1515,
0xffea1515,
0xffe90505,
0xffe90505,
0xffe90505,
0xffe90505,
0xffe90505,
0xffe90505,
0xffe90505,
0xffe90505,
0xffe90505,
0xffe90505,
0xffe90505,
0xffe90505,
0xffec2424,
0xffe90505,
0xffe90505,
0xffe90505,
0xffe90505,
0xffe90505,
0xffec2424,
0xffea1515,
0xffe90505,
0xffe90505,
0xffe90505,
0xffec2424,
0xffe90505,
0xffe90505,
0xffe90505,
0xffe90505,
0xffe90505,
0xffe90505,
0xffe90505,
0xffe90505,
0xffe90505,
0xffe90505,
0xffe90505,
0xffe90505,
0xffe90505,
0xffe90505,
0xffe90505,
0xffe90505,
0xffe90505,
0xffe90505,
0xffe90505,
0xffe90505,
0xffe90505,
0xffe90505,
0xffe90505,
0xffe90505,
0xffe90505,
0xffe90505,
0xffe90505,
0xffe90505,
0xffe90505,
0xffe90505,
0xffe90505,
0xffe90505,
0xffe90505,
0xffe90505,
0xffe90505,
0xffe90505,
0xffe90505,
0xffe90505,
0xffe90505,
0xffe90505,
0xffe90505,
0xffe90505,
0xffe90505,
0xffe90505,
0xffe90505,
0xffe90505,
0xffe90505,
0xffe90505,
0xffe90505,
0xffe90505,
0xffe90505,
0xffe90505,
0xffe90505,
0xffe90505,
0xffe90505,
0xffe90505,
0xffe90505,
0xffe90505,
0xffe90505,
0xffe90505,
0xffe90505,
0xffe90505,
0xffe90505,
0xffe90505,
0xffe90505,
0xffe90505,
0xffe90505,
0xffe90505,
0xffe90505,
0xffe90505,
0xffe90505,
0xffe90505,
0xffe90505,
0xffe90505,
0xffe90505,
0xffe90505,
0xffe90505,
0xffe90505,
0xffe90505,
0xffe90505,
0xffe90505,
0xffe90505,
0xffe90505,
0xffe90505,
0xffe90505,
0xffe90505,
0xffe90505,
0xffe90505,
0xffe90505,
0xffe90505,
0xffe90505,
0xffe90505,
0xffe90505,
0xffe90505,
0xffe90505,
0xffe90505,
0xffe90505,
0xffe90505,
0xffe90505,
0xffe90505,
0xffe90505,
0xffe90505,
0xffe90505,
0xffe90505,
0xffe90505,
0xffe90505,
0xffe90505,
0xffe90505,
0xffe90505,
0xffe90505,
0xffe90505,
0xffe90505,
0xffe90505,
0xffe90505,
0xffe90505,
0xffe90505,
0xffe90505,
0xffe90505,
0xffe90505,
0xffe90505,
0xffe90505,
0xffe90505,
0xffe90505,
0xffe90505,
0xffe90505,
0xffe90505,
0xffe90505,
0xffe90505,
0xffe90505,
0xffe90505,
0xffe90505,
0xffe90505,
0xffe90505,
0xffe90505,
0xffe90505,
0xffe90505,
0xffe90505,
0xffe90505,
0xffe90505,
0xffe90505,
0xffe90505,
0xffe90505,
0xffe90505,
0xffe90505,
0xffe90505,
0xffe90505,
0xffe90505,
0xffe90505,
0xffe90505,
0xffe90505,
0xffe90505,
0xffe90505,
0xffe90505,
0xffe90505,
0xffe90505,
0xffe90505,
0xffe90505,
0xffe90505,
0xffe90505,
0xffe90505,
0xffe90505,
0xffe90505,
0xffe90505,
0xffe90505,
0xffe90505,
0xffe90505,
0xffe90505,
0xffe90505,
0xffe90505,
0xffe90505,
0xffe90505,
0xffe90505,
0xffe90505,
0xffe90505,
0xffe90505,
0xffe90505,
0xffe90505,
0xffe90505,
0xffe90505,
0xffe90505,
0xffe90505,
0xffe90505,
0xffe90505,
0xffe90505,
0xffe90505,
0xffe90505,
0xffe90505,
0xffe90505,
0xffe90505,
0xffe90505,
0xffe90505,
0xffe90505,
0xffe90505,
0xffe90505,
0xffe90505,
0xffe90505,
0xffe90505,
0xffe90505,
0xffe90505,
0xffe90505,
0xffe90505,
0xffe90505,
0xffe90505,
0xffe90505,
0xffe90505,
0xffe90505,
0xffe90505,
0xffe90505,
0xffe90505,
0xffe90505,
0xffe90505,
0xffe90505,
0xffe90505,
0xffe90505,
0xffe90505,
0xffe90505,
0xffe90505,
0xffe90505,
0xffe90505,
0xffe90505,
0xffe90505,
0xffe90505,
0xffe90505,
0xffe90505,
0xffe90505,
0xffe90505,
0xffe90505,
0xffe90505,
0xffe90505,
0xffe90505,
0xffe90505,
0xffe90505,
0xffe90505,
0xffe90505,
0xffe90505,
0xffe90505,
0xffe90505,
0xffe90505,
0xffe90505,
0xffe90505,
0xffe90505,
0xffe90505,
0xffe90505,
0xffe90505,
0xffe90505,
0xffe90505,
0xffe90505,
0xffe90505,
0xffe90505,
0xffe90505,
0xffe90505,
0xffe90505,
0xffe90505,
0xffe90505,
0xffe90505,
0xffe90505,
0xffe90505,
0xffe90505,
0xffe90505,
0xffe90505,
0xffe90505,
0xffe90505,
0xffe90505,
0xffe90505,
0xffe90505,
0xffe90505,
0xffe90505,
0xffe90505,
0xffe90505,
0xffe90505,
0xffe90505,
0xffe90505,
0xffe90505,
0xffe90505,
0xffe90505,
0xffe90505,
0xffe90505,
0xffe90505,
0xffe90505,
0xffe90505,
0xffe90505,
0xffe90505,
0xffe90505,
0xffe90505,
0xffe90505,
0xffe90505,
0xffe90505,
0xffe90505,
0xffe90505,
0xffe90505,
0xffe90505,
0xffe90505,
0xffe90505,
0xffe90505,
0xffe90505,
0xffe90505,
0xffe90505,
0xffe90505,
0xffe90505,
0xffe90505,
0xffe90505,
0xffe90505,
0xffe90505,
0xffe90505,
0xffe90505,
0xffe90505,
0xffe90505,
0xffe90505,
0xffe90505,
0xffe90505,
0xffe90505,
0xffe90505,
0xffe90505,
0xffe90505,
0xffe90505,
0xffe90505,
0xffe90505,
0xffe90505,
0xffe90505,
0xffe90505,
0xffe90505,
0xffe90505,
0xffe90505,
0xffe90505,
0xffe90505,
0xffe90505,
0xffe90505,
0xffe90505,
0xffe90505,
0xffe90505,
0xffe90505,
0xffe90505,
0xffe90505,
0xffe90505,
0xffe90505,
0xffe90505,
0xffe90505,
0xffe90505,
0xffe90505,
0xffe90505,
0xffe90505,
0xffe90505,
0xffe90505,
0xffe90505,
0xffe90505,
0xffe90505,
0xffe90505,
0xffe90505,
0xffe90505,
0xffe90505,
0xffe90505,
0xffe90505,
0xffe90505,
0xffe90505,
0xffe90505,
0xffe90505,
0xffe90505,
0xffe90505,
0xffe90505,
0xffe90505,
0xffe90505,
0xffe90505,
0xffe90505,
0xffe90505,
0xffe90505,
0xffe90505,
0xffe90505,
0xffe90505,
0xffe90505,
0xffe90505,
0xffe90505,
0xffe90505,
0xffe90505,
0xffe90505,
0xffe90505,
0xffe90505,
0xffe90505,
0xffe90505,
0xffe90505,
0xffe90505,
0xffe90505,
0xffe90505,
0xffe90505,
0xffe90505,
0xffe90505,
0xffe90505,
0xffe90505,
0xffe90505,
0xffe90505,
0xffe90505,
0xffe90505,
0xffe90505,
0xffe90505,
0xffe90505,
0xffe90505,
0xffe90505,
0xffe90505,
0xffe90505,
0xffe90505,
0xffe90505,
0xffe90505,
0xffe90505,
0xffe90505,
0xffe90505,
0xffe90505,
0xffe90505,
0xffe90505,
0xffe90505,
0xffe90505,
0xffe90505,
0xffe90505,
0xffe90505,
0xffe90505,
0xffe90505,
0xffe90505,
0xffe90505,
0xffe90505,
0xffe90505,
0xffe90505,
0xffe90505,
0xffe90505,
0xffe90505,
0xffe90505,
0xffe90505,
0xffe90505,
0xffe90505,
0xffe90505,
0xffe90505,
0xffe90505,
0xffe90505,
0xffe90505,
0xffe90505,
0xffe90505,
0xffe90505,
0xffe90505,
0xffe90505,
0xffe90505,
0xffe90505,
0xffe90505,
0xffe90505,
0xffe90505,
0xffe90505,
0xffe90505,
0xffe90505,
0xffe90505,
0xffe90505,
0xffe90505,
0xffe90505,
0xffe90505,
0xffe90505,
0xffe90505,
0xffe90505,
0xffe90505,
0xffe90505,
0xffe90505,
0xffe90505,
0xffe90505,
0xffe90505,
0xffe90505,
0xffe90505,
0xffe90505,
0xffe90505,
0xffe90505,
0xffe90505,
0xffe90505,
0xffe90505,
0xffe90505,
0xffe90505,
0xffe90505,
0xffe90505,
0xffe90505,
0xffe90505,
0xffe90505,
0xffe90505,
0xffe90505,
0xffe90505,
0xffe90505,
0xffe90505,
0xffe90505,
0xffe90505,
0xffe90505,
0xffe90505,
0xffe90505,
0xffe90505,
0xffe90505,
0xffe90505,
0xffe90505,
0xffe90505,
0xffe90505,
0xffe90505,
0xffe90505,
0xffe90505,
0xffe90505,
0xffe90505,
0xffe90505,
0xffe90505,
0xffe90505,
0xffe90505,
0xffe90505,
0xffe90505,
0xffe90505,
0xffe90505,
0xffe90505,
0xffe90505,
0xffe90505,
0xffe90505,
0xffe90505,
0xffe90505,
0xffe90505,
0xffe90505,
0xffe90505,
0xffe90505,
0xffe90505,
0xffe90505,
0xffe90505,
0xffe90505,
0xffe90505,
0xffe90505,
0xffe90505,
0xffe90505,
0xffe90505,
0xffe90505,
0xffe90505,
0xffe90505,
0xffe90505,
0xffe90505,
0xffe90505,
0xffe90505,
0xffe90505,
0xffe90505,
0xffe90505,
0xffe90505,
0xffe90505,
0xffe90505,
0xffe90505,
0xffe90505,
0xffe90505,
0xffe90505,
0xffe90505,
0xffe90505,
0xffe90505,
0xffe90505,
0xffe90505,
0xffe90505,
0xffe90505,
0xffe90505,
0xffe90505,
0xffe90505,
0xffe90505,
0xffe90505,
0xffe90505,
0xffe90505,
0xffe90505,
0xffe90505,
0xffe90505,
0xffe90505,
0xffe90505,
0xffe90505,
0xffe90505,
0xffe90505,
0xffe90505,
0xffe90505,
0xffe90505,
0xffe90505,
0xffe90505,
0xffe90505,
0xffe90505,
0xffe90505,
0xffe90505,
0xffe90505,
0xffe90505,
0xffe90505,
0xffe90505,
0xffe90505,
0xffe90505,
0xffe90505,
0xffe90505,
0xffe90505,
0xffe90505,
0xffe90505,
0xffe90505,
0xffe90505,
0xffe90505,
0xffe90505,
0xffe90505,
0xffe90505,
0xffe90505,
0xffe90505,
0xffe90505,
0xffe90505,
0xffe90505,
0xffe90505,
0xffe90505,
0xffe90505,
0xffe90505,
0xffe90505,
0xffe90505,
0xffe90505,
0xffe90505,
0xffe90505,
0xffe90505,
0xffe90505,
0xffe90505,
0xffe90505,
0xffe90505,
0xffe90505,
0xffe90505,
0xffe90505,
0xffe90505,
0xffe90505,
0xffe90505,
0xffe90505,
0xffe90505,
0xffe90505,
0xffe90505,
0xffe90505,
0xffe90505,
0xffe90505,
0xffe90505,
0xffe90505,
0xffe90505,
0xffe90505,
0xffe90505,
0xffe90505,
0xffe90505,
0xffe90505,
0xffe90505,
0xffe90505,
0xffe90505,
0xffe90505,
0xffe90505,
0xffe90505,
0xffe90505,
0xffe90505,
0xffe90505,
0xffe90505,
0xffe90505,
0xffe90505,
0xffe90505,
0xffe90505,
0xffe90505,
0xffe90505,
0xffe90505,
0xffe90505,
0xffe90505,
0xffe90505,
0xffe90505,
0xffe90505,
0xffe90505,
0xffe90505,
0xffe90505,
0xffe90505,
0xffe90505,
0xffe90505,
0xffe90505,
0xffe90505,
0xffe90505,
0xffe90505,
0xffe90505,
0xffe90505,
0xffe90505,
0xffe90505,
0xffe90505,
0xffe90505,
0xffe90505,
0xffe90505,
0xffe90505,
0xffe90505,
0xffe90505,
0xffe90505,
0xffe90505,
0xffe90505,
0xffe90505,
0xffe90505,
0xffe90505,
0xffe90505,
0xffe90505,
0xffe90505,
0xffe90505,
0xffe90505,
0xffe90505,
0xffe90505,
0xffe90505,
0xffe90505,
0xffe90505,
0xffe90505,
0xffe90505,
0xffe90505,
0xffe90505,
0xffe90505,
0xffe90505,
0xffe90505,
0xffe90505,
0xffe90505,
0xffe90505,
0xffe90505,
0xffe90505,
0xffe90505,
0xffe90505,
0xffe90505,
0xffe90505,
0xffe90505,
0xffe90505,
0xffe90505,
0xffe90505,
0xffe90505,
0xffe90505,
0xffe90505,
0xffe90505,
0xffe90505,
0xffe90505,
0xffe90505,
0xffe90505,
0xffe90505,
0xffe90505,
0xffe90505,
0xffe90505,
0xffe90505,
0xffe90505,
0xffe90505,
0xffe90505,
0xffe90505,
0xffe90505,
0xffe90505,
0xffe90505,
0xffe90505,
0xffe90505,
0xffe90505,
0xffe90505,
0xffe90505,
0xffe90505,
0xffe90505,
0xffe90505,
0xffe90505,
0xffe90505,
0xffe90505,
0xffe90505,
0xffe90505,
0xffe90505,
0xffe90505,
0xffe90505,
0xffe90505,
0xffe90505,
0xffe90505,
0xffe90505,
0xffe90505,
0xffe90505,
0xffe90505,
0xffe90505,
0xffe90505,
0xffe90505,
0xffe90505,
0xffe90505,
0xffe90505,
0xffe90505,
0xffe90505,
0xffe90505,
0xffe90505,
0xffe90505,
0xffe90505,
0xffe90505,
0xffe90505,
0xffe90505,
0xffe90505,
0xffe90505,
0xffe90505,
0xffe90505,
0xffe90505,
0xffe90505,
0xffe90505,
0xffe90505,
0xffe90505,
0xffe90505,
0xffe90505,
0xffe90505,
0xffe90505,
0xffe90505,
0xffe90505,
0xffe90505,
0xffe90505,
0xffe90505,
0xffe90505,
0xffe90505,
0xffe90505,
0xffe90505,
0xffe90505,
0xffe90505,
0xffe90505,
0xffe90505,
0xffe90505,
0xffe90505,
0xffe90505,
0xffe90505,
0xffe90505,
0xffe90505,
0xffe90505,
0xffe90505,
0xffe90505,
0xffe90505,
0xffe90505,
0xffe90505,
0xffe90505,
0xffe90505,
0xffe90505,
0xffe90505,
0xffe90505,
0xffe90505,
0xffe90505,
0xffe90505,
0xffe90505,
0xffe90505,
0xffe90505,
0xffe90505,
0xffe90505,
0xffe90505,
0xffe90505,
0xffe90505,
0xffe90505,
0xffe90505,
0xffe90505,
0xffe90505,
0xffe90505,
0xffe90505,
0xffe90505,
0xffe90505,
0xffe90505,
0xffe90505,
0xffe90505,
0xffe90505,
0xffe90505,
0xffe90505,
0xffe90505,
0xffe90505,
0xffe90505,
0xffe90505,
0xffe90505,
0xffe90505,
0xffe90505,
0xffe90505,
0xffe90505,
0xffe90505,
0xffe90505,
0xffe90505,
0xffe90505,
0xffe90505,
0xffe90505,
0xffe90505,
0xffe90505,
0xffe90505,
0xffe90505,
0xffe90505,
0xffe90505,
0xffe90505,
0xffe90505,
0xffe90505,
0xffe90505,
0xffe90505,
0xffe90505,
0xffe90505,
0xffe90505,
0xffe90505,
0xffe90505,
0xffe90505,
0xffe90505,
0xffe90505,
0xffe90505,
0xffe90505,
0xffe90505,
0xffe90505,
0xffe90505,
0xffe90505,
0xffe90505,
0xffe90505,
0xffe90505,
0xffe90505,
0xffe90505,
0xffe90505,
0xffe90505,
0xffe90505,
0xffe90505,
0xffe90505,
0xffe90505,
0xffe90505,
0xffe90505,
0xffe90505,
0xffe90505,
0xffe90505,
0xffe90505,
0xffe90505,
0xffe90505,
0xffe90505,
0xffe90505,
0xffe90505,
0xffe90505,
0xffe90505,
0xffe90505,
0xffe90505,
0xffe90505,
0xffe90505,
0xffe90505,
0xffe90505,
0xffe90505,
0xffe90505,
0xffe90505,
0xffe90505,
0xffe90505,
0xffe90505,
0xffe90505,
0xffe90505,
0xffe90505,
0xffe90505,
0xffe90505,
0xffe90505,
0xffe90505,
0xffe90505,
0xffe90505,
0xffe90505,
0xffe90505,
0xffe90505,
0xffe90505,
0xffe90505,
0xffe90505,
0xffe90505,
0xffe90505,
0xffe90505,
0xffe90505,
0xffe90505,
0xffe90505,
0xffe90505,
0xffe90505,
0xffe90505,
0xffe90505,
0xffe90505,
0xffe90505,
0xffe90505,
0xffe90505,
0xffe90505,
0xffe90505,
0xffe90505,
0xffe90505,
0xffe90505,
0xffe90505,
0xffe90505,
0xffe90505,
0xffe90505,
0xffe90505,
0xffe90505,
0xffe90505,
0xffe90505,
0xffe90505,
0xffe90505,
0xffe90505,
0xffe90505,
0xffe90505,
0xffe90505,
0xffe90505,
0xffe90505,
0xffe90505,
0xffe90505,
0xffe90505,
0xffe90505,
0xffe90505,
0xffe90505,
0xffe90505,
0xffe90505,
0xffe90505,
0xffe90505,
0xffe90505,
0xffe90505,
0xffe90505,
0xffe90505,
0xffe90505,
0xffe90505,
0xffe90505,
0xffe90505,
0xffe90505,
0xffe90505,
0xffe90505,
0xffe90505,
0xffe90505,
0xffe90505,
0xffe90505,
0xffe90505,
0xffe90505,
0xffe90505,
0xffe90505,
0xffe90505,
0xffe90505,
0xffe90505,
0xffe90505,
0xffe90505,
0xffe90505,
0xffe90505,
0xffe90505,
0xffe90505,
0xffe90505,
0xffe90505,
0xffe90505,
0xffe90505,
0xffe90505,
0xffe90505,
0xffe90505,
0xffe90505,
0xffe90505,
0xffe90505,
0xffe90505,
0xffe90505,
0xffe90505,
0xffe90505,
0xffe90505,
0xffe90505,
0xffe90505,
0xffe90505,
0xffe90505,
0xffe90505,
0xffe90505,
0xffe90505,
0xffe90505,
0xffe90505,
0xffe90505,
0xffe90505,
0xffe90505,
0xffe90505,
0xffe90505,
0xffe90505,
0xffe90505,
0xffe90505,
0xffe90505,
0xffe90505,
0xffe90505,
0xffe90505,
0xffe90505,
0xffe90505,
0xffe90505,
0xffe90505,
0xffe90505,
0xffe90505,
0xffe90505,
0xffe90505,
0xffe90505,
0xffe90505,
0xffe90505,
0xffe90505,
0xffe90505,
0xffe90505,
0xffe90505,
0xffe90505,
0xffe90505,
0xffe90505,
0xffe90505,
0xffe90505,
0xffe90505,
0xffe90505,
0xffe90505,
0xffe90505,
0xffe90505,
0xffe90505,
0xffe90505,
0xffe90505,
0xffe90505,
0xffe90505,
0xffe90505,
0xffe90505,
0xffe90505,
0xffe90505,
0xffe90505,
0xffe90505,
0xffe90505,
0xffe90505,
0xffe90505,
0xffe90505,
0xffe90505,
0xffe90505,
0xffe90505,
0xffe90505,
0xffe90505,
0xffe90505,
0xffe90505,
0xffe90505,
0xffe90505,
0xffe90505,
0xffe90505,
0xffe90505,
0xffe90505,
0xffe90505,
0xffe90505,
0xffe90505,
0xffe90505,
0xffe90505,
0xffe90505,
0xffe90505,
0xffe90505,
0xffe90505,
0xffe90505,
0xffe90505,
0xffe90505,
0xffe90505,
0xffe90505,
0xffe90505,
0xffe90505,
0xffe90505,
0xffe90505,
0xffe90505,
0xffe90505,
0xffe90505,
0xffe90505,
0xffe90505,
0xffe90505,
0xffe90505,
0xffe90505,
0xffe90505,
0xffe90505,
0xffe90505,
0xffe90505,
0xffe90505,
0xffe90505,
0xffe90505,
0xffe90505,
0xffe90505,
0xffe90505,
0xffe90505,
0xffe90505,
0xffe90505,
0xffe90505,
0xffe90505,
0xffe90505,
0xffe90505,
0xffe90505,
0xffe90505,
0xffe90505,
0xffe90505,
0xffe90505,
0xffe90505,
0xffe90505,
0xffe90505,
0xffe90505,
0xffe90505,
0xffe90505,
0xffe90505,
0xffe90505,
0xffe90505,
0xffe90505,
0xffe90505,
0xffe90505,
0xffe90505,
0xffe90505,
0xffe90505,
0xffe90505,
0xffe90505,
0xffe90505,
0xffe90505,
0xffe90505,
0xffe90505,
0xffe90505,
0xffe90505,
0xffe90505,
0xffe90505,
0xffe90505,
0xffe90505,
0xffe90505,
0xffe90505,
0xffe90505,
0xffe90505,
0xffe90505,
0xffe90505,
0xffe90505,
0xffe90505,
0xffe90505,
0xffe90505,
0xffe90505,
0xffe90505,
0xffe90505,
0xffe90505,
0xffe90505,
0xffe90505,
0xffe90505,
0xffe90505,
0xffe90505,
0xffe90505,
0xffe90505,
0xffe90505,
0xffe90505,
0xffe90505,
0xffe90505,
0xffe90505,
0xffe90505,
0xffe90505,
0xffe90505,
0xffe90505,
0xffe90505,
0xffe90505,
0xffe90505,
0xffe90505,
0xffe90505,
0xffe90505,
0xffe90505,
0xffe90505,
0xffe90505,
0xffe90505,
0xffe90505,
0xffe90505,
0xffe90505,
0xffe90505,
0xffe90505,
0xffe90505,
0xffe90505,
0xffe90505,
0xffe90505,
0xffe90505,
0xffe90505,
0xffe90505,
0xffe90505,
0xffe90505,
0xffe90505,
0xffe90505,
0xffe90505,
0xffe90505,
0xffe90505,
0xffe90505,
0xffe90505,
0xffe90505,
0xffe90505,
0xffe90505,
0xffe90505,
0xffe90505,
0xffe90505,
0xffe90505,
0xffe90505,
0xffe90505,
0xffe90505,
0xffe90505,
0xffe90505,
0xffe90505,
0xffe90505,
0xffe90505,
0xffe90505,
0xffe90505,
0xffe90505,
0xffe90505,
0xffe90505,
0xffe90505,
0xffe90505,
0xffe90505,
0xffe90505,
0xffe90505,
0xffe90505,
0xffe90505,
0xffe90505,
0xffe90505,
0xffe90505,
0xffe90505,
0xffe90505,
0xffe90505,
0xffe90505,
0xffe90505,
0xffe90505,
0xffe90505,
0xffe90505,
0xffe90505,
0xffe90505,
0xffe90505,
0xffe90505,
0xffe90505,
0xffe90505,
0xffe90505,
0xffe90505,
0xffe90505,
0xffe90505,
0xffe90505,
0xffe90505,
0xffe90505,
0xffe90505,
0xffe90505,
0xffe90505,
0xffe90505,
0xffe90505,
0xffe90505,
0xffe90505,
0xffe90505,
0xffe90505,
0xffe90505,
0xffe90505,
0xffe90505,
0xffe90505,
0xffe90505,
0xffe90505,
0xffe90505,
0xffe90505,
0xffe90505,
0xffe90505,
0xffe90505,
0xffe90505,
0xffe90505,
0xffe90505,
0xffe90505,
0xffe90505,
0xffe90505,
0xffe90505,
0xffe90505,
0xffe90505,
0xffe90505,
0xffe90505,
0xffe90505,
0xffe90505,
0xffe90505,
0xffe90505,
0xffe90505,
0xffe90505,
0xffe90505,
0xffe90505,
0xffe90505,
0xffe90505,
0xffe90505,
0xffe90505,
0xffe90505,
0xffe90505,
0xffe90505,
0xffe90505,
0xffe90505,
0xffe90505,
0xffe90505,
0xffe90505,
0xffe90505,
0xffe90505,
0xffe90505,
0xffe90505,
0xffe90505,
0xffe90505,
0xffe90505,
0xffe90505,
0xffe90505,
0xffe90505,
0xffe90505,
0xffe90505,
0xffe90505,
0xffe90505,
0xffe90505,
0xffe90505,
0xffe90505,
0xffe90505,
0xffe90505,
0xffe90505,
0xffe90505,
0xffe90505,
0xffe90505,
0xffe90505,
0xffe90505,
0xffe90505,
0xffe90505,
0xffe90505,
0xffe90505,
0xffe90505,
0xffe90505,
0xffe90505,
0xffe90505,
0xffe90505,
0xffe90505,
0xffe90505,
0xffe90505,
0xffe90505,
0xffe90505,
0xffe90505,
0xffe90505,
0xffe90505,
0xffe90505,
0xffe90505,
0xffe90505,
0xffe90505,
0xffe90505,
0xffe90505,
0xffe90505,
0xffe90505,
0xffe90505,
0xffe90505,
0xffe90505,
0xffe90505,
0xffe90505,
0xffe90505,
0xffe90505,
0xffe90505,
0xffe90505,
0xffe90505,
0xffe90505,
0xffe90505,
0xffe90505,
0xffe90505,
0xffe90505,
0xffe90505,
0xffe90505,
0xffe90505,
0xffe90505,
0xffe90505,
0xffe90505,
0xffe90505,
0xffe90505,
0xffe90505,
0xffe90505,
0xffe90505,
0xffe90505,
0xffe90505,
0xffe90505,
0xffe90505,
0xffe90505,
0xffe90505,
0xffe90505,
0xffe90505,
0xffe90505,
0xffe90505,
0xffe90505,
0xffe90505,
0xffe90505,
0xffe90505,
0xffe90505,
0xffe90505,
0xffe90505,
0xffe90505,
0xffe90505,
0xffe90505,
0xffe90505,
0xffe90505,
0xffe90505,
0xffe90505,
0xffe90505,
0xffe90505,
0xffe90505,
0xffe90505,
0xffe90505,
0xffe90505,
0xffe90505,
0xffe90505,
0xffe90505,
0xffe90505,
0xffe90505,
0xffe90505,
0xffe90505,
0xffe90505,
0xffe90505,
0xffe90505,
0xffe90505,
0xffe90505,
0xffe90505,
0xffe90505,
0xffe90505,
0xffe90505,
0xffe90505,
0xffe90505,
0xffe90505,
0xffe90505,
0xffe90505,
0xffe90505,
0xffe90505,
0xffe90505,
0xffe90505,
0xffe90505,
0xffe90505,
0xffe90505,
0xffe90505,
0xffe90505,
0xffe90505,
0xffe90505,
0xffe90505,
0xffe90505,
0xffe90505,
0xffe90505,
0xffe90505,
0xffe90505,
0xffe90505,
0xffe90505,
0xffe90505,
0xffe90505,
0xffe90505,
0xffe90505,
0xffe90505,
0xffe90505,
0xffe90505,
0xffe90505,
0xffe90505,
0xffe90505,
0xffe90505,
0xffe90505,
0xffe90505,
0xffe90505,
0xffe90505,
0xffe90505,
0xffe90505,
0xffe90505,
0xffe90505,
0xffe90505,
0xffe90505,
0xffe90505,
0xffe90505,
0xffe90505,
0xffe90505,
0xffe90505,
0xffe90505,
0xffe90505,
0xffe90505,
0xffe90505,
0xffe90505,
0xffe90505,
0xffe90505,
0xffe90505,
0xffe90505,
0xffe90505,
0xffe90505,
0xffe90505,
0xffe90505,
0xffe90505,
0xffe90505,
0xffe90505,
0xffe90505,
0xffe90505,
0xffe90505,
0xffe90505,
0xffe90505,
0xffe90505,
0xffe90505,
0xffe90505,
0xffe90505,
0xffe90505,
0xffe90505,
0xffe90505,
0xffe90505,
0xffe90505,
0xffe90505,
0xffe90505,
0xffe90505,
0xffe90505,
0xffe90505,
0xffe90505,
0xffe90505,
0xffe90505,
0xffe90505,
0xffe90505,
0xffe90505,
0xffe90505,
0xffe90505,
0xffe90505,
0xffe90505,
0xffe90505,
0xffe90505,
0xffe90505,
0xffe90505,
0xffe90505,
0xffe90505,
0xffe90505,
0xffe90505,
0xffe90505,
0xffe90505,
0xffe90505,
0xffe90505,
0xffe90505,
0xffe90505,
0xffe90505,
0xffe90505,
0xffe90505,
0xffe90505,
0xffe90505,
0xffe90505,
0xffe90505,
0xffe90505,
0xffe90505,
0xffe90505,
0xffe90505,
0xffe90505,
0xffe90505,
0xffe90505,
0xffe90505,
0xffe90505,
0xffe90505,
0xffe90505,
0xffe90505,
0xffe90505,
0xffe90505,
0xffe90505,
0xffe90505,
0xffe90505,
0xffe90505,
0xffe90505,
0xffe90505,
0xffe90505,
0xffe90505,
0xffe90505,
0xffe90505,
0xffe90505,
0xffe90505,
0xffe90505,
0xffe90505,
0xffe90505,
0xffe90505,
0xffe90505,
0xffe90505,
0xffe90505,
0xffe90505,
0xffe90505,
0xffe90505,
0xffe90505,
0xffe90505,
0xffe90505,
0xffe90505,
0xffe90505,
0xffe90505,
0xffe90505,
0xffe90505,
0xffe90505,
0xffe90505,
0xffe90505,
0xffe90505,
0xffe90505,
0xffe90505,
0xffe90505,
0xffe90505,
0xffe90505,
0xffe90505,
0xffe90505,
0xffe90505,
0xffe90505,
0xffe90505,
0xffe90505,
0xffe90505,
0xffe90505,
0xffe90505,
0xffe90505,
0xffe90505,
0xffe90505,
0xffe90505,
0xffe90505,
0xffe90505,
0xffe90505,
0xffe90505,
0xffe90505,
0xffe90505,
0xffe90505,
0xffe90505,
0xffe90505,
0xffe90505,
0xffe90505,
0xffe90505,
0xffe90505,
0xffe90505,
0xffe90505,
0xffe90505,
0xffe90505,
0xffe90505,
0xffe90505,
0xffe90505,
0xffe90505,
0xffe90505,
0xffe90505,
0xffe90505,
0xffe90505,
0xffe90505,
0xffe90505,
0xffe90505,
0xffe90505,
0xffe90505,
0xffe90505,
0xffe90505,
0xffe90505,
0xffe90505,
0xffe90505,
0xffe90505,
0xffe90505,
0xffe90505,
0xffe90505,
0xffe90505,
0xffe90505,
0xffe90505,
0xffe90505,
0xffe90505,
0xffe90505,
0xffe90505,
0xffe90505,
0xffe90505,
0xffe90505,
0xffe90505,
0xffe90505,
0xffe90505,
0xffe90505,
0xffe90505,
0xffe90505,
0xffe90505,
0xffe90505,
0xffe90505,
0xffe90505,
0xffe90505,
0xffe90505,
0xffe90505,
0xffe90505,
0xffe90505,
0xffe90505,
0xffe90505,
0xffe90505,
0xffe90505,
0xffe90505,
0xffe90505,
0xffe90505,
0xffe90505,
0xffe90505,
0xffe90505,
0xffe90505,
0xffe90505,
0xffe90505,
0xffe90505,
0xffe90505,
0xffe90505,
0xffe90505,
0xffe90505,
0xffe90505,
0xffe90505,
0xffe90505,
0xffe90505,
0xffe90505,
0xffe90505,
0xffe90505,
0xffe90505,
0xffe90505,
0xffe90505,
0xffe90505,
0xffe90505,
0xffe90505,
0xffe90505,
0xffe90505,
0xffe90505,
0xffe90505,
0xffe90505,
0xffe90505,
0xffe90505,
0xffe90505,
0xffe90505,
0xffe90505,
0xffe90505,
0xffe90505,
0xffe90505,
0xffe90505,
0xffe90505,
0xffe90505,
0xffe90505,
0xffe90505,
0xffe90505,
0xffe90505,
0xffe90505,
0xffe90505,
0xffe90505,
0xffe90505,
0xffe90505,
0xffe90505,
0xffe90505,
0xffe90505,
0xffe90505,
0xffe90505,
0xffe90505,
0xffe90505,
0xffe90505,
0xffe90505,
0xffe90505,
0xffe90505,
0xffe90505,
0xffe90505,
0xffe90505,
0xffe90505,
0xffe90505,
0xffe90505,
0xffe90505,
0xffe90505,
0xffe90505,
0xffe90505,
0xffe90505,
0xffe90505,
0xffe90505,
0xffe90505,
0xffe90505,
0xffe90505,
0xffe90505,
0xffe90505,
0xffe90505,
0xffe90505,
0xffe90505,
0xffe90505,
0xffe90505,
0xffe90505,
0xffe90505,
0xffe90505,
0xffe90505,
0xffe90505,
0xffe90505,
0xffe90505,
0xffe90505,
0xffe90505,
0xffe90505,
0xffe90505,
0xffe90505,
0xffe90505,
0xffe90505,
0xffe90505,
0xffe90505,
0xffe90505,
0xffe90505,
0xffe90505,
0xffe90505,
0xffe90505,
0xffe90505,
0xffe90505,
0xffe90505,
0xffe90505,
0xffe90505,
0xffe90505,
0xffe90505,
0xffe90505,
0xffe90505,
0xffe90505,
0xffe90505,
0xffe90505,
0xffe90505,
0xffe90505,
0xffe90505,
0xffe90505,
0xffe90505,
0xffe90505,
0xffe90505,
0xffe90505,
0xffe90505,
0xffe90505,
0xffe90505,
0xffe90505,
0xffe90505,
0xffe90505,
0xffe90505,
0xffe90505,
0xffe90505,
0xffe90505,
0xffe90505,
0xffe90505,
0xffe90505,
0xffe90505,
0xffe90505,
0xffe90505,
0xffe90505,
0xffe90505,
0xffe90505,
0xffe90505,
0xffe90505,
0xffe90505,
0xffe90505,
0xffe90505,
0xffe90505,
0xffe90505,
0xffe90505,
0xffe90505,
0xffe90505,
0xffe90505,
0xffe90505,
0xffe90505,
0xffe90505,
0xffe90505,
0xffe90505,
0xffe90505,
0xffe90505,
0xffe90505,
0xffe90505,
0xffe90505,
0xffe90505,
0xffe90505,
0xffe90505,
0xffe90505,
0xffe90505,
0xffe90505,
0xffe90505,
0xffe90505,
0xffe90505,
0xffe90505,
0xffe90505,
0xffe90505,
0xffe90505,
0xffe90505,
0xffe90505,
0xffe90505,
0xffe90505,
0xffe90505,
0xffe90505,
0xffe90505,
0xffe90505,
0xffe90505,
0xffe90505,
0xffe90505,
0xffe90505,
0xffe90505,
0xffe90505,
0xffe90505,
0xffe90505,
0xffe90505,
0xffe90505,
0xffe90505,
0xffe90505,
0xffe90505,
0xffe90505,
0xffe90505,
0xffe90505,
0xffe90505,
0xffe90505,
0xffe90505,
0xffe90505,
0xffe90505,
0xffe90505,
0xffe90505,
0xffe90505,
0xffe90505,
0xffe90505,
0xffe90505,
0xffe90505,
0xffe90505,
0xffe90505,
0xffe90505,
0xffe90505,
0xffe90505,
0xffe90505,
0xffe90505,
0xffe90505,
0xffe90505,
0xffe90505,
0xffe90505,
0xffe90505,
0xffe90505,
0xffe90505,
0xffe90505,
0xffe90505,
0xffe90505,
0xffe90505,
0xffe90505,
0xffe90505,
0xffe90505,
0xffe90505,
0xffe90505,
0xffe90505,
0xffe90505,
0xffe90505,
0xffe90505,
0xffe90505,
0xffe90505,
0xffe90505,
0xffe90505,
0xffe90505,
0xffe90505,
0xffe90505,
0xffe90505,
0xffe90505,
0xffe90505,
0xffe90505,
0xffe90505,
0xffe90505,
0xffe90505,
0xffe90505,
0xffe90505,
0xffe90505,
0xffe90505,
0xffe90505,
0xffe90505,
0xffe90505,
0xffe90505,
0xffe90505,
0xffe90505,
0xffe90505,
0xffe90505,
0xffe90505,
0xffe90505,
0xffe90505,
0xffe90505,
0xffe90505,
0xffe90505,
0xffe90505,
0xffe90505,
0xffe90505,
0xffe90505,
0xffe90505,
0xffe90505,
0xffe90505,
0xffe90505,
0xffe90505,
0xffe90505,
0xffe90505,
0xffe90505,
0xffe90505,
0xffe90505,
0xffe90505,
0xffe90505,
0xffe90505,
0xffe90505,
0xffe90505,
0xffe90505,
0xffe90505,
0xffe90505,
0xffe90505,
0xffe90505,
0xffe90505,
0xffe90505,
0xffe90505,
0xffe90505,
0xffe90505,
0xffe90505,
0xffe90505,
0xffe90505,
0xffe90505,
0xffe90505,
0xffe90505,
0xffe90505,
0xffe90505,
0xffe90505,
0xffe90505,
0xffe90505,
0xffe90505,
0xffe90505,
0xffe90505,
0xffe90505,
0xffe90505,
0xffe90505,
0xffe90505,
0xffe90505,
0xffe90505,
0xffe90505,
0xffe90505,
0xffe90505,
0xffe90505,
0xffe90505,
0xffe90505,
0xffe90505,
0xffe90505,
0xffe90505,
0xffe90505,
0xffe90505,
0xffe90505,
0xffe90505,
0xffe90505,
0xffe90505,
0xffe90505,
0xffe90505,
0xffe90505,
0xffe90505,
0xffe90505,
0xffe90505,
0xffe90505,
0xffe90505,
0xffe90505,
0xffe90505,
0xffe90505,
0xffe90505,
0xffe90505,
0xffe90505,
0xffe90505,
0xffe90505,
0xffe90505,
0xffe90505,
0xffe90505,
0xffe90505,
0xffe90505,
0xffe90505,
0xffe90505,
0xffe90505,
0xffe90505,
0xffe90505,
0xffe90505,
0xffe90505,
0xffe90505,
0xffe90505,
0xffe90505,
0xffe90505,
0xffe90505,
0xffe90505,
0xffe90505,
0xffe90505,
0xffe90505,
0xffe90505,
0xffe90505,
0xffe90505,
0xffe90505,
0xffe90505,
0xffe90505,
0xffe90505,
0xffe90505,
0xffe90505,
0xffe90505,
0xffe90505,
0xffe90505,
0xffe90505,
0xffe90505,
0xffe90505,
0xffe90505,
0xffe90505,
0xffe90505,
0xffe90505,
0xffe90505,
0xffe90505,
0xffe90505,
0xffe90505,
0xffe90505,
0xffe90505,
0xffe90505,
0xffe90505,
0xffe90505,
0xffe90505,
0xffe90505,
0xffe90505,
0xffe90505,
0xffe90505,
0xffe90505,
0xffe90505,
0xffe90505,
0xffe90505,
0xffe90505,
0xffe90505,
0xffe90505,
0xffe90505,
0xffe90505,
0xffe90505,
0xffe90505,
0xffe90505,
0xffe90505,
0xffe90505,
0xffe90505,
0xffe90505,
0xffe90505,
0xffe90505,
0xffe90505,
0xffe90505,
0xffe90505,
0xffe90505,
0xffe90505,
0xffe90505,
0xffe90505,
0xffe90505,
0xffe90505,
0xffe90505,
0xffe90505,
0xffe90505,
0xffe90505,
0xffe90505,
0xffe90505,
0xffe90505,
0xffe90505,
0xffe90505,
0xffe90505,
0xffe90505,
0xffe90505,
0xffe90505,
0xffe90505,
0xffe90505,
0xffe90505,
0xffe90505,
0xffe90505,
0xffe90505,
0xffe90505,
0xffe90505,
0xffe90505,
0xffe90505,
0xffe90505,
0xffe90505,
0xffe90505,
0xffe90505,
0xffe90505,
0xffe90505,
0xffe90505,
0xffe90505,
0xffe90505,
0xffe90505,
0xffe90505,
0xffe90505,
0xffe90505,
0xffe90505,
0xffe90505,
0xffe90505,
0xffe90505,
0xffe90505,
0xffe90505,
0xffe90505,
0xffe90505,
0xffe90505,
0xffe90505,
0xffe90505,
0xffe90505,
0xffe90505,
0xffe90505,
0xffe90505,
0xffe90505,
0xffe90505,
0xffe90505,
0xffe90505,
0xffe90505,
0xffe90505,
0xffe90505,
0xffe90505,
0xffe90505,
0xffe90505,
0xffe90505,
0xffe90505,
0xffe90505,
0xffe90505,
0xffe90505,
0xffe90505,
0xffe90505,
0xffe90505,
0xffe90505,
0xffe90505,
0xffe90505,
0xffe90505,
0xffe90505,
0xffe90505,
0xffe90505,
0xffe90505,
0xffe90505,
0xffe90505,
0xffe90505,
0xffe90505,
0xffe90505,
0xffe90505,
0xffe90505,
0xffe90505,
0xffe90505,
0xffe90505,
0xffe90505,
0xffe90505,
0xffe90505,
0xffe90505,
0xffe90505,
0xffe90505,
0xffe90505,
0xffe90505,
0xffe90505,
0xffe90505,
0xffe90505,
0xffe90505,
0xffe90505,
0xffe90505,
0xffe90505,
0xffe90505,
0xffe90505,
0xffe90505,
0xffe90505,
0xffe90505,
0xffe90505,
0xffe90505,
0xffe90505,
0xffe90505,
0xffe90505,
0xffe90505,
0xffe90505,
0xffe90505,
0xffe90505,
0xffe90505,
0xffe90505,
0xffe90505,
0xffe90505,
0xffe90505,
0xffe90505,
0xffe90505,
0xffe90505,
0xffe90505,
0xffe90505,
0xffe90505,
0xffe90505,
0xffe90505,
0xffe90505,
0xffe90505,
0xffe90505,
0xffe90505,
0xffe90505,
0xffe90505,
0xffe90505,
0xffe90505,
0xffe90505,
0xffe90505,
0xffe90505,
0xffe90505,
0xffe90505,
0xffe90505,
0xffe90505,
0xffe90505,
0xffe90505,
0xffe90505,
0xffe90505,
0xffe90505,
0xffe90505,
0xffe90505,
0xffe90505,
0xffe90505,
0xffe90505,
0xffe90505,
0xffe90505,
0xffe90505,
0xffe90505,
0xffe90505,
0xffe90505,
0xffe90505,
0xffe90505,
0xffe90505,
0xffe90505,
0xffe90505,
0xffe90505,
0xffe90505,
0xffe90505,
0xffe90505,
0xffe90505,
0xffe90505,
0xffe90505,
0xffe90505,
0xffe90505,
0xffe90505,
0xffe90505,
0xffe90505,
0xffe90505,
0xffe90505,
0xffe90505,
0xffe90505,
0xffe90505,
0xffe90505,
0xffe90505,
0xffe90505,
0xffe90505,
0xffe90505,
0xffe90505,
0xffe90505,
0xffe90505,
0xffe90505,
0xffe90505,
0xffe90505,
0xffe90505,
0xffe90505,
0xffe90505,
0xffe90505,
0xffe90505,
0xffe90505,
0xffe90505,
0xffe90505,
0xffe90505,
0xffe90505,
0xffe90505,
0xffe90505,
0xffe90505,
0xffe90505,
0xffe90505,
0xffe90505,
0xffe90505,
0xffe90505,
0xffe90505,
0xffe90505,
0xffe90505,
0xffe90505,
0xffe90505,
0xffe90505,
0xffe90505,
0xffe90505,
0xffe90505,
0xffe90505,
0xffe90505,
0xffe90505,
0xffe90505,
0xffe90505,
0xffe90505,
0xffe90505,
0xffe90505,
0xffe90505,
0xffe90505,
0xffe90505,
0xffe90505,
0xffe90505,
0xffe90505,
0xffe90505,
0xffe90505,
0xffe90505,
0xffe90505,
0xffe90505,
0xffe90505,
0xffe90505,
0xffe90505,
0xffe90505,
0xffe90505,
0xffe90505,
0xffe90505,
0xffe90505,
0xffe90505,
0xffe90505,
0xffe90505,
0xffe90505,
0xffe90505,
0xffe90505,
0xffe90505,
0xffe90505,
0xffe90505,
0xffe90505,
0xffe90505,
0xffe90505,
0xffe90505,
0xffe90505,
0xffe90505,
0xffe90505,
0xffe90505,
0xffe90505,
0xffe90505,
0xffe90505,
0xffe90505,
0xffe90505,
0xffe90505,
0xffe90505,
0xffe90505,
0xffe90505,
0xffe90505,
0xffe90505,
0xffe90505,
0xffe90505,
0xffe90505,
0xffe90505,
0xffe90505,
0xffe90505,
0xffe90505,
0xffe90505,
0xffe90505,
0xffe90505,
0xffe90505,
0xffe90505,
0xffe90505,
0xffe90505,
0xffe90505,
0xffe90505,
0xffe90505,
0xffe90505,
0xffe90505,
0xffe90505,
0xffe90505,
0xffe90505,
0xffe90505,
0xffe90505,
0xffe90505,
0xffe90505,
0xffe90505,
0xffe90505,
0xffe90505,
0xffe90505,
0xffe90505,
0xffe90505,
0xffe90505,
0xffe90505,
0xffe90505,
0xffe90505,
0xffe90505,
0xffe90505,
0xffe90505,
0xffe90505,
0xffe90505,
0xffe90505,
0xffe90505,
0xffe90505,
0xffe90505,
0xffe90505,
0xffe90505,
0xffe90505,
0xffe90505,
0xffe90505,
0xffe90505,
0xffe90505,
0xffe90505,
0xffe90505,
0xffe90505,
0xffe90505,
0xffe90505,
0xffe90505,
0xffe90505,
0xffe90505,
0xffe90505,
0xffe90505,
0xffe90505,
0xffe90505,
0xffe90505,
0xffe90505,
0xffe90505,
0xffe90505,
0xffe90505,
0xffe90505,
0xffe90505,
0xffe90505,
0xffe90505,
0xffe90505,
0xffe90505,
0xffe90505,
0xffe90505,
0xffe90505,
0xffe90505,
0xffe90505,
0xffe90505,
0xffe90505,
0xffe90505,
0xffe90505,
0xffe90505,
0xffe90505,
0xffe90505,
0xffe90505,
0xffe90505,
0xffe90505,
0xffe90505,
0xffe90505,
0xffe90505,
0xffe90505,
0xffe90505,
0xffe90505,
0xffe90505,
0xffe90505,
0xffe90505,
0xffe90505,
0xffe90505,
0xffe90505,
0xffe90505,
0xffe90505,
0xffe90505,
0xffe90505,
0xffe90505,
0xffe90505,
0xffe90505,
0xffe90505,
0xffe90505,
0xffe90505,
0xffe90505,
0xffe90505,
0xffe90505,
0xffe90505,
0xffe90505,
0xffe90505,
0xffe90505,
0xffe90505,
0xffe90505,
0xffe90505,
0xffe90505,
0xffe90505,
0xffe90505,
0xffe90505,
0xffe90505,
0xffe90505,
0xffe90505,
0xffe90505,
0xffe90505,
0xffe90505,
0xffe90505,
0xffe90505,
0xffe90505,
0xffe90505,
0xffe90505,
0xffe90505,
0xffe90505,
0xffe90505,
0xffe90505,
0xffe90505,
0xffe90505,
0xffe90505,
0xffe90505,
0xffe90505,
0xffe90505,
0xffe90505,
0xffe90505,
0xffe90505,
0xffe90505,
0xffe90505,
0xffe90505,
0xffe90505,
0xffe90505,
0xffe90505,
0xffe90505,
0xffe90505,
0xffe90505,
0xffe90505,
0xffe90505,
0xffe90505,
0xffe90505,
0xffe90505,
0xffe90505,
0xffe90505,
0xffe90505,
0xffe90505,
0xffe90505,
0xffe90505,
0xffe90505,
0xffe90505,
0xffe90505,
0xffe90505,
0xffe90505,
0xffe90505,
0xffe90505,
0xffe90505,
0xffe90505,
0xffe90505,
0xffe90505,
0xffe90505,
0xffe90505,
0xffe90505,
0xffe90505,
0xffe90505,
0xffe90505,
0xffe90505,
0xffe90505,
0xffe90505,
0xffe90505,
0xffe90505,
0xffe90505,
0xffe90505,
0xffe90505,
0xffe90505,
0xffe90505,
0xffe90505,
0xffe90505,
0xffe90505,
0xffe90505,
0xffe90505,
0xffe90505,
0xffe90505,
0xffe90505,
0xffe90505,
0xffe90505,
0xffe90505,
0xffe90505,
0xffe90505,
0xffe90505,
0xffe90505,
0xffe90505,
0xffe90505,
0xffe90505,
0xffe90505,
0xffe90505,
0xffe90505,
0xffe90505,
0xffe90505,
0xffe90505,
0xffe90505,
0xffe90505,
0xffe90505,
0xffe90505,
0xffe90505,
0xffe90505,
0xffe90505,
0xffe90505,
0xffe90505,
0xffe90505,
0xffe90505,
0xffe90505,
0xffe90505,
0xffe90505,
0xffe90505,
0xffe90505,
0xffe90505,
0xffe90505,
0xffe90505,
0xffe90505,
0xffe90505,
0xffe90505,
0xffe90505,
0xffe90505,
0xffe90505,
0xffe90505,
0xffe90505,
0xffe90505,
0xffe90505,
0xffe90505,
0xffe90505,
0xffe90505,
0xffe90505,
0xffe90505,
0xffe90505,
0xffe90505,
0xffe90505,
0xffe90505,
0xffe90505,
0xffe90505,
0xffe90505,
0xffe90505,
0xffe90505,
0xffe90505,
0xffe90505,
0xffe90505,
0xffe90505,
0xffe90505,
0xffe90505,
0xffe90505,
0xffe90505,
0xffe90505,
0xffe90505,
0xffe90505,
0xffe90505,
0xffe90505,
0xffe90505,
0xffe90505,
0xffe90505,
0xffe90505,
0xffe90505,
0xffe90505,
0xffe90505,
0xffe90505,
0xffe90505,
0xffe90505,
0xffe90505,
0xffe90505,
0xffe90505,
0xffe90505,
0xffe90505,
0xffe90505,
0xffe90505,
0xffe90505,
0xffe90505,
0xffe90505,
0xffe90505,
0xffe90505,
0xffe90505,
0xffe90505,
0xffe90505,
0xffe90505,
0xffe90505,
0xffe90505,
0xffe90505,
0xffe90505,
0xffe90505,
0xffe90505,
0xffe90505,
0xffe90505,
0xffe90505,
0xffe90505,
0xffe90505,
0xffe90505,
0xffe90505,
0xffe90505,
0xffe90505,
0xffe90505,
0xffe90505,
0xffe90505,
0xffe90505,
0xffe90505,
0xffe90505,
0xffe90505,
0xffe90505,
0xffe90505,
0xffe90505,
0xffe90505,
0xffe90505,
0xffe90505,
0xffe90505,
0xffe90505,
0xffe90505,
0xffe90505,
0xffe90505,
0xffe90505,
0xffe90505,
0xffe90505,
0xffe90505,
0xffe90505,
0xffe90505,
0xffe90505,
0xffe90505,
0xffe90505,
0xffe90505,
0xffe90505,
0xffe90505,
0xffe90505,
0xffe90505,
0xffe90505,
0xffe90505,
0xffe90505,
0xffe90505,
0xffe90505,
0xffe90505,
0xffe90505,
0xffe90505,
0xffe90505,
0xffe90505,
0xffe90505,
0xffe90505,
0xffe90505,
0xffe90505,
0xffe90505,
0xffe90505,
0xffe90505,
0xffe90505,
0xffe90505,
0xffe90505,
0xffe90505,
0xffe90505,
0xffe90505,
0xffe90505,
0xffe90505,
0xffe90505,
0xffe90505,
0xffe90505,
0xffe90505,
0xffe90505,
0xffe90505,
0xffe90505,
0xffe90505,
0xffe90505,
0xffe90505,
0xffe90505,
0xffe90505,
0xffe90505,
0xffe90505,
0xffe90505,
0xffe90505,
0xffe90505,
0xffe90505,
0xffe90505,
0xffe90505,
0xffe90505,
0xffe90505,
0xffe90505,
0xffe90505,
0xffe90505,
0xffe90505,
0xffe90505,
0xffe90505,
0xffe90505,
0xffe90505,
0xffe90505,
0xffe90505,
0xffe90505,
0xffe90505,
0xffe90505,
0xffe90505,
0xffe90505,
0xffe90505,
0xffe90505,
0xffe90505,
0xffe90505,
0xffe90505,
0xffe90505,
0xffe90505,
0xffe90505,
0xffe90505,
0xffe90505,
0xffe90505,
0xffe90505,
0xffe90505,
0xffe90505,
0xffe90505,
0xffe90505,
0xffe90505,
0xffe90505,
0xffe90505,
0xffe90505,
0xffe90505,
0xffe90505,
0xffe90505,
0xffe90505,
0xffe90505,
0xffe90505,
0xffe90505,
0xffe90505,
0xffe90505,
0xffe90505,
0xffe90505,
0xffe90505,
0xffe90505,
0xffe90505,
0xffe90505,
0xffe90505,
0xffe90505,
0xffe90505,
0xffe90505,
0xffe90505,
0xffe90505,
0xffe90505,
0xffe90505,
0xffe90505,
0xffe90505,
0xffe90505,
0xffe90505,
0xffe90505,
0xffe90505,
0xffe90505,
0xffe90505,
0xffe90505,
0xffe90505,
0xffe90505,
0xffe90505,
0xffe90505,
0xffe90505,
0xffe90505,
0xffe90505,
0xffe90505,
0xffe90505,
0xffe90505,
0xffe90505,
0xffe90505,
0xffe90505,
0xffe90505,
0xffe90505,
0xffe90505,
0xffe90505,
0xffe90505,
0xffe90505,
0xffe90505,
0xffe90505,
0xffe90505,
0xffe90505,
0xffe90505,
0xffe90505,
0xffe90505,
0xffe90505,
0xffe90505,
0xffe90505,
0xffe90505,
0xffe90505,
0xffe90505,
0xffe90505,
0xffe90505,
0xffe90505,
0xffe90505,
0xffe90505,
0xffe90505,
0xffe90505,
0xffe90505,
0xffe90505,
0xffe90505,
0xffe90505,
0xffe90505,
0xffe90505,
0xffe90505,
0xffe90505,
0xffe90505,
0xffe90505,
0xffe90505,
0xffe90505,
0xffe90505,
0xffe90505,
0xffe90505,
0xffe90505,
0xffe90505,
0xffe90505,
0xffe90505,
0xffe90505,
0xffe90505,
0xffe90505,
0xffe90505,
0xffe90505,
0xffe90505,
0xffe90505,
0xffe90505,
0xffe90505,
0xffe90505,
0xffe90505,
0xffe90505,
0xffe90505,
0xffe90505,
0xffe90505,
0xffe90505,
0xffe90505,
0xffe90505,
0xffe90505,
0xffe90505,
0xffe90505,
0xffe90505,
0xffe90505,
0xffe90505,
0xffe90505,
0xffe90505,
0xffe90505,
0xffe90505,
0xffe90505,
0xffe90505,
0xffe90505,
0xffe90505,
0xffe90505,
0xffe90505,
0xffe90505,
0xffe90505,
0xffe90505,
0xffe90505,
0xffe90505,
0xffe90505,
0xffe90505,
0xffe90505,
0xffe90505,
0xffe90505,
0xffe90505,
0xffe90505,
0xffe90505,
0xffe90505,
0xffe90505,
0xffe90505,
0xffe90505,
0xffe90505,
0xffe90505,
0xffe90505,
0xffe90505,
0xffe90505,
0xffe90505,
0xffe90505,
0xffe90505,
0xffe90505,
0xffe90505,
0xffe90505,
0xffe90505,
0xffe90505,
0xffe90505,
0xffe90505,
0xffe90505,
0xffe90505,
0xffe90505,
0xffe90505,
0xffe90505,
0xffe90505,
0xffe90505,
0xffe90505,
0xffe90505,
0xffe90505,
0xffe90505,
0xffe90505,
0xffe90505,
0xffe90505,
0xffe90505,
0xffe90505,
0xffe90505,
0xffe90505,
0xffe90505,
0xffe90505,
0xffe90505,
0xffe90505,
0xffe90505,
0xffe90505,
0xffe90505,
0xffe90505,
0xffe90505,
0xffe90505,
0xffe90505,
0xffe90505,
0xffe90505,
0xffe90505,
0xffe90505,
0xffe90505,
0xffe90505,
0xffe90505,
0xffe90505,
0xffe90505,
0xffe90505,
0xffe90505,
0xffe90505,
0xffe90505,
0xffe90505,
0xffe90505,
0xffe90505,
0xffe90505,
0xffe90505,
0xffe90505,
0xffe90505,
0xffe90505,
0xffe90505,
0xffe90505,
0xffe90505,
0xffe90505,
0xffe90505,
0xffe90505,
0xffe90505,
0xffe90505,
0xffe90505,
0xffe90505,
0xffe90505,
0xffe90505,
0xffe90505,
0xffe90505,
0xffe90505,
0xffe90505,
0xffe90505,
0xffe90505,
0xffe90505,
0xffe90505,
0xffe90505,
0xffe90505,
0xffe90505,
0xffe90505,
0xffe90505,
0xffe90505,
0xffe90505,
0xffe90505,
0xffe90505,
0xffe90505,
0xffe90505,
0xffe90505,
0xffe90505,
0xffe90505,
0xffe90505,
0xffe90505,
0xffe90505,
0xffe90505,
0xffe90505,
0xffe90505,
0xffe90505,
0xffe90505,
0xffe90505,
0xffe90505,
0xffe90505,
0xffe90505,
0xffe90505,
0xffe90505,
0xffe90505,
0xffe90505,
0xffe90505,
0xffe90505,
0xffe90505,
0xffe90505,
0xffe90505,
0xffe90505,
0xffe90505,
0xffe90505,
0xffe90505,
0xffe90505,
0xffe90505,
0xffe90505,
0xffe90505,
0xffe90505,
0xffe90505,
0xffe90505,
0xffe90505,
0xffe90505,
0xffe90505,
0xffe90505,
0xffe90505,
0xffe90505,
0xffe90505,
0xffe90505,
0xffe90505,
0xffe90505,
0xffe90505,
0xffe90505,
0xffe90505,
0xffe90505,
0xffe90505,
0xffe90505,
0xffe90505,
0xffe90505,
0xffe90505,
0xffe90505,
0xffe90505,
0xffe90505,
0xffe90505,
0xffe90505,
0xffe90505,
0xffe90505,
0xffe90505,
0xffe90505,
0xffe90505,
0xffe90505,
0xffe90505,
0xffe90505,
0xffe90505,
0xffe90505,
0xffe90505,
0xffe90505,
0xffe90505,
0xffe90505,
0xffe90505,
0xffe90505,
0xffe90505,
0xffe90505,
0xffe90505,
0xffe90505,
0xffe90505,
0xffe90505,
0xffe90505,
0xffe90505,
0xffe90505,
0xffe90505,
0xffe90505,
0xffe90505,
0xffe90505,
0xffe90505,
0xffe90505,
0xffe90505,
0xffe90505,
0xffe90505,
0xffe90505,
0xffe90505,
0xffe90505,
0xffe90505,
0xffe90505,
0xffe90505,
0xffe90505,
0xffe90505,
0xffe90505,
0xffe90505,
0xffe90505,
0xffe90505,
0xffe90505,
0xffe90505,
0xffe90505,
0xffe90505,
0xffe90505,
0xffe90505,
0xffe90505,
0xffe90505,
0xffe90505,
0xffe90505,
0xffe90505,
0xffe90505,
0xffe90505,
0xffe90505,
0xffe90505,
0xffe90505,
0xffe90505,
0xffe90505,
0xffe90505,
0xffe90505,
0xffe90505,
0xffe90505,
0xffe90505,
0xffe90505,
0xffe90505,
0xffe90505,
0xffe90505,
0xffe90505,
0xffe90505,
0xffe90505,
0xffe90505,
0xffe90505,
0xffe90505,
0xffe90505,
0xffe90505,
0xffe90505,
0xffe90505,
0xffe90505,
0xffe90505,
0xffe90505,
0xffe90505,
0xffe90505,
0xffe90505,
0xffe90505,
0xffe90505,
0xffe90505,
0xffe90505,
0xffe90505,
0xffe90505,
0xffe90505,
0xffe90505,
0xffe90505,
0xffe90505,
0xffe90505,
0xffe90505,
0xffe90505,
0xffe90505,
0xffe90505,
0xffe90505,
0xffe90505,
0xffe90505,
0xffe90505,
0xffe90505,
0xffe90505,
0xffe90505,
0xffe90505,
0xffe90505,
0xffe90505,
0xffe90505,
0xffe90505,
0xffe90505,
0xffe90505,
0xffe90505,
0xffe90505,
0xffe90505,
0xffe90505,
0xffe90505,
0xffe90505,
0xffe90505,
0xffe90505,
0xffe90505,
0xffe90505,
0xffe90505,
0xffe90505,
0xffe90505,
0xffe90505,
0xffe90505,
0xffe90505,
0xffe90505,
0xffe90505,
0xffe90505,
0xffe90505,
0xffe90505,
0xffe90505,
0xffe90505,
0xffe90505,
0xffe90505,
0xffe90505,
0xffe90505,
0xffe90505,
0xffe90505,
0xffe90505,
0xffe90505,
0xffe90505,
0xffe90505,
0xffe90505,
0xffe90505,
0xffe90505,
0xffe90505,
0xffe90505,
0xffe90505,
0xffe90505,
0xffe90505,
0xffe90505,
0xffe90505,
0xffe90505,
0xffe90505,
0xffe90505,
0xffe90505,
0xffe90505,
0xffe90505,
0xffe90505,
0xffe90505,
0xffe90505,
0xffe90505,
0xffe90505,
0xffe90505,
0xffe90505,
0xffe90505,
0xffe90505,
0xffe90505,
0xffe90505,
0xffe90505,
0xffe90505,
0xffe90505,
0xffe90505,
0xffe90505,
0xffe90505,
0xffe90505,
0xffe90505,
0xffe90505,
0xffe90505,
0xffe90505,
0xffe90505,
0xffe90505,
0xffe90505,
0xffe90505,
0xffe90505,
0xffe90505,
0xffe90505,
0xffe90505,
0xffe90505,
0xffe90505,
0xffe90505,
0xffe90505,
0xffe90505,
0xffe90505,
0xffe90505,
0xffe90505,
0xffe90505,
0xffe90505,
0xffe90505,
0xffe90505,
0xffe90505,
0xffe90505,
0xffe90505,
0xffe90505,
0xffe90505,
0xffe90505,
0xffe90505,
0xffe90505,
0xffe90505,
0xffe90505,
0xffe90505,
0xffe90505,
0xffe90505,
0xffe90505,
0xffe90505,
0xffe90505,
0xffe90505,
0xffe90505,
0xffe90505,
0xffe90505,
0xffe90505,
0xffe90505,
0xffe90505,
0xffe90505,
0xffe90505,
0xffe90505,
0xffe90505,
0xffe90505,
0xffe90505,
0xffe90505,
0xffe90505,
0xffe90505,
0xffe90505,
0xffe90505,
0xffe90505,
0xffe90505,
0xffe90505,
0xffe90505,
0xffe90505,
0xffe90505,
0xffe90505,
0xffe90505,
0xffe90505,
0xffe90505,
0xffe90505,
0xffe90505,
0xffe90505,
0xffe90505,
0xffe90505,
0xffe90505,
0xffe90505,
0xffe90505,
0xffe90505,
0xffe90505,
0xffe90505,
0xffe90505,
0xffe90505,
0xffe90505,
0xffe90505,
0xffe90505,
0xffe90505,
0xffe90505,
0xffe90505,
0xffe90505,
0xffe90505,
0xffe90505,
0xffe90505,
0xffe90505,
0xffe90505,
0xffe90505,
0xffe90505,
0xffe90505,
0xffe90505,
0xffe90505,
0xffe90505,
0xffe90505,
0xffe90505,
0xffe90505,
0xffe90505,
0xffe90505,
0xffe90505,
0xffe90505,
0xffe90505,
0xffe90505,
0xffe90505,
0xffe90505,
0xffe90505,
0xffe90505,
0xffe90505,
0xffe90505,
0xffe90505,
0xffe90505,
0xffe90505,
0xffe90505,
0xffe90505,
0xffe90505,
0xffe90505,
0xffe90505,
0xffe90505,
0xffe90505,
0xffe90505,
0xffe90505,
0xffe90505,
0xffe90505,
0xffe90505,
0xffe90505,
0xffe90505,
0xffe90505,
0xffe90505,
0xffe90505,
0xffe90505,
0xffe90505,
0xffe90505,
0xffe90505,
0xffe90505,
0xffe90505,
0xffe90505,
0xffe90505,
0xffe90505,
0xffe90505,
0xffe90505,
0xffe90505,
0xffe90505,
0xffe90505,
0xffe90505,
0xffe90505,
0xffe90505,
0xffe90505,
0xffe90505,
0xffe90505,
0xffe90505,
0xffe90505,
0xffe90505,
0xffe90505,
0xffe90505,
0xffe90505,
0xffe90505,
0xffe90505,
0xffe90505,
0xffe90505,
0xffe90505,
0xffe90505,
0xffe90505,
0xffe90505,
0xffe90505,
0xffe90505,
0xffe90505,
0xffe90505,
0xffe90505,
0xffe90505,
0xffe90505,
0xffe90505,
0xffe90505,
0xffe90505,
0xffe90505,
0xffe90505,
0xffe90505,
0xffe90505,
0xffe90505,
0xffe90505,
0xffe90505,
0xffe90505,
0xffe90505,
0xffe90505,
0xffe90505,
0xffe90505,
0xffe90505,
0xffe90505,
0xffe90505,
0xffe90505,
0xffe90505,
0xffe90505,
0xffe90505,
0xffe90505,
0xffe90505,
0xffe90505,
0xffe90505,
0xffe90505,
0xffe90505,
0xffe90505,
0xffe90505,
0xffe90505,
0xffe90505,
0xffe90505,
0xffe90505,
0xffe90505,
0xffe90505,
0xffe90505,
0xffe90505,
0xffe90505,
0xffe90505,
0xffe90505,
0xffe90505,
0xffe90505,
0xffe90505,
0xffe90505,
0xffe90505,
0xffe90505,
0xffe90505,
0xffe90505,
0xffe90505,
0xffe90505,
0xffe90505,
0xffe90505,
0xffe90505,
0xffe90505,
0xffe90505,
0xffe90505,
0xffe90505,
0xffe90505,
0xffe90505,
0xffe90505,
0xffe90505,
0xffe90505,
0xffe90505,
0xffe90505,
0xffe90505,
0xffe90505,
0xffe90505,
0xffe90505,
0xffe90505,
0xffe90505,
0xffe90505,
0xffe90505,
0xffe90505,
0xffe90505,
0xffe90505,
0xffe90505,
0xffe90505,
0xffe90505,
0xffe90505,
0xffe90505,
0xffe90505,
0xffe90505,
0xffe90505,
0xffe90505,
0xffe90505,
0xffe90505,
0xffe90505,
0xffe90505,
0xffe90505,
0xffe90505,
0xffe90505,
0xffe90505,
0xffe90505,
0xffe90505,
0xffe90505,
0xffe90505,
0xffe90505,
0xffe90505,
0xffe90505,
0xffe90505,
0xffe90505,
0xffe90505,
0xffe90505,
0xffe90505,
0xffe90505,
0xffe90505,
0xffe90505,
0xffe90505,
0xffe90505,
0xffe90505,
0xffe90505,
0xffe90505,
0xffe90505,
0xffe90505,
0xffe90505,
0xffe90505,
0xffe90505,
0xffe90505,
0xffe90505,
0xffe90505,
0xffe90505,
0xffe90505,
0xffe90505,
0xffe90505,
0xffe90505,
0xffe90505,
0xffe90505,
0xffe90505,
0xffe90505,
0xffe90505,
0xffe90505,
0xffe90505,
0xffe90505,
0xffe90505,
0xffe90505,
0xffe90505,
0xffe90505,
0xffe90505,
0xffe90505,
0xffe90505,
0xffe90505,
0xffe90505,
0xffe90505,
0xffe90505,
0xffe90505,
0xffe90505,
0xffe90505,
0xffe90505,
0xffe90505,
0xffe90505,
0xffe90505,
0xffe90505,
0xffe90505,
0xffe90505,
0xffe90505,
0xffe90505,
0xffe90505,
0xffe90505,
0xffe90505,
0xffe90505,
0xffe90505,
0xffe90505,
0xffe90505,
0xffe90505,
0xffe90505,
0xffe90505,
0xffe90505,
0xffe90505,
0xffe90505,
0xffe90505,
0xffe90505,
0xffe90505,
0xffe90505,
0xffe90505,
0xffe90505,
0xffe90505,
0xffe90505,
0xffe90505,
0xffe90505,
0xffe90505,
0xffe90505,
0xffe90505,
0xffe90505,
0xffe90505,
0xffe90505,
0xffe90505,
0xffe90505,
0xffe90505,
0xffe90505,
0xffe90505,
0xffe90505,
0xffe90505,
0xffe90505,
0xffe90505,
0xffe90505,
0xffe90505,
0xffe90505,
0xffe90505,
0xffe90505,
0xffe90505,
0xffe90505,
0xffe90505,
0xffe90505,
0xffe90505,
0xffe90505,
0xffe90505,
0xffe90505,
0xffe90505,
0xffe90505,
0xffe90505,
0xffe90505,
0xffe90505,
0xffe90505,
0xffe90505,
0xffe90505,
0xffe90505,
0xffe90505,
0xffe90505,
0xffe90505,
0xffe90505,
0xffe90505,
0xffe90505,
0xffe90505,
0xffe90505,
0xffe90505,
0xffe90505,
0xffe90505,
0xffe90505,
0xffe90505,
0xffe90505,
0xffe90505,
0xffe90505,
0xffe90505,
0xffe90505,
0xffe90505,
0xffe90505,
0xffe90505,
0xffe90505,
0xffe90505,
0xffe90505,
0xffe90505,
0xffe90505,
0xffe90505,
0xffe90505,
0xffe90505,
0xffe90505,
0xffe90505,
0xffe90505,
0xffe90505,
0xffe90505,
0xffe90505,
0xffe90505,
0xffe90505,
0xffe90505,
0xffe90505,
0xffe90505,
0xffe90505,
0xffe90505,
0xffe90505,
0xffe90505,
0xffe90505,
0xffe90505,
0xffe90505,
0xffe90505,
0xffe90505,
0xffe90505,
0xffe90505,
0xffe90505,
0xffe90505,
0xffe90505,
0xffe90505,
0xffe90505,
0xffe90505,
0xffe90505,
0xffe90505,
0xffe90505,
0xffe90505,
0xffe90505,
0xffe90505,
0xffe90505,
0xffe90505,
0xffe90505,
0xffe90505,
0xffe90505,
0xffe90505,
0xffe90505,
0xffe90505,
0xffe90505,
0xffe90505,
0xffe90505,
0xffe90505,
0xffe90505,
0xffe90505,
0xffe90505,
0xffe90505,
0xffe90505,
0xffe90505,
0xffe90505,
0xffe90505,
0xffe90505,
0xffe90505,
0xffe90505,
0xffe90505,
0xffe90505,
0xffe90505,
0xffe90505,
0xffe90505,
0xffe90505,
0xffe90505,
0xffe90505,
0xffe90505,
0xffe90505,
0xffe90505,
0xffe90505,
0xffe90505,
0xffe90505,
0xffe90505,
0xffe90505,
0xffe90505,
0xffe90505,
0xffe90505,
0xffe90505,
0xffe90505,
0xffe90505,
0xffe90505,
0xffe90505,
0xffe90505,
0xffe90505,
0xffe90505,
0xffe90505,
0xffe90505,
0xffe90505,
0xffe90505,
0xffe90505,
0xffe90505,
0xffe90505,
0xffe90505,
0xffe90505,
0xffe90505,
0xffe90505,
0xffe90505,
0xffe90505,
0xffe90505,
0xffe90505,
0xffe90505,
0xffe90505,
0xffe90505,
0xffe90505,
0xffe90505,
0xffe90505,
0xffe90505,
0xffe90505,
0xffe90505,
0xffe90505,
0xffe90505,
0xffe90505,
0xffe90505,
0xffe90505,
0xffe90505,
0xffe90505,
0xffe90505,
0xffe90505,
0xffe90505,
0xffe90505,
0xffe90505,
0xffe90505,
0xffe90505,
0xffe90505,
0xffe90505,
0xffe90505,
0xffe90505,
0xffe90505,
0xffe90505,
0xffe90505,
0xffe90505,
0xffe90505,
0xffe90505,
0xffe90505,
0xffe90505,
0xffe90505,
0xffe90505,
0xffe90505,
0xffe90505,
0xffe90505,
0xffe90505,
0xffe90505,
0xffe90505,
0xffe90505,
0xffe90505,
0xffe90505,
0xffe90505,
0xffe90505,
0xffe90505,
0xffe90505,
0xffe90505,
0xffe90505,
0xffe90505,
0xffe90505,
0xffe90505,
0xffe90505,
0xffe90505,
0xffe90505,
0xffe90505,
0xffe90505,
0xffe90505,
0xffe90505,
0xffe90505,
0xffe90505,
0xffe90505,
0xffe90505,
0xffe90505,
0xffe90505,
0xffe90505,
0xffe90505,
0xffe90505,
0xffe90505,
0xffe90505,
0xffe90505,
0xffe90505,
0xffe90505,
0xffe90505,
0xffe90505,
0xffe90505,
0xffe90505,
0xffe90505,
0xffe90505,
0xffe90505,
0xffe90505,
0xffe90505,
0xffe90505,
0xffe90505,
0xffe90505,
0xffe90505,
0xffe90505,
0xffe90505,
0xffe90505,
0xffe90505,
0xffe90505,
0xffe90505,
0xffe90505,
0xffe90505,
0xffe90505,
0xffe90505,
0xffe90505,
0xffe90505,
0xffe90505,
0xffe90505,
0xffe90505,
0xffe90505,
0xffe90505,
0xffe90505,
0xffe90505,
0xffe90505,
0xffe90505,
0xffe90505,
0xffe90505,
0xffe90505,
0xffe90505,
0xffe90505,
0xffe90505,
0xffe90505,
0xffe90505,
0xffe90505,
0xffe90505,
0xffe90505,
0xffe90505,
0xffe90505,
0xffe90505,
0xffe90505,
0xffe90505,
0xffe90505,
0xffe90505,
0xffe90505,
0xffe90505,
0xffe90505,
0xffe90505,
0xffe90505,
0xffe90505,
0xffe90505,
0xffe90505,
0xffe90505,
0xffe90505,
0xffe90505,
0xffe90505,
0xffe90505,
0xffe90505,
0xffe90505,
0xffe90505,
0xffe90505,
0xffe90505,
0xffe90505,
0xffe90505,
0xffe90505,
0xffe90505,
0xffe90505,
0xffe90505,
0xffe90505,
0xffe90505,
0xffe90505,
0xffe90505,
0xffe90505,
0xffe90505,
0xffe90505,
0xffe90505,
0xffe90505,
0xffe90505,
0xffe90505,
0xffe90505,
0xffe90505,
0xffe90505,
0xffe90505,
0xffe90505,
0xffe90505,
0xffe90505,
0xffe90505,
0xffe90505,
0xffe90505,
0xffe90505,
0xffe90505,
0xffe90505,
0xffe90505,
0xffe90505,
0xffe90505,
0xffe90505,
0xffe90505,
0xffe90505,
0xffe90505,
0xffe90505,
0xffe90505,
0xffe90505,
0xffe90505,
0xffe90505,
0xffe90505,
0xffe90505,
0xffe90505,
0xffe90505,
0xffe90505,
0xffe90505,
0xffe90505,
0xffe90505,
0xffe90505,
0xffe90505,
0xffe90505,
0xffe90505,
0xffe90505,
0xffe90505,
0xffe90505,
0xffe90505,
0xffe90505,
0xffe90505,
0xffe90505,
0xffe90505,
0xffe90505,
0xffe90505,
0xffe90505,
0xffe90505,
0xffe90505,
0xffe90505,
0xffe90505,
0xffe90505,
0xffe90505,
0xffe90505,
0xffe90505,
0xffe90505,
0xffe90505,
0xffe90505,
0xffe90505,
0xffe90505,
0xffe90505,
0xffe90505,
0xffe90505,
0xffe90505,
0xffe90505,
0xffe90505,
0xffe90505,
0xffe90505,
0xffe90505,
0xffe90505,
0xffe90505,
0xffe90505,
0xffe90505,
0xffe90505,
0xffe90505,
0xffe90505,
0xffe90505,
0xffe90505,
0xffe90505,
0xffe90505,
0xffe90505,
0xffe90505,
0xffe90505,
0xffe90505,
0xffe90505,
0xffe90505,
0xffe90505,
0xffe90505,
0xffe90505,
0xffe90505,
0xffe90505,
0xffe90505,
0xffe90505,
0xffe90505,
0xffe90505,
0xffe90505,
0xffe90505,
0xffe90505,
0xffe90505,
0xffe90505,
0xffe90505,
0xffe90505,
0xffe90505,
0xffe90505,
0xffe90505,
0xffe90505,
0xffe90505,
0xffe90505,
0xffe90505,
0xffe90505,
0xffe90505,
0xffe90505,
0xffe90505,
0xffe90505,
0xffe90505,
0xffe90505,
0xffe90505,
0xffe90505,
0xffe90505,
0xffe90505,
0xffe90505,
0xffe90505,
0xffe90505,
0xffe90505,
0xffe90505,
0xffe90505,
0xffe90505,
0xffe90505,
0xffe90505,
0xffe90505,
0xffe90505,
0xffe90505,
0xffe90505,
0xffe90505,
0xffe90505,
0xffe90505,
0xffe90505,
0xffe90505,
0xffe90505,
0xffe90505,
0xffe90505,
0xffe90505,
0xffe90505,
0xffe90505,
0xffe90505,
0xffe90505,
0xffe90505,
0xffe90505,
0xffe90505,
0xffe90505,
0xffe90505,
0xffe90505,
0xffe90505,
0xffe90505,
0xffe90505,
0xffe90505,
0xffe90505,
0xffe90505,
0xffe90505,
0xffe90505,
0xffe90505,
0xffe90505,
0xffe90505,
0xffe90505,
0xffe90505,
0xffe90505,
0xffe90505,
0xffe90505,
0xffe90505,
0xffe90505,
0xffe90505,
0xffe90505,
0xffe90505,
0xffe90505,
0xffe90505,
0xffe90505,
0xffe90505,
0xffe90505,
0xffe90505,
0xffe90505,
0xffe90505,
0xffe90505,
0xffe90505,
0xffe90505,
0xffe90505,
0xffe90505,
0xffe90505,
0xffe90505,
0xffe90505,
0xffe90505,
0xffe90505,
0xffe90505,
0xffe90505,
0xffe90505,
0xffe90505,
0xffe90505,
0xffe90505,
0xffe90505,
0xffe90505,
0xffe90505,
0xffe90505,
0xffe90505,
0xffe90505,
0xffe90505,
0xffe90505,
0xffe90505,
0xffe90505,
0xffe90505,
0xffe90505,
0xffe90505,
0xffe90505,
0xffe90505,
0xffe90505,
0xffe90505,
0xffe90505,
0xffe90505,
0xffe90505,
0xffe90505,
0xffe90505,
0xffe90505,
0xffe90505,
0xffe90505,
0xffe90505,
0xffe90505,
0xffe90505,
0xffe90505,
0xffe90505,
0xffe90505,
0xffe90505,
0xffe90505,
0xffe90505,
0xffe90505,
0xffe90505,
0xffe90505,
0xffe90505,
0xffe90505,
0xffe90505,
0xffe90505,
0xffe90505,
0xffe90505,
0xffe90505,
0xffe90505,
0xffe90505,
0xffe90505,
0xffe90505,
0xffe90505,
0xffe90505,
0xffe90505,
0xffe90505,
0xffe90505,
0xffe90505,
0xffe90505,
0xffe90505,
0xffe90505,
0xffe90505,
0xffe90505,
0xffe90505,
0xffe90505,
0xffe90505,
0xffe90505,
0xffe90505,
0xffe90505,
0xffe90505,
0xffe90505,
0xffe90505,
0xffe90505,
0xffe90505,
0xffe90505,
0xffe90505,
0xffe90505,
0xffe90505,
0xffe90505,
0xffe90505,
0xffe90505,
0xffe90505,
0xffe90505,
0xffe90505,
0xffe90505,
0xffe90505,
0xffe90505,
0xffe90505,
0xffe90505,
0xffe90505,
0xffe90505,
0xffe90505,
0xffe90505,
0xffe90505,
0xffe90505,
0xffe90505,
0xffe90505,
0xffe90505,
0xffe90505,
0xffe90505,
0xffe90505,
0xffe90505,
0xffe90505,
0xffe90505,
0xffe90505,
0xffe90505,
0xffe90505,
0xffe90505,
0xffe90505,
0xffe90505,
0xffe90505,
0xffe90505,
0xffe90505,
0xffe90505,
0xffe90505,
0xffe90505,
0xffe90505,
0xffe90505,
0xffe90505,
0xffe90505,
0xffe90505,
0xffe90505,
0xffe90505,
0xffe90505,
0xffe90505,
0xffe90505,
0xffe90505,
0xffe90505,
0xffe90505,
0xffe90505,
0xffe90505,
0xffe90505,
0xffe90505,
0xffe90505,
0xffe90505,
0xffe90505,
0xffe90505,
0xffe90505,
0xffe90505,
0xffe90505,
0xffe90505,
0xffe90505,
0xffe90505,
0xffe90505,
0xffe90505,
0xffe90505,
0xffe90505,
0xffe90505,
0xffe90505,
0xffe90505,
0xffe90505,
0xffe90505,
0xffe90505,
0xffe90505,
0xffe90505,
0xffe90505,
0xffe90505,
0xffe90505,
0xffe90505,
0xffe90505,
0xffe90505,
0xffe90505,
0xffe90505,
0xffe90505,
0xffe90505,
0xffe90505,
0xffe90505,
0xffe90505,
0xffe90505,
0xffe90505,
0xffe90505,
0xffe90505,
0xffe90505,
0xffe90505,
0xffe90505,
0xffe90505,
0xffe90505,
0xffe90505,
0xffe90505,
0xffe90505,
0xffe90505,
0xffe90505,
0xffe90505,
0xffe90505,
0xffe90505,
0xffe90505,
0xffe90505,
0xffe90505,
0xffe90505,
0xffe90505,
0xffe90505,
0xffe90505,
0xffe90505,
0xffe90505,
0xffe90505,
0xffe90505,
0xffe90505,
0xffe90505,
0xffe90505,
0xffe90505,
0xffe90505,
0xffe90505,
0xffe90505,
0xffe90505,
0xffe90505,
0xffe90505,
0xffe90505,
0xffe90505,
0xffe90505,
0xffe90505,
0xffe90505,
0xffe90505,
0xffe90505,
0xffe90505,
0xffe90505,
0xffe90505,
0xffe90505,
0xffe90505,
0xffe90505,
0xffe90505,
0xffe90505,
0xffe90505,
0xffe90505,
0xffe90505,
0xffe90505,
0xffe90505,
0xffe90505,
0xffe90505,
0xffe90505,
0xffe90505,
0xffe90505,
0xffe90505,
0xffe90505,
0xffe90505,
0xffe90505,
0xffe90505,
0xffe90505,
0xffe90505,
0xffe90505,
0xffe90505,
0xffe90505,
0xffe90505,
0xffe90505,
0xffe90505,
0xffe90505,
0xffe90505,
0xffe90505,
0xffe90505,
0xffe90505,
0xffe90505,
0xffe90505,
0xffe90505,
0xffe90505,
0xffe90505,
0xffe90505,
0xffe90505,
0xffe90505,
0xffe90505,
0xffe90505,
0xffe90505,
0xffe90505,
0xffe90505,
0xffe90505,
0xffe90505,
0xffe90505,
0xffe90505,
0xffe90505,
0xffe90505,
0xffe90505,
0xffe90505,
0xffe90505,
0xffe90505,
0xffe90505,
0xffe90505,
0xffe90505,
0xffe90505,
0xffe90505,
0xffe90505,
0xffe90505,
0xffe90505,
0xffe90505,
0xffe90505,
0xffe90505,
0xffe90505,
0xffe90505,
0xffe90505,
0xffe90505,
0xffe90505,
0xffe90505,
0xffe90505,
0xffe90505,
0xffe90505,
0xffe90505,
0xffe90505,
0xffe90505,
0xffe90505,
0xffe90505,
0xffe90505,
0xffe90505,
0xffe90505,
0xffe90505,
0xffe90505,
0xffe90505,
0xffe90505,
0xffe90505,
0xffe90505,
0xffe90505,
0xffe90505,
0xffe90505,
0xffe90505,
0xffe90505,
0xffe90505,
0xffe90505,
0xffe90505,
0xffe90505,
0xffe90505,
0xffe90505,
0xffe90505,
0xffe90505,
0xffe90505,
0xffe90505,
0xffe90505,
0xffe90505,
0xffe90505,
0xffe90505,
0xffe90505,
0xffe90505,
0xffe90505,
0xffe90505,
0xffe90505,
0xffe90505,
0xffe90505,
0xffe90505,
0xffe90505,
0xffe90505,
0xffe90505,
0xffe90505,
0xffe90505,
0xffe90505,
0xffe90505,
0xffe90505,
0xffe90505,
0xffe90505,
0xffe90505,
0xffe90505,
0xffe90505,
0xffe90505,
0xffe90505,
0xffe90505,
0xffe90505,
0xffe90505,
0xffe90505,
0xffe90505,
0xffe90505,
0xffe90505,
0xffe90505,
0xffe90505,
0xffe90505,
0xffe90505,
0xffe90505,
0xffe90505,
0xffe90505,
0xffe90505,
0xffe90505,
0xffe90505,
0xffe90505,
0xffe90505,
0xffe90505,
0xffe90505,
0xffe90505,
0xffe90505,
0xffe90505,
0xffe90505,
0xffe90505,
0xffe90505,
0xffe90505,
0xffe90505,
0xffe90505,
0xffe90505,
0xffe90505,
0xffe90505,
0xffe90505,
0xffe90505,
0xffe90505,
0xffe90505,
0xffe90505,
0xffe90505,
0xffe90505,
0xffe90505,
0xffe90505,
0xffe90505,
0xffe90505,
0xffe90505,
0xffe90505,
0xffe90505,
0xffe90505,
0xffe90505,
0xffe90505,
0xffe90505,
0xffe90505,
0xffe90505,
0xffe90505,
0xffe90505,
0xffe90505,
0xffe90505,
0xffe90505,
0xffe90505,
0xffe90505,
0xffe90505,
0xffe90505,
0xffe90505,
0xffe90505,
0xffe90505,
0xffe90505,
0xffe90505,
0xffe90505,
0xffe90505,
0xffe90505,
0xffe90505,
0xffe90505,
0xffe90505,
0xffe90505,
0xffe90505,
0xffe90505,
0xffe90505,
0xffe90505,
0xffe90505,
0xffe90505,
0xffe90505,
0xffe90505,
0xffe90505,
0xffe90505,
0xffe90505,
0xffe90505,
0xffe90505,
0xffe90505,
0xffe90505,
0xffe90505,
0xffe90505,
0xffe90505,
0xffe90505,
0xffe90505,
0xffe90505,
0xffe90505,
0xffe90505,
0xffe90505,
0xffe90505,
0xffe90505,
0xffe90505,
0xffe90505,
0xffe90505,
0xffe90505,
0xffe90505,
0xffe90505,
0xffe90505,
0xffe90505,
0xffe90505,
0xffe90505,
0xffe90505,
0xffe90505,
0xffe90505,
0xffe90505,
0xffe90505,
0xffe90505,
0xffe90505,
0xffe90505,
0xffe90505,
0xffe90505,
0xffe90505,
0xffe90505,
0xffe90505,
0xffe90505,
0xffe90505,
0xffe90505,
0xffe90505,
0xffe90505,
0xffe90505,
0xffe90505,
0xffe90505,
0xffe90505,
0xffe90505,
0xffe90505,
0xffe90505,
0xffe90505,
0xffe90505,
0xffe90505,
0xffe90505,
0xffe90505,
0xffe90505,
0xffe90505,
0xffe90505,
0xffe90505,
0xffe90505,
0xffe90505,
0xffe90505,
0xffe90505,
0xffe90505,
0xffe90505,
0xffe90505,
0xffe90505,
0xffe90505,
0xffe90505,
0xffe90505,
0xffe90505,
0xffe90505,
0xffe90505,
0xffe90505,
0xffe90505,
0xffe90505,
0xffe90505,
0xffe90505,
0xffe90505,
0xffe90505,
0xffe90505,
0xffe90505,
0xffe90505,
0xffe90505,
0xffe90505,
0xffe90505,
0xffe90505,
0xffe90505,
0xffe90505,
0xffe90505,
0xffe90505,
0xffe90505,
0xffe90505,
0xffe90505,
0xffe90505,
0xffe90505,
0xffe90505,
0xffe90505,
0xffe90505,
0xffe90505,
0xffe90505,
0xffe90505,
0xffe90505,
0xffe90505,
0xffe90505,
0xffe90505,
0xffe90505,
0xffe90505,
0xffe90505,
0xffe90505,
0xffe90505,
0xffe90505,
0xffe90505,
0xffe90505,
0xffe90505,
0xffe90505,
0xffe90505,
0xffe90505,
0xffe90505,
0xffe90505,
0xffe90505,
0xffe90505,
0xffe90505,
0xffe90505,
0xffe90505,
0xffe90505,
0xffe90505,
0xffe90505,
0xffe90505,
0xffe90505,
0xffe90505,
0xffe90505,
0xffe90505,
0xffe90505,
0xffe90505,
0xffe90505,
0xffe90505,
0xffe90505,
0xffe90505,
0xffe90505,
0xffe90505,
0xffe90505,
0xffe90505,
0xffe90505,
0xffe90505,
0xffe90505,
0xffe90505,
0xffe90505,
0xffe90505,
0xffe90505,
0xffe90505,
0xffe90505,
0xffe90505,
0xffe90505,
0xffe90505,
0xffe90505,
0xffe90505,
0xffe90505,
0xffe90505,
0xffe90505,
0xffe90505,
0xffe90505,
0xffe90505,
0xffe90505,
0xffe90505,
0xffe90505,
0xffe90505,
0xffe90505,
0xffe90505,
0xffe90505,
0xffe90505,
0xffe90505,
0xffe90505,
0xffe90505,
0xffe90505,
0xffe90505,
0xffe90505,
0xffe90505,
0xffe90505,
0xffe90505,
0xffe90505,
0xffe90505,
0xffe90505,
0xffe90505,
0xffe90505,
0xffe90505,
0xffe90505,
0xffe90505,
0xffe90505,
0xffe90505,
0xffe90505,
0xffe90505,
0xffe90505,
0xffe90505,
0xffe90505,
0xffe90505,
0xffe90505,
0xffe90505,
0xffe90505,
0xffe90505,
0xffe90505,
0xffe90505,
0xffe90505,
0xffe90505,
0xffe90505,
0xffe90505,
0xffe90505,
0xffe90505,
0xffe90505,
0xffe90505,
0xffe90505,
0xffe90505,
0xffe90505,
0xffe90505,
0xffe90505,
0xffe90505,
0xffe90505,
0xffe90505,
0xffe90505,
0xffe90505,
0xffe90505,
0xffe90505,
0xffe90505,
0xffe90505,
0xffe90505,
0xffe90505,
0xffe90505,
0xffe90505,
0xffe90505,
0xffe90505,
0xffe90505,
0xffe90505,
0xffe90505,
0xffe90505,
0xffe90505,
0xffe90505,
0xffe90505,
0xffe90505,
0xffe90505,
0xffe90505,
0xffe90505,
0xffe90505,
0xffe90505,
0xffe90505,
0xffe90505,
0xffe90505,
0xffe90505,
0xffe90505,
0xffe90505,
0xffe90505,
0xffe90505,
0xffe90505,
0xffe90505,
0xffe90505,
0xffe90505,
0xffe90505,
0xffe90505,
0xffe90505,
0xffe90505,
0xffe90505,
0xffe90505,
0xffe90505,
0xffe90505,
0xffe90505,
0xffe90505,
0xffe90505,
0xffe90505,
0xffe90505,
0xffe90505,
0xffe90505,
0xffe90505,
0xffe90505,
0xffe90505,
0xffe90505,
0xffe90505,
0xffe90505,
0xffe90505,
0xffe90505,
0xffe90505,
0xffe90505,
0xffe90505,
0xffe90505,
0xffe90505,
0xffe90505,
0xffe90505,
0xffe90505,
0xffe90505,
0xffe90505,
0xffe90505,
0xffe90505,
0xffe90505,
0xffe90505,
0xffe90505,
0xffe90505,
0xffe90505,
0xffe90505,
0xffe90505,
0xffe90505,
0xffe90505,
0xffe90505,
0xffe90505,
0xffe90505,
0xffe90505,
0xffe90505,
0xffe90505,
0xffe90505,
0xffe90505,
0xffe90505,
0xffe90505,
0xffe90505,
0xffe90505,
0xffe90505,
0xffe90505,
0xffe90505,
0xffe90505,
0xffe90505,
0xffe90505,
0xffe90505,
0xffe90505,
0xffe90505,
0xffe90505,
0xffe90505,
0xffe90505,
0xffe90505,
0xffe90505,
0xffe90505,
0xffe90505,
0xffe90505,
0xffe90505,
0xffe90505,
0xffe90505,
0xffe90505,
0xffe90505,
0xffe90505,
0xffe90505,
0xffe90505,
0xffe90505,
0xffe90505,
0xffe90505,
0xffe90505,
0xffe90505,
0xffe90505,
0xffe90505,
0xffe90505,
0xffe90505,
0xffe90505,
0xffe90505,
0xffe90505,
0xffe90505,
0xffe90505,
0xffe90505,
0xffe90505,
0xffe90505,
0xffe90505,
0xffe90505,
0xffe90505,
0xffe90505,
0xffe90505,
0xffe90505,
0xffe90505,
0xffe90505,
0xffe90505,
0xffe90505,
0xffe90505,
0xffe90505,
0xffe90505,
0xffe90505,
0xffe90505,
0xffe90505,
0xffe90505,
0xffe90505,
0xffe90505,
0xffe90505,
0xffe90505,
0xffe90505,
0xffe90505,
0xffe90505,
0xffe90505,
0xffe90505,
0xffe90505,
0xffe90505,
0xffe90505,
0xffe90505,
0xffe90505,
0xffe90505,
0xffe90505,
0xffe90505,
0xffe90505,
0xffe90505,
0xffe90505,
0xffe90505,
0xffe90505,
0xffe90505,
0xffe90505,
0xffe90505,
0xffe90505,
0xffe90505,
0xffe90505,
0xffe90505,
0xffe90505,
0xffe90505,
0xffe90505,
0xffe90505,
0xffe90505,
0xffe90505,
0xffe90505,
0xffe90505,
0xffe90505,
0xffe90505,
0xffe90505,
0xffe90505,
0xffe90505,
0xffe90505,
0xffe90505,
0xffe90505,
0xffe90505,
0xffe90505,
0xffe90505,
0xffe90505,
0xffe90505,
0xffe90505,
0xffe90505,
0xffe90505,
0xffe90505,
0xffe90505,
0xffe90505,
0xffe90505,
0xffe90505,
0xffe90505,
0xffe90505,
0xffe90505,
0xffe90505,
0xffe90505,
0xffe90505,
0xffe90505,
0xffe90505,
0xffe90505,
0xffe90505,
0xffe90505,
0xffe90505,
0xffe90505,
0xffe90505,
0xffe90505,
0xffe90505,
0xffe90505,
0xffe90505,
0xffe90505,
0xffe90505,
0xffe90505,
0xffe90505,
0xffe90505,
0xffe90505,
0xffe90505,
0xffe90505,
0xffe90505,
0xffe90505,
0xffe90505,
0xffe90505,
0xffe90505,
0xffe90505,
0xffe90505,
0xffe90505,
0xffe90505,
0xffe90505,
0xffe90505,
0xffe90505,
0xffe90505,
0xffe90505,
0xffe90505,
0xffe90505,
0xffe90505,
0xffe90505,
0xffe90505,
0xffe90505,
0xffe90505,
0xffe90505,
0xffe90505,
0xffe90505,
0xffe90505,
0xffe90505,
0xffe90505,
0xffe90505,
0xffe90505,
0xffe90505,
0xffe90505,
0xffe90505,
0xffe90505,
0xffe90505,
0xffe90505,
0xffe90505,
0xffe90505,
0xffe90505,
0xffe90505,
0xffe90505,
0xffe90505,
0xffe90505,
0xffe90505,
0xffe90505,
0xffe90505,
0xffe90505,
0xffe90505,
0xffe90505,
0xffe90505,
0xffe90505,
0xffe90505,
0xffe90505,
0xffe90505,
0xffe90505,
0xffe90505,
0xffe90505,
0xffe90505,
0xffe90505,
0xffe90505,
0xffe90505,
0xffe90505,
0xffe90505,
0xffe90505,
0xffe90505,
0xffe90505,
0xffe90505,
0xffe90505,
0xffe90505,
0xffe90505,
0xffe90505,
0xffe90505,
0xffe90505,
0xffe90505,
0xffe90505,
0xffe90505,
0xffe90505,
0xffe90505,
0xffe90505,
0xffe90505,
0xffe90505,
0xffe90505,
0xffe90505,
0xffe90505,
0xffe90505,
0xffe90505,
0xffe90505,
0xffe90505,
0xffe90505,
0xffe90505,
0xffe90505,
0xffe90505,
0xffe90505,
0xffe90505,
0xffe90505,
0xffe90505,
0xffe90505,
0xffe90505,
0xffe90505,
0xffe90505,
0xffe90505,
0xffe90505,
0xffe90505,
0xffe90505,
0xffe90505,
0xffe90505,
0xffe90505,
0xffe90505,
0xffe90505,
0xffe90505,
0xffe90505,
0xffe90505,
0xffe90505,
0xffe90505,
0xffe90505,
0xffe90505,
0xffe90505,
0xffe90505,
0xffe90505,
0xffe90505,
0xffe90505,
0xffe90505,
0xffe90505,
0xffe90505,
0xffe90505,
0xffe90505,
0xffe90505,
0xffe90505,
0xffe90505,
0xffe90505,
0xffe90505,
0xffe90505,
0xffe90505,
0xffe90505,
0xffe90505,
0xffe90505,
0xffe90505,
0xffe90505,
0xffe90505,
0xffe90505,
0xffe90505,
0xffe90505,
0xffe90505,
0xffe90505,
0xffe90505,
0xffe90505,
0xffe90505,
0xffe90505,
0xffe90505,
0xffe90505,
0xffe90505,
0xffe90505,
0xffe90505,
0xffe90505,
0xffe90505,
0xffe90505,
0xffe90505,
0xffe90505,
0xffe90505,
0xffe90505,
0xffe90505,
0xffe90505,
0xffe90505,
0xffe90505,
0xffe90505,
0xffe90505,
0xffe90505,
0xffe90505,
0xffe90505,
0xffe90505,
0xffe90505,
0xffe90505,
0xffe90505,
0xffe90505,
0xffe90505,
0xffe90505,
0xffe90505,
0xffe90505,
0xffe90505,
0xffe90505,
0xffe90505,
0xffe90505,
0xffe90505,
0xffe90505,
0xffe90505,
0xffe90505,
0xffe90505,
0xffe90505,
0xffe90505,
0xffe90505,
0xffe90505,
0xffe90505,
0xffe90505,
0xffe90505,
0xffe90505,
0xffe90505,
0xffe90505,
0xffe90505,
0xffe90505,
0xffe90505,
0xffe90505,
0xffe90505,
0xffe90505,
0xffe90505,
0xffe90505,
0xffe90505,
0xffe90505,
0xffe90505,
0xffe90505,
0xffe90505,
0xffe90505,
0xffe90505,
0xffe90505,
0xffe90505,
0xffe90505,
0xffe90505,
0xffe90505,
0xffe90505,
0xffe90505,
0xffe90505,
0xffe90505,
0xffe90505,
0xffe90505,
0xffe90505,
0xffe90505,
0xffe90505,
0xffe90505,
0xffe90505,
0xffe90505,
0xffe90505,
0xffe90505,
0xffe90505,
0xffe90505,
0xffe90505,
0xffe90505,
0xffe90505,
0xffe90505,
0xffe90505,
0xffe90505,
0xffe90505,
0xffe90505,
0xffe90505,
0xffe90505,
0xffe90505,
0xffe90505,
0xffe90505,
0xffe90505,
0xffe90505,
0xffe90505,
0xffe90505,
0xffe90505,
0xffe90505,
0xffe90505,
0xffe90505,
0xffe90505,
0xffe90505,
0xffe90505,
0xffe90505,
0xffe90505,
0xffe90505,
0xffe90505,
0xffe90505,
0xffe90505,
0xffe90505,
0xffe90505,
0xffe90505,
0xffe90505,
0xffe90505,
0xffe90505,
0xffe90505,
0xffe90505,
0xffe90505,
0xffe90505,
0xffe90505,
0xffe90505,
0xffe90505,
0xffe90505,
0xffe90505,
0xffe90505,
0xffe90505,
0xffe90505,
0xffe90505,
0xffe90505,
0xffe90505,
0xffe90505,
0xffe90505,
0xffe90505,
0xffe90505,
0xffe90505,
0xffe90505,
0xffe90505,
0xffe90505,
0xffe90505,
0xffe90505,
0xffe90505,
0xffe90505,
0xffe90505,
0xffe90505,
0xffe90505,
0xffe90505,
0xffe90505,
0xffe90505,
0xffe90505,
0xffe90505,
0xffe90505,
0xffe90505,
0xffe90505,
0xffe90505,
0xffe90505,
0xffe90505,
0xffe90505,
0xffe90505,
0xffe90505,
0xffe90505,
0xffe90505,
0xffe90505,
0xffe90505,
0xffe90505,
0xffe90505,
0xffe90505,
0xffe90505,
0xffe90505,
0xffe90505,
0xffe90505,
0xffe90505,
0xffe90505,
0xffe90505,
0xffe90505,
0xffe90505,
0xffe90505,
0xffe90505,
0xffe90505,
0xffe90505,
0xffe90505,
0xffe90505,
0xffe90505,
0xffe90505,
0xffe90505,
0xffe90505,
0xffe90505,
0xffe90505,
0xffe90505,
0xffe90505,
0xffe90505,
0xffe90505,
0xffe90505,
0xffe90505,
0xffe90505,
0xffe90505,
0xffe90505,
0xffe90505,
0xffe90505,
0xffe90505,
0xffe90505,
0xffe90505,
0xffe90505,
0xffe90505,
0xffe90505,
0xffe90505,
0xffe90505,
0xffe90505,
0xffe90505,
0xffe90505,
0xffe90505,
0xffe90505,
0xffe90505,
0xffe90505,
0xffe90505,
0xffe90505,
0xffe90505,
0xffe90505,
0xffe90505,
0xffe90505,
0xffe90505,
0xffe90505,
0xffe90505,
0xffe90505,
0xffe90505,
0xffe90505,
0xffe90505,
0xffe90505,
0xffe90505,
0xffe90505,
0xffe90505,
0xffe90505,
0xffe90505,
0xffe90505,
0xffe90505,
0xffe90505,
0xffe90505,
0xffe90505,
0xffe90505,
0xffe90505,
0xffe90505,
0xffe90505,
0xffe90505,
0xffe90505,
0xffe90505,
0xffe90505,
0xffe90505,
0xffe90505,
0xffe90505,
0xffe90505,
0xffe90505,
0xffe90505,
0xffe90505,
0xffe90505,
0xffe90505,
0xffe90505,
0xffe90505,
0xffe90505,
0xffe90505,
0xffe90505,
0xffe90505,
0xffe90505,
0xffe90505,
0xffe90505,
0xffe90505,
0xffe90505,
0xffe90505,
0xffe90505,
0xffe90505,
0xffe90505,
0xffe90505,
0xffe90505,
0xffe90505,
0xffe90505,
0xffe90505,
0xffe90505,
0xffe90505,
0xffe90505,
0xffe90505,
0xffe90505,
0xffe90505,
0xffe90505,
0xffe90505,
0xffe90505,
0xffe90505,
0xffe90505,
0xffe90505,
0xffe90505,
0xffe90505,
0xffe90505,
0xffe90505,
0xffe90505,
0xffe90505,
0xffe90505,
0xffe90505,
0xffe90505,
0xffe90505,
0xffe90505,
0xffe90505,
0xffe90505,
0xffe90505,
0xffe90505,
0xffe90505,
0xffe90505,
0xffe90505,
0xffe90505,
0xffe90505,
0xffe90505,
0xffe90505,
0xffe90505,
0xffe90505,
0xffe90505,
0xffe90505,
0xffe90505,
0xffe90505,
0xffe90505,
0xffe90505,
0xffe90505,
0xffe90505,
0xffe90505,
0xffe90505,
0xffe90505,
0xffe90505,
0xffe90505,
0xffe90505,
0xffe90505,
0xffe90505,
0xffe90505,
0xffe90505,
0xffe90505,
0xffe90505,
0xffe90505,
0xffe90505,
0xffe90505,
0xffe90505,
0xffe90505,
0xffe90505,
0xffe90505,
0xffe90505,
0xffe90505,
0xffe90505,
0xffe90505,
0xffe90505,
0xffe90505,
0xffe90505,
0xffe90505,
0xffe90505,
0xffe90505,
0xffe90505,
0xffe90505,
0xffe90505,
0xffe90505,
0xffe90505,
0xffe90505,
0xffe90505,
0xffe90505,
0xffe90505,
0xffe90505,
0xffe90505,
0xffe90505,
0xffe90505,
0xffe90505,
0xffe90505,
0xffe90505,
0xffe90505,
0xffe90505,
0xffe90505,
0xffe90505,
0xffe90505,
0xffe90505,
0xffe90505,
0xffe90505,
0xffe90505,
0xffe90505,
0xffe90505,
0xffe90505,
0xffe90505,
0xffe90505,
0xffe90505,
0xffe90505,
0xffe90505,
0xffe90505,
0xffe90505,
0xffe90505,
0xffe90505,
0xffe90505,
0xffe90505,
0xffe90505,
0xffe90505,
0xffe90505,
0xffe90505,
0xffe90505,
0xffe90505,
0xffe90505,
0xffe90505,
0xffe90505,
0xffe90505,
0xffe90505,
0xffe90505,
0xffe90505,
0xffe90505,
0xffe90505,
0xffe90505,
0xffe90505,
0xffe90505,
0xffe90505,
0xffe90505,
0xffe90505,
0xffe90505,
0xffe90505,
0xffe90505,
0xffe90505,
0xffe90505,
0xffe90505,
0xffe90505,
0xffe90505,
0xffe90505,
0xffe90505,
0xffe90505,
0xffe90505,
0xffe90505,
0xffe90505,
0xffe90505,
0xffe90505,
0xffe90505,
0xffe90505,
0xffe90505,
0xffe90505,
0xffe90505,
0xffe90505,
0xffe90505,
0xffe90505,
0xffe90505,
0xffe90505,
0xffe90505,
0xffe90505,
0xffe90505,
0xffe90505,
0xffe90505,
0xffe90505,
0xffe90505,
0xffe90505,
0xffe90505,
0xffe90505,
0xffe90505,
0xffe90505,
0xffe90505,
0xffe90505,
0xffe90505,
0xffe90505,
0xffe90505,
0xffe90505,
0xffe90505,
0xffe90505,
0xffe90505,
0xffe90505,
0xffe90505,
0xffe90505,
0xffe90505,
0xffe90505,
0xffe90505,
0xffe90505,
0xffe90505,
0xffe90505,
0xffe90505,
0xffe90505,
0xffe90505,
0xffe90505,
0xffe90505,
0xffe90505,
0xffe90505,
0xffe90505,
0xffe90505,
0xffe90505,
0xffe90505,
0xffe90505,
0xffe90505,
0xffe90505,
0xffe90505,
0xffe90505,
0xffe90505,
0xffe90505,
0xffe90505,
0xffe90505,
0xffe90505,
0xffe90505,
0xffe90505,
0xffe90505,
0xffe90505,
0xffe90505,
0xffe90505,
0xffe90505,
0xffe90505,
0xffe90505,
0xffe90505,
0xffe90505,
0xffe90505,
0xffe90505,
0xffe90505,
0xffe90505,
0xffe90505,
0xffe90505,
0xffe90505,
0xffe90505,
0xffe90505,
0xffe90505,
0xffe90505,
0xffe90505,
0xffe90505,
0xffe90505,
0xffe90505,
0xffe90505,
0xffe90505,
0xffe90505,
0xffe90505,
0xffe90505,
0xffe90505,
0xffe90505,
0xffe90505,
0xffe90505,
0xffe90505,
0xffe90505,
0xffe90505,
0xffe90505,
0xffe90505,
0xffe90505,
0xffe90505,
0xffe90505,
0xffe90505,
0xffe90505,
0xffe90505,
0xffe90505,
0xffe90505,
0xffe90505,
0xffe90505,
0xffe90505,
0xffe90505,
0xffe90505,
0xffe90505,
0xffe90505,
0xffe90505,
0xffe90505,
0xffe90505,
0xffe90505,
0xffe90505,
0xffe90505,
0xffe90505,
0xffe90505,
0xffe90505,
0xffe90505,
0xffe90505,
0xffe90505,
0xffe90505,
0xffe90505,
0xffe90505,
0xffe90505,
0xffe90505,
0xffe90505,
0xffe90505,
0xffe90505,
0xffe90505,
0xffe90505,
0xffe90505,
0xffe90505,
0xffe90505,
0xffe90505,
0xffe90505,
0xffe90505,
0xffe90505,
0xffe90505,
0xffe90505,
0xffe90505,
0xffe90505,
0xffe90505,
0xffe90505,
0xffe90505,
0xffe90505,
0xffe90505,
0xffe90505,
0xffe90505,
0xffe90505,
0xffe90505,
0xffe90505,
0xffe90505,
0xffe90505,
0xffe90505,
0xffe90505,
0xffe90505,
0xffe90505,
0xffe90505,
0xffe90505,
0xffe90505,
0xffe90505,
0xffe90505,
0xffe90505,
0xffe90505,
0xffe90505,
0xffe90505,
0xffe90505,
0xffe90505,
0xffe90505,
0xffe90505,
0xffe90505,
0xffe90505,
0xffe90505,
0xffe90505,
0xffe90505,
0xffe90505,
0xffe90505,
0xffe90505,
0xffe90505,
0xffe90505,
0xffe90505,
0xffe90505,
0xffe90505,
0xffe90505,
0xffe90505,
0xffe90505,
0xffe90505,
0xffe90505,
0xffe90505,
0xffe90505,
0xffe90505,
0xffe90505,
0xffe90505,
0xffe90505,
0xffe90505,
0xffe90505,
0xffe90505,
0xffe90505,
0xffe90505,
0xffe90505,
0xffe90505,
0xffe90505,
0xffe90505,
0xffe90505,
0xffe90505,
0xffe90505,
0xffe90505,
0xffe90505,
0xffe90505,
0xffe90505,
0xffe90505,
0xffe90505,
0xffe90505,
0xffe90505,
0xffe90505,
0xffe90505,
0xffe90505,
0xffe90505,
0xffe90505,
0xffe90505,
0xffe90505,
0xffe90505,
0xffe90505,
0xffe90505,
0xffe90505,
0xffe90505,
0xffe90505,
0xffe90505,
0xffe90505,
0xffe90505,
0xffe90505,
0xffe90505,
0xffe90505,
0xffe90505,
0xffe90505,
0xffe90505,
0xffe90505,
0xffe90505,
0xffe90505,
0xffe90505,
0xffe90505,
0xffe90505,
0xffe90505,
0xffe90505,
0xffe90505,
0xffe90505,
0xffe90505,
0xffe90505,
0xffe90505,
0xffe90505,
0xffe90505,
0xffe90505,
0xffe90505,
0xffe90505,
0xffe90505,
0xffe90505,
0xffe90505,
0xffe90505,
0xffe90505,
0xffe90505,
0xffe90505,
0xffe90505,
0xffe90505,
0xffe90505,
0xffe90505,
0xffe90505,
0xffe90505,
0xffe90505,
0xffe90505,
0xffe90505,
0xffe90505,
0xffe90505,
0xffe90505,
0xffe90505,
0xffe90505,
0xffe90505,
0xffe90505,
0xffe90505,
0xffe90505,
0xffe90505,
0xffe90505,
0xffe90505,
0xffe90505,
0xffe90505,
0xffe90505,
0xffe90505,
0xffe90505,
0xffe90505,
0xffe90505,
0xffe90505,
0xffe90505,
0xffe90505,
0xffe90505,
0xffe90505,
0xffe90505,
0xffe90505,
0xffe90505,
0xffe90505,
0xffe90505,
0xffe90505,
0xffe90505,
0xffe90505,
0xffe90505,
0xffe90505,
0xffe90505,
0xffe90505,
0xffe90505,
0xffe90505,
0xffe90505,
0xffe90505,
0xffe90505,
0xffe90505,
0xffe90505,
0xffe90505,
0xffe90505,
0xffe90505,
0xffe90505,
0xffe90505,
0xffe90505,
0xffe90505,
0xffe90505,
0xffe90505,
0xffe90505,
0xffe90505,
0xffe90505,
0xffe90505,
0xffe90505,
0xffe90505,
0xffe90505,
0xffe90505,
0xffe90505,
0xffe90505,
0xffe90505,
0xffe90505,
0xffe90505,
0xffe90505,
0xffe90505,
0xffe90505,
0xffe90505,
0xffe90505,
0xffe90505,
0xffe90505,
0xffe90505,
0xffe90505,
0xffe90505,
0xffe90505,
0xffe90505,
0xffe90505,
0xffe90505,
0xffe90505,
0xffe90505,
0xffe90505,
0xffe90505,
0xffe90505,
0xffe90505,
0xffe90505,
0xffe90505,
0xffe90505,
0xffe90505,
0xffe90505,
0xffe90505,
0xffe90505,
0xffe90505,
0xffe90505,
0xffe90505,
0xffe90505,
0xffe90505,
0xffe90505,
0xffe90505,
0xffe90505,
0xffe90505,
0xffe90505,
0xffe90505,
0xffe90505,
0xffe90505,
0xffe90505,
0xffe90505,
0xffe90505,
0xffe90505,
0xffe90505,
0xffe90505,
0xffe90505,
0xffe90505,
0xffe90505,
0xffe90505,
0xffe90505,
0xffe90505,
0xffe90505,
0xffe90505,
0xffe90505,
0xffe90505,
0xffe90505,
0xffe90505,
0xffe90505,
0xffe90505,
0xffe90505,
0xffe90505,
0xffe90505,
0xffe90505,
0xffe90505,
0xffe90505,
0xffe90505,
0xffe90505,
0xffe90505,
0xffe90505,
0xffe90505,
0xffe90505,
0xffe90505,
0xffe90505,
0xffe90505,
0xffe90505,
0xffe90505,
0xffe90505,
0xffe90505,
0xffe90505,
0xffe90505,
0xffe90505,
0xffe90505,
0xffe90505,
0xffe90505,
0xffe90505,
0xffe90505,
0xffe90505,
0xffe90505,
0xffe90505,
0xffe90505,
0xffe90505,
0xffe90505,
0xffe90505,
0xffe90505,
0xffe90505,
0xffe90505,
0xffe90505,
0xffe90505,
0xffe90505,
0xffe90505,
0xffe90505,
0xffe90505,
0xffe90505,
0xffe90505,
0xffe90505,
0xffe90505,
0xffe90505,
0xffe90505,
0xffe90505,
0xffe90505,
0xffe90505,
0xffe90505,
0xffe90505,
0xffe90505,
0xffe90505,
0xffe90505,
0xffe90505,
0xffe90505,
0xffe90505,
0xffe90505,
0xffe90505,
0xffe90505,
0xffe90505,
0xffe90505,
0xffe90505,
0xffe90505,
0xffe90505,
0xffe90505,
0xffe90505,
0xffe90505,
0xffe90505,
0xffe90505,
0xffe90505,
0xffe90505,
0xffe90505,
0xffe90505,
0xffe90505,
0xffe90505,
0xffe90505,
0xffe90505,
0xffe90505,
0xffe90505,
0xffe90505,
0xffe90505,
0xffe90505,
0xffe90505,
0xffe90505,
0xffe90505,
0xffe90505,
0xffe90505,
0xffe90505,
0xffe90505,
0xffe90505,
0xffe90505,
0xffe90505,
0xffe90505,
0xffe90505,
0xffe90505,
0xffe90505,
0xffe90505,
0xffe90505,
0xffe90505,
0xffe90505,
0xffe90505,
0xffe90505,
0xffe90505,
0xffe90505,
0xffe90505,
0xffe90505,
0xffe90505,
0xffe90505,
0xffe90505,
0xffe90505,
0xffe90505,
0xffe90505,
0xffe90505,
0xffe90505,
0xffe90505,
0xffe90505,
0xffe90505,
0xffe90505,
0xffe90505,
0xffe90505,
0xffe90505,
0xffe90505,
0xffe90505,
0xffe90505,
0xffe90505,
0xffe90505,
0xffe90505,
0xffe90505,
0xffe90505,
0xffe90505,
0xffe90505,
0xffe90505,
0xffe90505,
0xffe90505,
0xffe90505,
0xffe90505,
0xffe90505,
0xffe90505,
0xffe90505,
0xffe90505,
0xffe90505,
0xffe90505,
0xffe90505,
0xffe90505,
0xffe90505,
0xffe90505,
0xffe90505,
0xffe90505,
0xffe90505,
0xffe90505,
0xffe90505,
0xffe90505,
0xffe90505,
0xffe90505,
0xffe90505,
0xffe90505,
0xffe90505,
0xffe90505,
0xffe90505,
0xffe90505,
0xffe90505,
0xffe90505,
0xffe90505,
0xffe90505,
0xffe90505,
0xffe90505,
0xffe90505,
0xffe90505,
0xffe90505,
0xffe90505,
0xffe90505,
0xffe90505,
0xffe90505,
0xffe90505,
0xffe90505,
0xffe90505,
0xffe90505,
0xffe90505,
0xffe90505,
0xffe90505,
0xffe90505,
0xffe90505,
0xffe90505,
0xffe90505,
0xffe90505,
0xffe90505,
0xffe90505,
0xffe90505,
0xffe90505,
0xffe90505,
0xffe90505,
0xffe90505,
0xffe90505,
0xffe90505,
0xffe90505,
0xffe90505,
0xffe90505,
0xffe90505,
0xffe90505,
0xffe90505,
0xffe90505,
0xffe90505,
0xffe90505,
0xffe90505,
0xffe90505,
0xffe90505,
0xffe90505,
0xffe90505,
0xffe90505,
0xffe90505,
0xffe90505,
0xffe90505,
0xffe90505,
0xffe90505,
0xffe90505,
0xffe90505,
0xffe90505,
0xffe90505,
0xffe90505,
0xffe90505,
0xffe90505,
0xffe90505,
0xffe90505,
0xffe90505,
0xffe90505,
0xffe90505,
0xffe90505,
0xffe90505,
0xffe90505,
0xffe90505,
0xffe90505,
0xffe90505,
0xffe90505,
0xffe90505,
0xffe90505,
0xffe90505,
0xffe90505,
0xffe90505,
0xffe90505,
0xffe90505,
0xffe90505,
0xffe90505,
0xffe90505,
0xffe90505,
0xffe90505,
0xffe90505,
0xffe90505,
0xffe90505,
0xffe90505,
0xffe90505,
0xffe90505,
0xffe90505,
0xffe90505,
0xffe90505,
0xffe90505,
0xffe90505,
0xffe90505,
0xffe90505,
0xffe90505,
0xffe90505,
0xffe90505,
0xffe90505,
0xffe90505,
0xffe90505,
0xffe90505,
0xffe90505,
0xffe90505,
0xffe90505,
0xffe90505,
0xffe90505,
0xffe90505,
0xffe90505,
0xffe90505,
0xffe90505,
0xffe90505,
0xffe90505,
0xffe90505,
0xffe90505,
0xffe90505,
0xffe90505,
0xffe90505,
0xffe90505,
0xffe90505,
0xffe90505,
0xffe90505,
0xffe90505,
0xffe90505,
0xffe90505,
0xffe90505,
0xffe90505,
0xffe90505,
0xffe90505,
0xffe90505,
0xffe90505,
0xffe90505,
0xffe90505,
0xffe90505,
0xffe90505,
0xffe90505,
0xffe90505,
0xffe90505,
0xffe90505,
0xffe90505,
0xffe90505,
0xffe90505,
0xffe90505,
0xffe90505,
0xffe90505,
0xffe90505,
0xffe90505,
0xffe90505,
0xffe90505,
0xffe90505,
0xffe90505,
0xffe90505,
0xffe90505,
0xffe90505,
0xffe90505,
0xffe90505,
0xffe90505,
0xffe90505,
0xffe90505,
0xffe90505,
0xffe90505,
0xffe90505,
0xffe90505,
0xffe90505,
0xffe90505,
0xffe90505,
0xffe90505,
0xffe90505,
0xffe90505,
0xffe90505,
0xffe90505,
0xffe90505,
0xffe90505,
0xffe90505,
0xffe90505,
0xffe90505,
0xffe90505,
0xffe90505,
0xffe90505,
0xffe90505,
0xffe90505,
0xffe90505,
0xffe90505,
0xffe90505,
0xffe90505,
0xffe90505,
0xffe90505,
0xffe90505,
0xffe90505,
0xffe90505,
0xffe90505,
0xffe90505,
0xffe90505,
0xffe90505,
0xffe90505,
0xffe90505,
0xffe90505,
0xffe90505,
0xffe90505,
0xffe90505,
0xffe90505,
0xffe90505,
0xffe90505,
0xffe90505,
0xffe90505,
0xffe90505,
0xffe90505,
0xffe90505,
0xffe90505,
0xffe90505,
0xffe90505,
0xffe90505,
0xffe90505,
0xffe90505,
0xffe90505,
0xffe90505,
0xffe90505,
0xffe90505,
0xffe90505,
0xffe90505,
0xffe90505,
0xffe90505,
0xffe90505,
0xffe90505,
0xffe90505,
0xffe90505,
0xffe90505,
0xffe90505,
0xffe90505,
0xffe90505,
0xffe90505,
0xffe90505,
0xffe90505,
0xffe90505,
0xffe90505,
0xffe90505,
0xffe90505,
0xffe90505,
0xffe90505,
0xffe90505,
0xffe90505,
0xffe90505,
0xffe90505,
0xffe90505,
0xffe90505,
0xffe90505,
0xffe90505,
0xffe90505,
0xffe90505,
0xffe90505,
0xffe90505,
0xffe90505,
0xffe90505,
0xffe90505,
0xffe90505,
0xffe90505,
0xffe90505,
0xffe90505,
0xffe90505,
0xffe90505,
0xffe90505,
0xffe90505,
0xffe90505,
0xffe90505,
0xffe90505,
0xffe90505,
0xffe90505,
0xffe90505,
0xffe90505,
0xffe90505,
0xffe90505,
0xffe90505,
0xffe90505,
0xffe90505,
0xffe90505,
0xffe90505,
0xffe90505,
0xffe90505,
0xffe90505,
0xffe90505,
0xffe90505,
0xffe90505,
0xffe90505,
0xffe90505,
0xffe90505,
0xffe90505,
0xffe90505,
0xffe90505,
0xffe90505,
0xffe90505,
0xffe90505,
0xffe90505,
0xffe90505,
0xffe90505,
0xffe90505,
0xffe90505,
0xffe90505,
0xffe90505,
0xffe90505,
0xffe90505,
0xffe90505,
0xffe90505,
0xffe90505,
0xffe90505,
0xffe90505,
0xffe90505,
0xffe90505,
0xffe90505,
0xffe90505,
0xffe90505,
0xffe90505,
0xffe90505,
0xffe90505,
0xffe90505,
0xffe90505,
0xffe90505,
0xffe90505,
0xffe90505,
0xffe90505,
0xffe90505,
0xffe90505,
0xffe90505,
0xffe90505,
0xffe90505,
0xffe90505,
0xffe90505,
0xffe90505,
0xffe90505,
0xffe90505,
0xffe90505,
0xffe90505,
0xffe90505,
0xffe90505,
0xffe90505,
0xffe90505,
0xffe90505,
0xffe90505,
0xffe90505,
0xffe90505,
0xffe90505,
0xffe90505,
0xffe90505,
0xffe90505,
0xffe90505,
0xffe90505,
0xffe90505,
0xffe90505,
0xffe90505,
0xffe90505,
0xffe90505,
0xffe90505,
0xffe90505,
0xffe90505,
0xffe90505,
0xffe90505,
0xffe90505,
0xffe90505,
0xffe90505,
0xffe90505,
0xffe90505,
0xffe90505,
0xffe90505,
0xffe90505,
0xffe90505,
0xffe90505,
0xffe90505,
0xffe90505,
0xffe90505,
0xffe90505,
0xffe90505,
0xffe90505,
0xffe90505,
0xffe90505,
0xffe90505,
0xffe90505,
0xffe90505,
0xffe90505,
0xffe90505,
0xffe90505,
0xffe90505,
0xffe90505,
0xffe90505,
0xffe90505,
0xffe90505,
0xffe90505,
0xffe90505,
0xffe90505,
0xffe90505,
0xffe90505,
0xffe90505,
0xffe90505,
0xffe90505,
0xffe90505,
0xffe90505,
0xffe90505,
0xffe90505,
0xffe90505,
0xffe90505,
0xffe90505,
0xffe90505,
0xffe90505,
0xffe90505,
0xffe90505,
0xffe90505,
0xffe90505,
0xffe90505,
0xffe90505,
0xffe90505,
0xffe90505,
0xffe90505,
0xffe90505,
0xffe90505,
0xffe90505,
0xffe90505,
0xffe90505,
0xffe90505,
0xffe90505,
0xffe90505,
0xffe90505,
0xffe90505,
0xffe90505,
0xffe90505,
0xffe90505,
0xffe90505,
0xffe90505,
0xffe90505,
0xffe90505,
0xffe90505,
0xffe90505,
0xffe90505,
0xffe90505,
0xffe90505,
0xffe90505,
0xffe90505,
0xffe90505,
0xffe90505,
0xffe90505,
0xffe90505,
0xffe90505,
0xffe90505,
0xffe90505,
0xffe90505,
0xffe90505,
0xffe90505,
0xffe90505,
0xffe90505,
0xffe90505,
0xffe90505,
0xffe90505,
0xffe90505,
0xffe90505,
0xffe90505,
0xffe90505,
0xffe90505,
0xffe90505,
0xffe90505,
0xffe90505,
0xffe90505,
0xffe90505,
0xffe90505,
0xffe90505,
0xffe90505,
0xffe90505,
0xffe90505,
0xffe90505,
0xffe90505,
0xffe90505,
0xffe90505,
0xffe90505,
0xffe90505,
0xffe90505,
0xffe90505,
0xffe90505,
0xffe90505,
0xffe90505,
0xffe90505,
0xffe90505,
0xffe90505,
0xffe90505,
0xffe90505,
0xffe90505,
0xffe90505,
0xffe90505,
0xffe90505,
0xffe90505,
0xffe90505,
0xffe90505,
0xffe90505,
0xffe90505,
0xffe90505,
0xffe90505,
0xffe90505,
0xffe90505,
0xffe90505,
0xffe90505,
0xffe90505,
0xffe90505,
0xffe90505,
0xffe90505,
0xffe90505,
0xffe90505,
0xffe90505,
0xffe90505,
0xffe90505,
0xffe90505,
0xffe90505,
0xffe90505,
0xffe90505,
0xffe90505,
0xffe90505,
0xffe90505,
0xffe90505,
0xffe90505,
0xffe90505,
0xffe90505,
0xffe90505,
0xffe90505,
0xffe90505,
0xffe90505,
0xffe90505,
0xffe90505,
0xffe90505,
0xffe90505,
0xffe90505,
0xffe90505,
0xffe90505,
0xffe90505,
0xffe90505,
0xffe90505,
0xffe90505,
0xffe90505,
0xffe90505,
0xffe90505,
0xffe90505,
0xffe90505,
0xffe90505,
0xffe90505,
0xffe90505,
0xffe90505,
0xffe90505,
0xffe90505,
0xffe90505,
0xffe90505,
0xffe90505,
0xffe90505,
0xffe90505,
0xffe90505,
0xffe90505,
0xffe90505,
0xffe90505,
0xffe90505,
0xffe90505,
0xffe90505,
0xffe90505,
0xffe90505,
0xffe90505,
0xffe90505,
0xffe90505,
0xffe90505,
0xffe90505,
0xffe90505,
0xffe90505,
0xffe90505,
0xffe90505,
0xffe90505,
0xffe90505,
0xffe90505,
0xffe90505,
0xffe90505,
0xffe90505,
0xffe90505,
0xffe90505,
0xffe90505,
0xffe90505,
0xffe90505,
0xffe90505,
0xffe90505,
0xffe90505,
0xffe90505,
0xffe90505,
0xffe90505,
0xffe90505,
0xffe90505,
0xffe90505,
0xffe90505,
0xffe90505,
0xffe90505,
0xffe90505,
0xffe90505,
0xffe90505,
0xffe90505,
0xffe90505,
0xffe90505,
0xffe90505,
0xffe90505,
0xffe90505,
0xffe90505,
0xffe90505,
0xffe90505,
0xffe90505,
0xffe90505,
0xffe90505,
0xffe90505,
0xffe90505,
0xffe90505,
0xffe90505,
0xffe90505,
0xffe90505,
0xffe90505,
0xffe90505,
0xffe90505,
0xffe90505,
0xffe90505,
0xffe90505,
0xffe90505,
0xffe90505,
0xffe90505,
0xffe90505,
0xffe90505,
0xffe90505,
0xffe90505,
0xffe90505,
0xffe90505,
0xffe90505,
0xffe90505,
0xffe90505,
0xffe90505,
0xffe90505,
0xffe90505,
0xffe90505,
0xffe90505,
0xffe90505,
0xffe90505,
0xffe90505,
0xffe90505,
0xffe90505,
0xffe90505,
0xffe90505,
0xffe90505,
0xffe90505,
0xffe90505,
0xffe90505,
0xffe90505,
0xffe90505,
0xffe90505,
0xffe90505,
0xffe90505,
0xffe90505,
0xffe90505,
0xffe90505,
0xffe90505,
0xffe90505,
0xffe90505,
0xffe90505,
0xffe90505,
0xffe90505,
0xffe90505,
0xffe90505,
0xffe90505,
0xffe90505,
0xffe90505,
0xffe90505,
0xffe90505,
0xffe90505,
0xffe90505,
0xffe90505,
0xffe90505,
0xffe90505,
0xffe90505,
0xffe90505,
0xffe90505,
0xffe90505,
0xffe90505,
0xffe90505,
0xffe90505,
0xffe90505,
0xffe90505,
0xffe90505,
0xffe90505,
0xffe90505,
0xffe90505,
0xffe90505,
0xffe90505,
0xffe90505,
0xffe90505,
0xffe90505,
0xffe90505,
0xffe90505,
0xffe90505,
0xffe90505,
0xffe90505,
0xffe90505,
0xffe90505,
0xffe90505,
0xffe90505,
0xffe90505,
0xffe90505,
0xffe90505,
0xffe90505,
0xffe90505,
0xffe90505,
0xffe90505,
0xffe90505,
0xffe90505,
0xffe90505,
0xffe90505,
0xffe90505,
0xffe90505,
0xffe90505,
0xffe90505,
0xffe90505,
0xffe90505,
0xffe90505,
0xffe90505,
0xffe90505,
0xffe90505,
0xffe90505,
0xffe90505,
0xffe90505,
0xffe90505,
0xffe90505,
0xffe90505,
0xffe90505,
0xffe90505,
0xffe90505,
0xffe90505,
0xffe90505,
0xffe90505,
0xffe90505,
0xffe90505,
0xffe90505,
0xffe90505,
0xffe90505,
0xffe90505,
0xffe90505,
0xffe90505,
0xffe90505,
0xffe90505,
0xffe90505,
0xffe90505,
0xffe90505,
0xffe90505,
0xffe90505,
0xffe90505,
0xffe90505,
0xffe90505,
0xffe90505,
0xffe90505,
0xffe90505,
0xffe90505,
0xffe90505,
0xffe90505,
0xffe90505,
0xffe90505,
0xffe90505,
0xffe90505,
0xffe90505,
0xffe90505,
0xffe90505,
0xffe90505,
0xffe90505,
0xffe90505,
0xffe90505,
0xffe90505,
0xffe90505,
0xffe90505,
0xffe90505,
0xffe90505,
0xffe90505,
0xffe90505,
0xffe90505,
0xffe90505,
0xffe90505,
0xffe90505,
0xffe90505,
0xffe90505,
0xffe90505,
0xffe90505,
0xffe90505,
0xffe90505,
0xffe90505,
0xffe90505,
0xffe90505,
0xffe90505,
0xffe90505,
0xffe90505,
0xffe90505,
0xffe90505,
0xffe90505,
0xffe90505,
0xffe90505,
0xffe90505,
0xffe90505,
0xffe90505,
0xffe90505,
0xffe90505,
0xffe90505,
0xffe90505,
0xffe90505,
0xffe90505,
0xffe90505,
0xffe90505,
0xffe90505,
0xffe90505,
0xffe90505,
0xffe90505,
0xffe90505,
0xffe90505,
0xffe90505,
0xffe90505,
0xffe90505,
0xffe90505,
0xffe90505,
0xffe90505,
0xffe90505,
0xffe90505,
0xffe90505,
0xffe90505,
0xffe90505,
0xffe90505,
0xffe90505,
0xffe90505,
0xffe90505,
0xffe90505,
0xffe90505,
0xffe90505,
0xffe90505,
0xffe90505,
0xffe90505,
0xffe90505,
0xffe90505,
0xffe90505,
0xffe90505,
0xffe90505,
0xffe90505,
0xffe90505,
0xffe90505,
0xffe90505,
0xffe90505,
0xffe90505,
0xffe90505,
0xffe90505,
0xffe90505,
0xffe90505,
0xffe90505,
0xffe90505,
0xffe90505,
0xffe90505,
0xffe90505,
0xffe90505,
0xffe90505,
0xffe90505,
0xffe90505,
0xffe90505,
0xffe90505,
0xffe90505,
0xffe90505,
0xffe90505,
0xffe90505,
0xffe90505,
0xffe90505,
0xffe90505,
0xffe90505,
0xffe90505,
0xffe90505,
0xffe90505,
0xffe90505,
0xffe90505,
0xffe90505,
0xffe90505,
0xffe90505,
0xffe90505,
0xffe90505,
0xffe90505,
0xffe90505,
0xffe90505,
0xffe90505,
0xffe90505,
0xffe90505,
0xffe90505,
0xffe90505,
0xffe90505,
0xffe90505,
0xffe90505,
0xffe90505,
0xffe90505,
0xffe90505,
0xffe90505,
0xffe90505,
0xffe90505,
0xffe90505,
0xffe90505,
0xffe90505,
0xffe90505,
0xffe90505,
0xffe90505,
0xffe90505,
0xffe90505,
0xffe90505,
0xffe90505,
0xffe90505,
0xffe90505,
0xffe90505,
0xffe90505,
0xffe90505,
0xffe90505,
0xffe90505,
0xffe90505,
0xffe90505,
0xffe90505,
0xffe90505,
0xffe90505,
0xffe90505,
0xffe90505,
0xffe90505,
0xffe90505,
0xffe90505,
0xffe90505,
0xffe90505,
0xffe90505,
0xffe90505,
0xffe90505,
0xffe90505,
0xffe90505,
0xffe90505,
0xffe90505,
0xffe90505,
0xffe90505,
0xffe90505,
0xffe90505,
0xffe90505,
0xffe90505,
0xffe90505,
0xffe90505,
0xffe90505,
0xffe90505,
0xffe90505,
0xffe90505,
0xffe90505,
0xffe90505,
0xffe90505,
0xffe90505,
0xffe90505,
0xffe90505,
0xffe90505,
0xffe90505,
0xffe90505,
0xffe90505,
0xffe90505,
0xffe90505,
0xffe90505,
0xffe90505,
0xffe90505,
0xffe90505,
0xffe90505,
0xffe90505,
0xffe90505,
0xffe90505,
0xffe90505,
0xffe90505,
0xffe90505,
0xffe90505,
0xffe90505,
0xffe90505,
0xffe90505,
0xffe90505,
0xffe90505,
0xffe90505,
0xffe90505,
0xffe90505,
0xffe90505,
0xffe90505,
0xffe90505,
0xffe90505,
0xffe90505,
0xffe90505,
0xffe90505,
0xffe90505,
0xffe90505,
0xffe90505,
0xffe90505,
0xffe90505,
0xffe90505,
0xffe90505,
0xffe90505,
0xffe90505,
0xffe90505,
0xffe90505,
0xffe90505,
0xffe90505,
0xffe90505,
0xffe90505,
0xffe90505,
0xffe90505,
0xffe90505,
0xffe90505,
0xffe90505,
0xffe90505,
0xffe90505,
0xffe90505,
0xffe90505,
0xffe90505,
0xffe90505,
0xffe90505,
0xffe90505,
0xffe90505,
0xffe90505,
0xffe90505,
0xffe90505,
0xffe90505,
0xffe90505,
0xffe90505,
0xffe90505,
0xffe90505,
0xffe90505,
0xffe90505,
0xffe90505,
0xffe90505,
0xffe90505,
0xffe90505,
0xffe90505,
0xffe90505,
0xffe90505,
0xffe90505,
0xffe90505,
0xffe90505,
0xffe90505,
0xffe90505,
0xffe90505,
0xffe90505,
0xffe90505,
0xffe90505,
0xffe90505,
0xffe90505,
0xffe90505,
0xffe90505,
0xffe90505,
0xffe90505,
0xffe90505,
0xffe90505,
0xffe90505,
0xffe90505,
0xffe90505,
0xffe90505,
0xffe90505,
0xffe90505,
0xffe90505,
0xffe90505,
0xffe90505,
0xffe90505,
0xffe90505,
0xffe90505,
0xffe90505,
0xffe90505,
0xffe90505,
0xffe90505,
0xffe90505,
0xffe90505,
0xffe90505,
0xffe90505,
0xffe90505,
0xffe90505,
0xffe90505,
0xffe90505,
0xffe90505,
0xffe90505,
0xffe90505,
0xffe90505,
0xffe90505,
0xffe90505,
0xffe90505,
0xffe90505,
0xffe90505,
0xffe90505,
0xffe90505,
0xffe90505,
0xffe90505,
0xffe90505,
0xffe90505,
0xffe90505,
0xffe90505,
0xffe90505,
0xffe90505,
0xffe90505,
0xffe90505,
0xffe90505,
0xffe90505,
0xffe90505,
0xffe90505,
0xffe90505,
0xffe90505,
0xffe90505,
0xffe90505,
0xffe90505,
0xffe90505,
0xffe90505,
0xffe90505,
0xffe90505,
0xffe90505,
0xffe90505,
0xffe90505,
0xffe90505,
0xffe90505,
0xffe90505,
0xffe90505,
0xffe90505,
0xffe90505,
0xffe90505,
0xffe90505,
0xffe90505,
0xffe90505,
0xffe90505,
0xffe90505,
0xffe90505,
0xffe90505,
0xffe90505,
0xffe90505,
0xffe90505,
0xffe90505,
0xffe90505,
0xffe90505,
0xffe90505,
0xffe90505,
0xffe90505,
0xffe90505,
0xffe90505,
0xffe90505,
0xffe90505,
0xffe90505,
0xffe90505,
0xffe90505,
0xffe90505,
0xffe90505,
0xffe90505,
0xffe90505,
0xffe90505,
0xffe90505,
0xffe90505,
0xffe90505,
0xffe90505,
0xffe90505,
0xffe90505,
0xffe90505,
0xffe90505,
0xffe90505,
0xffe90505,
0xffe90505,
0xffe90505,
0xffe90505,
0xffe90505,
0xffe90505,
0xffe90505,
0xffe90505,
0xffe90505,
0xffe90505,
0xffe90505,
0xffe90505,
0xffe90505,
0xffe90505,
0xffe90505,
0xffe90505,
0xffe90505,
0xffe90505,
0xffe90505,
0xffe90505,
0xffe90505,
0xffe90505,
0xffe90505,
0xffe90505,
0xffe90505,
0xffe90505,
0xffe90505,
0xffe90505,
0xffe90505,
0xffe90505,
0xffe90505,
0xffe90505,
0xffe90505,
0xffe90505,
0xffe90505,
0xffe90505,
0xffe90505,
0xffe90505,
0xffe90505,
0xffe90505,
0xffe90505,
0xffe90505,
0xffe90505,
0xffe90505,
0xffe90505,
0xffe90505,
0xffe90505,
0xffe90505,
0xffe90505,
0xffe90505,
0xffe90505,
0xffe90505,
0xffe90505,
0xffe90505,
0xffe90505,
0xffe90505,
0xffe90505,
0xffe90505,
0xffe90505,
0xffe90505,
0xffe90505,
0xffe90505,
0xffe90505,
0xffe90505,
0xffe90505,
0xffe90505,
0xffe90505,
0xffe90505,
0xffe90505,
0xffe90505,
0xffe90505,
0xffe90505,
0xffe90505,
0xffe90505,
0xffe90505,
0xffe90505,
0xffe90505,
0xffe90505,
0xffe90505,
0xffe90505,
0xffe90505,
0xffe90505,
0xffe90505,
0xffe90505,
0xffe90505,
0xffe90505,
0xffe90505,
0xffe90505,
0xffe90505,
0xffe90505,
0xffe90505,
0xffe90505,
0xffe90505,
0xffe90505,
0xffe90505,
0xffe90505,
0xffe90505,
0xffe90505,
0xffe90505,
0xffe90505,
0xffe90505,
0xffe90505,
0xffe90505,
0xffe90505,
0xffe90505,
0xffe90505,
0xffe90505,
0xffe90505,
0xffe90505,
0xffe90505,
0xffe90505,
0xffe90505,
0xffe90505,
0xffe90505,
0xffe90505,
0xffe90505,
0xffe90505,
0xffe90505,
0xffe90505,
0xffe90505,
0xffe90505,
0xffe90505,
0xffe90505,
0xffe90505,
0xffe90505,
0xffe90505,
0xffe90505,
0xffe90505,
0xffe90505,
0xffe90505,
0xffe90505,
0xffe90505,
0xffe90505,
0xffe90505,
0xffe90505,
0xffe90505,
0xffe90505,
0xffe90505,
0xffe90505,
0xffe90505,
0xffe90505,
0xffe90505,
0xffe90505,
0xffe90505,
0xffe90505,
0xffe90505,
0xffe90505,
0xffe90505,
0xffe90505,
0xffe90505,
0xffe90505,
0xffe90505,
0xffe90505,
0xffe90505,
0xffe90505,
0xffe90505,
0xffe90505,
0xffe90505,
0xffe90505,
0xffe90505,
0xffe90505,
0xffe90505,
0xffe90505,
0xffe90505,
0xffe90505,
0xffe90505,
0xffe90505,
0xffe90505,
0xffe90505,
0xffe90505,
0xffe90505,
0xffe90505,
0xffe90505,
0xffe90505,
0xffe90505,
0xffe90505,
0xffe90505,
0xffe90505,
0xffe90505,
0xffe90505,
0xffe90505,
0xffe90505,
0xffe90505,
0xffe90505,
0xffe90505,
0xffe90505,
0xffe90505,
0xffe90505,
0xffe90505,
0xffe90505,
0xffe90505,
0xffe90505,
0xffe90505,
0xffe90505,
0xffe90505,
0xffe90505,
0xffe90505,
0xffe90505,
0xffe90505,
0xffe90505,
0xffe90505,
0xffe90505,
0xffe90505,
0xffe90505,
0xffe90505,
0xffe90505,
0xffe90505,
0xffe90505,
0xffe90505,
0xffe90505,
0xffe90505,
0xffe90505,
0xffe90505,
0xffe90505,
0xffe90505,
0xffe90505,
0xffe90505,
0xffe90505,
0xffe90505,
0xffe90505,
0xffe90505,
0xffe90505,
0xffe90505,
0xffe90505,
0xffe90505,
0xffe90505,
0xffe90505,
0xffe90505,
0xffe90505,
0xffe90505,
0xffe90505,
0xffe90505,
0xffe90505,
0xffe90505,
0xffe90505,
0xffe90505,
0xffe90505,
0xffe90505,
0xffe90505,
0xffe90505,
0xffe90505,
0xffe90505,
0xffe90505,
0xffe90505,
0xffe90505,
0xffe90505,
0xffe90505,
0xffe90505,
0xffe90505,
0xffe90505,
0xffe90505,
0xffe90505,
0xffe90505,
0xffe90505,
0xffe90505,
0xffe90505,
0xffe90505,
0xffe90505,
0xffe90505,
0xffe90505,
0xffe90505,
0xffe90505,
0xffe90505,
0xffe90505,
0xffe90505,
0xffe90505,
0xffe90505,
0xffe90505,
0xffe90505,
0xffe90505,
0xffe90505,
0xffe90505,
0xffe90505,
0xffe90505,
0xffe90505,
0xffe90505,
0xffe90505,
0xffe90505,
0xffe90505,
0xffe90505,
0xffe90505,
0xffe90505,
0xffe90505,
0xffe90505,
0xffe90505,
0xffe90505,
0xffe90505,
0xffe90505,
0xffe90505,
0xffe90505,
0xffe90505,
0xffe90505,
0xffe90505,
0xffe90505,
0xffe90505,
0xffe90505,
0xffe90505,
0xffe90505,
0xffe90505,
0xffe90505,
0xffe90505,
0xffe90505,
0xffe90505,
0xffe90505,
0xffe90505,
0xffe90505,
0xffe90505,
0xffe90505,
0xffe90505,
0xffe90505,
0xffe90505,
0xffe90505,
0xffe90505,
0xffe90505,
0xffe90505,
0xffe90505,
0xffe90505,
0xffe90505,
0xffe90505,
0xffe90505,
0xffe90505,
0xffe90505,
0xffe90505,
0xffe90505,
0xffe90505,
0xffe90505,
0xffe90505,
0xffe90505,
0xffe90505,
0xffe90505,
0xffe90505,
0xffe90505,
0xffe90505,
0xffe90505,
0xffe90505,
0xffe90505,
0xffe90505,
0xffe90505,
0xffe90505,
0xffe90505,
0xffe90505,
0xffe90505,
0xffe90505,
0xffe90505,
0xffe90505,
0xffe90505,
0xffe90505,
0xffe90505,
0xffe90505,
0xffe90505,
0xffe90505,
0xffe90505,
0xffe90505,
0xffe90505,
0xffe90505,
0xffe90505,
0xffe90505,
0xffe90505,
0xffe90505,
0xffe90505,
0xffe90505,
0xffe90505,
0xffe90505,
0xffe90505,
0xffe90505,
0xffe90505,
0xffe90505,
0xffe90505,
0xffe90505,
0xffe90505,
0xffe90505,
0xffe90505,
0xffe90505,
0xffe90505,
0xffe90505,
0xffe90505,
0xffe90505,
0xffe90505,
0xffe90505,
0xffe90505,
0xffe90505,
0xffe90505,
0xffe90505,
0xffe90505,
0xffe90505,
0xffe90505,
0xffe90505,
0xffe90505,
0xffe90505,
0xffe90505,
0xffe90505,
0xffe90505,
0xffe90505,
0xffe90505,
0xffe90505,
0xffe90505,
0xffe90505,
0xffe90505,
0xffe90505,
0xffe90505,
0xffe90505,
0xffe90505,
0xffe90505,
0xffe90505,
0xffe90505,
0xffe90505,
0xffe90505,
0xffe90505,
0xffe90505,
0xffe90505,
0xffe90505,
0xffe90505,
0xffe90505,
0xffe90505,
0xffe90505,
0xffe90505,
0xffe90505,
0xffe90505,
0xffe90505,
0xffe90505,
0xffe90505,
0xffe90505,
0xffe90505,
0xffe90505,
0xffe90505,
0xffe90505,
0xffe90505,
0xffe90505,
0xffe90505,
0xffe90505,
0xffe90505,
0xffe90505,
0xffe90505,
0xffe90505,
0xffe90505,
0xffe90505,
0xffe90505,
0xffe90505,
0xffe90505,
0xffe90505,
0xffe90505,
0xffe90505,
0xffe90505,
0xffe90505,
0xffe90505,
0xffe90505,
0xffe90505,
0xffe90505,
0xffe90505,
0xffe90505,
0xffe90505,
0xffe90505,
0xffe90505,
0xffe90505,
0xffe90505,
0xffe90505,
0xffe90505,
0xffe90505,
0xffe90505,
0xffe90505,
0xffe90505,
0xffe90505,
0xffe90505,
0xffe90505,
0xffe90505,
0xffe90505,
0xffe90505,
0xffe90505,
0xffe90505,
0xffe90505,
0xffe90505,
0xffe90505,
0xffe90505,
0xffe90505,
0xffe90505,
0xffe90505,
0xffe90505,
0xffe90505,
0xffe90505,
0xffe90505,
0xffe90505,
0xffe90505,
0xffe90505,
0xffe90505,
0xffe90505,
0xffe90505,
0xffe90505,
0xffe90505,
0xffe90505,
0xffe90505,
0xffe90505,
0xffe90505,
0xffe90505,
0xffe90505,
0xffe90505,
0xffe90505,
0xffe90505,
0xffe90505,
0xffe90505,
0xffe90505,
0xffe90505,
0xffe90505,
0xffe90505,
0xffe90505,
0xffe90505,
0xffe90505,
0xffe90505,
0xffe90505,
0xffe90505,
0xffe90505,
0xffe90505,
0xffe90505,
0xffe90505,
0xffe90505,
0xffe90505,
0xffe90505,
0xffe90505,
0xffe90505,
0xffe90505,
0xffe90505,
0xffe90505,
0xffe90505,
0xffe90505,
0xffe90505,
0xffe90505,
0xffe90505,
0xffe90505,
0xffe90505,
0xffe90505,
0xffe90505,
0xffe90505,
0xffe90505,
0xffe90505,
0xffe90505,
0xffe90505,
0xffe90505,
0xffe90505,
0xffe90505,
0xffe90505,
0xffe90505,
0xffe90505,
0xffe90505,
0xffe90505,
0xffe90505,
0xffe90505,
0xffe90505,
0xffe90505,
0xffe90505,
0xffe90505,
0xffe90505,
0xffe90505,
0xffe90505,
0xffe90505,
0xffe90505,
0xffe90505,
0xffe90505,
0xffe90505,
0xffe90505,
0xffe90505,
0xffe90505,
0xffe90505,
0xffe90505,
0xffe90505,
0xffe90505,
0xffe90505,
0xffe90505,
0xffe90505,
0xffe90505,
0xffe90505,
0xffe90505,
0xffe90505,
0xffe90505,
0xffe90505,
0xffe90505,
0xffe90505,
0xffe90505,
0xffe90505,
0xffe90505,
0xffe90505,
0xffe90505,
0xffe90505,
0xffe90505,
0xffe90505,
0xffe90505,
0xffe90505,
0xffe90505,
0xffe90505,
0xffe90505,
0xffe90505,
0xffe90505,
0xffe90505,
0xffe90505,
0xffe90505,
0xffe90505,
0xffe90505,
0xffe90505,
0xffe90505,
0xffe90505,
0xffe90505,
0xffe90505,
0xffe90505,
0xffe90505,
0xffe90505,
0xffe90505,
0xffe90505,
0xffe90505,
0xffe90505,
0xffe90505,
0xffe90505,
0xffe90505,
0xffe90505,
0xffe90505,
0xffe90505,
0xffe90505,
0xffe90505,
0xffe90505,
0xffe90505,
0xffe90505,
0xffe90505,
0xffe90505,
0xffe90505,
0xffe90505,
0xffe90505,
0xffe90505,
0xffe90505,
0xffe90505,
0xffe90505,
0xffe90505,
0xffe90505,
0xffe90505,
0xffe90505,
0xffe90505,
0xffe90505,
0xffe90505,
0xffe90505,
0xffe90505,
0xffe90505,
0xffe90505,
0xffe90505,
0xffe90505,
0xffe90505,
0xffe90505,
0xffe90505,
0xffe90505,
0xffe90505,
0xffe90505,
0xffe90505,
0xffe90505,
0xffe90505,
0xffe90505,
0xffe90505,
0xffe90505,
0xffe90505,
0xffe90505,
0xffe90505,
0xffe90505,
0xffe90505,
0xffe90505,
0xffe90505,
0xffe90505,
0xffe90505,
0xffe90505,
0xffe90505,
0xffe90505,
0xffe90505,
0xffe90505,
0xffe90505,
0xffe90505,
0xffe90505,
0xffe90505,
0xffe90505,
0xffe90505,
0xffe90505,
0xffe90505,
0xffe90505,
0xffe90505,
0xffe90505,
0xffe90505,
0xffe90505,
0xffe90505,
0xffe90505,
0xffe90505,
0xffe90505,
0xffe90505,
0xffe90505,
0xffe90505,
0xffe90505,
0xffe90505,
0xffe90505,
0xffe90505,
0xffe90505,
0xffe90505,
0xffe90505,
0xffe90505,
0xffe90505,
0xffe90505,
0xffe90505,
0xffe90505,
0xffe90505,
0xffe90505,
0xffe90505,
0xffe90505,
0xffe90505,
0xffe90505,
0xffe90505,
0xffe90505,
0xffe90505,
0xffe90505,
0xffe90505,
0xffe90505,
0xffe90505,
0xffe90505,
0xffe90505,
0xffe90505,
0xffe90505,
0xffe90505,
0xffe90505,
0xffe90505,
0xffe90505,
0xffe90505,
0xffe90505,
0xffe90505,
0xffe90505,
0xffe90505,
0xffe90505,
0xffe90505,
0xffe90505,
0xffe90505,
0xffe90505,
0xffe90505,
0xffe90505,
0xffe90505,
0xffe90505,
0xffe90505,
0xffe90505,
0xffe90505,
0xffe90505,
0xffe90505,
0xffe90505,
0xffe90505,
0xffe90505,
0xffe90505,
0xffe90505,
0xffe90505,
0xffe90505,
0xffe90505,
0xffe90505,
0xffe90505,
0xffe90505,
0xffe90505,
0xffe90505,
0xffe90505,
0xffe90505,
0xffe90505,
0xffe90505,
0xffe90505,
0xffe90505,
0xffe90505,
0xffe90505,
0xffe90505,
0xffe90505,
0xffe90505,
0xffe90505,
0xffe90505,
0xffe90505,
0xffe90505,
0xffe90505,
0xffe90505,
0xffe90505,
0xffe90505,
0xffe90505,
0xffe90505,
0xffe90505,
0xffe90505,
0xffe90505,
0xffe90505,
0xffe90505,
0xffe90505,
0xffe90505,
0xffe90505,
0xffe90505,
0xffe90505,
0xffe90505,
0xffe90505,
0xffe90505,
0xffe90505,
0xffe90505,
0xffe90505,
0xffe90505,
0xffe90505,
0xffe90505,
0xffe90505,
0xffe90505,
0xffe90505,
0xffe90505,
0xffe90505,
0xffe90505,
0xffe90505,
0xffe90505,
0xffe90505,
0xffe90505,
0xffe90505,
0xffe90505,
0xffe90505,
0xffe90505,
0xffe90505,
0xffe90505,
0xffe90505,
0xffe90505,
0xffe90505,
0xffe90505,
0xffe90505,
0xffe90505,
0xffe90505,
0xffe90505,
0xffe90505,
0xffe90505,
0xffe90505,
0xffe90505,
0xffe90505,
0xffe90505,
0xffe90505,
0xffe90505,
0xffe90505,
0xffe90505,
0xffe90505,
0xffe90505,
0xffe90505,
0xffe90505,
0xffe90505,
0xffe90505,
0xffe90505,
0xffe90505,
0xffe90505,
0xffe90505,
0xffe90505,
0xffe90505,
0xffe90505,
0xffe90505,
0xffe90505,
0xffe90505,
0xffe90505,
0xffe90505,
0xffe90505,
0xffe90505,
0xffe90505,
0xffe90505,
0xffe90505,
0xffe90505,
0xffe90505,
0xffe90505,
0xffe90505,
0xffe90505,
0xffe90505,
0xffe90505,
0xffe90505,
0xffe90505,
0xffe90505,
0xffe90505,
0xffe90505,
0xffe90505,
0xffe90505,
0xffe90505,
0xffe90505,
0xffe90505,
0xffe90505,
0xffe90505,
0xffe90505,
0xffe90505,
0xffe90505,
0xffe90505,
0xffe90505,
0xffe90505,
0xffe90505,
0xffe90505,
0xffe90505,
0xffe90505,
0xffe90505,
0xffe90505,
0xffe90505,
0xffe90505,
0xffe90505,
0xffe90505,
0xffe90505,
0xffe90505,
0xffe90505,
0xffe90505,
0xffe90505,
0xffe90505,
0xffe90505,
0xffe90505,
0xffe90505,
0xffe90505,
0xffe90505,
0xffe90505,
0xffe90505,
0xffe90505,
0xffe90505,
0xffe90505,
0xffe90505,
0xffe90505,
0xffe90505,
0xffe90505,
0xffe90505,
0xffe90505,
0xffe90505,
0xffe90505,
0xffe90505,
0xffe90505,
0xffe90505,
0xffe90505,
0xffe90505,
0xffe90505,
0xffe90505,
0xffe90505,
0xffe90505,
0xffe90505,
0xffe90505,
0xffe90505,
0xffe90505,
0xffe90505,
0xffe90505,
0xffe90505,
0xffe90505,
0xffe90505,
0xffe90505,
0xffe90505,
0xffe90505,
0xffe90505,
0xffe90505,
0xffe90505,
0xffe90505,
0xffe90505,
0xffe90505,
0xffe90505,
0xffe90505,
0xffe90505,
0xffe90505,
0xffe90505,
0xffe90505,
0xffe90505,
0xffe90505,
0xffe90505,
0xffe90505,
0xffe90505,
0xffe90505,
0xffe90505,
0xffe90505,
0xffe90505,
0xffe90505,
0xffe90505,
0xffe90505,
0xffe90505,
0xffe90505,
0xffe90505,
0xffe90505,
0xffe90505,
0xffe90505,
0xffe90505,
0xffe90505,
0xffe90505,
0xffe90505,
0xffe90505,
0xffe90505,
0xffe90505,
0xffe90505,
0xffe90505,
0xffe90505,
0xffe90505,
0xffe90505,
0xffe90505,
0xffe90505,
0xffe90505,
0xffe90505,
0xffe90505,
0xffe90505,
0xffe90505,
0xffe90505,
0xffe90505,
0xffe90505,
0xffe90505,
0xffe90505,
0xffe90505,
0xffe90505,
0xffe90505,
0xffe90505,
0xffe90505,
0xffe90505,
0xffe90505,
0xffe90505,
0xffe90505,
0xffe90505,
0xffe90505,
0xffe90505,
0xffe90505,
0xffe90505,
0xffe90505,
0xffe90505,
0xffe90505,
0xffe90505,
0xffe90505,
0xffe90505,
0xffe90505,
0xffe90505,
0xffe90505,
0xffe90505,
0xffe90505,
0xffe90505,
0xffe90505,
0xffe90505,
0xffe90505,
0xffe90505,
0xffe90505,
0xffe90505,
0xffe90505,
0xffe90505,
0xffe90505,
0xffe90505,
0xffe90505,
0xffe90505,
0xffe90505,
0xffe90505,
0xffe90505,
0xffe90505,
0xffe90505,
0xffe90505,
0xffe90505,
0xffe90505,
0xffe90505,
0xffe90505,
0xffe90505,
0xffe90505,
0xffe90505,
0xffe90505,
0xffe90505,
0xffe90505,
0xffe90505,
0xffe90505,
0xffe90505,
0xffe90505,
0xffe90505,
0xffe90505,
0xffe90505,
0xffe90505,
0xffe90505,
0xffe90505,
0xffe90505,
0xffe90505,
0xffe90505,
0xffe90505,
0xffe90505,
0xffe90505,
0xffe90505,
0xffe90505,
0xffe90505,
0xffe90505,
0xffe90505,
0xffe90505,
0xffe90505,
0xffe90505,
0xffe90505,
0xffe90505,
0xffe90505,
0xffe90505,
0xffe90505,
0xffe90505,
0xffe90505,
0xffe90505,
0xffe90505,
0xffe90505,
0xffe90505,
0xffe90505,
0xffe90505,
0xffe90505,
0xffe90505,
0xffe90505,
0xffe90505,
0xffe90505,
0xffe90505,
0xffe90505,
0xffe90505,
0xffe90505,
0xffe90505,
0xffe90505,
0xffe90505,
0xffe90505,
0xffe90505,
0xffe90505,
0xffe90505,
0xffe90505,
0xffe90505,
0xffe90505,
0xffe90505,
0xffe90505,
0xffe90505,
0xffe90505,
0xffe90505,
0xffe90505,
0xffe90505,
0xffe90505,
0xffe90505,
0xffe90505,
0xffe90505,
0xffe90505,
0xffe90505,
0xffe90505,
0xffe90505,
0xffe90505,
0xffe90505,
0xffe90505,
0xffe90505,
0xffe90505,
0xffe90505,
0xffe90505,
0xffe90505,
0xffe90505,
0xffe90505,
0xffe90505,
0xffe90505,
0xffe90505,
0xffe90505,
0xffe90505,
0xffe90505,
0xffe90505,
0xffe90505,
0xffe90505,
0xffe90505,
0xffe90505,
0xffe90505,
0xffe90505,
0xffe90505,
0xffe90505,
0xffe90505,
0xffe90505,
0xffe90505,
0xffe90505,
0xffe90505,
0xffe90505,
0xffe90505,
0xffe90505,
0xffe90505,
0xffe90505,
0xffe90505,
0xffe90505,
0xffe90505,
0xffe90505,
0xffe90505,
0xffe90505,
0xffe90505,
0xffe90505,
0xffe90505,
0xffe90505,
0xffe90505,
0xffe90505,
0xffe90505,
0xffe90505,
0xffe90505,
0xffe90505,
0xffe90505,
0xffe90505,
0xffe90505,
0xffe90505,
0xffe90505,
0xffe90505,
0xffe90505,
0xffe90505,
0xffe90505,
0xffe90505,
0xffe90505,
0xffe90505,
0xffe90505,
0xffe90505,
0xffe90505,
0xffe90505,
0xffe90505,
0xffe90505,
0xffe90505,
0xffe90505,
0xffe90505,
0xffe90505,
0xffe90505,
0xffe90505,
0xffe90505,
0xffe90505,
0xffe90505,
0xffe90505,
0xffe90505,
0xffe90505,
0xffe90505,
0xffe90505,
0xffe90505,
0xffe90505,
0xffe90505,
0xffe90505,
0xffe90505,
0xffe90505,
0xffe90505,
0xffe90505,
0xffe90505,
0xffe90505,
0xffe90505,
0xffe90505,
0xffe90505,
0xffe90505,
0xffe90505,
0xffe90505,
0xffe90505,
0xffe90505,
0xffe90505,
0xffe90505,
0xffe90505,
0xffe90505,
0xffe90505,
0xffe90505,
0xffe90505,
0xffe90505,
0xffe90505,
0xffe90505,
0xffe90505,
0xffe90505,
0xffe90505,
0xffe90505,
0xffe90505,
0xffe90505,
0xffe90505,
0xffe90505,
0xffe90505,
0xffe90505,
0xffe90505,
0xffe90505,
0xffe90505,
0xffe90505,
0xffe90505,
0xffe90505,
0xffe90505,
0xffe90505,
0xffe90505,
0xffe90505,
0xffe90505,
0xffe90505,
0xffe90505,
0xffe90505,
0xffe90505,
0xffe90505,
0xffe90505,
0xffe90505,
0xffe90505,
0xffe90505,
0xffe90505,
0xffe90505,
0xffe90505,
0xffe90505,
0xffe90505,
0xffe90505,
0xffe90505,
0xffe90505,
0xffe90505,
0xffe90505,
0xffe90505,
0xffe90505,
0xffe90505,
0xffe90505,
0xffe90505,
0xffe90505,
0xffe90505,
0xffe90505,
0xffe90505,
0xffe90505,
0xffe90505,
0xffe90505,
0xffe90505,
0xffe90505,
0xffe90505,
0xffe90505,
0xffe90505,
0xffe90505,
0xffe90505,
0xffe90505,
0xffe90505,
0xffe90505,
0xffe90505,
0xffe90505,
0xffe90505,
0xffe90505,
0xffe90505,
0xffe90505,
0xffe90505,
0xffe90505,
0xffe90505,
0xffe90505,
0xffe90505,
0xffe90505,
0xffe90505,
0xffe90505,
0xffe90505,
0xffe90505,
0xffe90505,
0xffe90505,
0xffe90505,
0xffe90505,
0xffe90505,
0xffe90505,
0xffe90505,
0xffe90505,
0xffe90505,
0xffe90505,
0xffe90505,
0xffe90505,
0xffe90505,
0xffe90505,
0xffe90505,
0xffe90505,
0xffe90505,
0xffe90505,
0xffe90505,
0xffe90505,
0xffe90505,
0xffe90505,
0xffe90505,
0xffe90505,
0xffe90505,
0xffe90505,
0xffe90505,
0xffe90505,
0xffe90505,
0xffe90505,
0xffe90505,
0xffe90505,
0xffe90505,
0xffe90505,
0xffe90505,
0xffe90505,
0xffe90505,
0xffe90505,
0xffe90505,
0xffe90505,
0xffe90505,
0xffe90505,
0xffe90505,
0xffe90505,
0xffe90505,
0xffe90505,
0xffe90505,
0xffe90505,
0xffe90505,
0xffe90505,
0xffe90505,
0xffe90505,
0xffe90505,
0xffe90505,
0xffe90505,
0xffe90505,
0xffe90505,
0xffe90505,
0xffe90505,
0xffe90505,
0xffe90505,
0xffe90505,
0xffe90505,
0xffe90505,
0xffe90505,
0xffe90505,
0xffe90505,
0xffe90505,
0xffe90505,
0xffe90505,
0xffe90505,
0xffe90505,
0xffe90505,
0xffe90505,
0xffe90505,
0xffe90505,
0xffe90505,
0xffe90505,
0xffe90505,
0xffe90505,
0xffe90505,
0xffe90505,
0xffe90505,
0xffe90505,
0xffe90505,
0xffe90505,
0xffe90505,
0xffe90505,
0xffe90505,
0xffe90505,
0xffe90505,
0xffe90505,
0xffe90505,
0xffe90505,
0xffe90505,
0xffe90505,
0xffe90505,
0xffe90505,
0xffe90505,
0xffe90505,
0xffe90505,
0xffe90505,
0xffe90505,
0xffe90505,
0xffe90505,
0xffe90505,
0xffe90505,
0xffe90505,
0xffe90505,
0xffe90505,
0xffe90505,
0xffe90505,
0xffe90505,
0xffe90505,
0xffe90505,
0xffe90505,
0xffe90505,
0xffe90505,
0xffe90505,
0xffe90505,
0xffe90505,
0xffe90505,
0xffe90505,
0xffe90505,
0xffe90505,
0xffe90505,
0xffe90505,
0xffe90505,
0xffe90505,
0xffe90505,
0xffe90505,
0xffe90505,
0xffe90505,
0xffe90505,
0xffe90505,
0xffe90505,
0xffe90505,
0xffe90505,
0xffe90505,
0xffe90505,
0xffe90505,
0xffe90505,
0xffe90505,
0xffe90505,
0xffe90505,
0xffe90505,
0xffe90505,
0xffe90505,
0xffe90505,
0xffe90505,
0xffe90505,
0xffe90505,
0xffe90505,
0xffe90505,
0xffe90505,
0xffe90505,
0xffe90505,
0xffe90505,
0xffe90505,
0xffe90505,
0xffe90505,
0xffe90505,
0xffe90505,
0xffe90505,
0xffe90505,
0xffe90505,
0xffe90505,
0xffe90505,
0xffe90505,
0xffe90505,
0xffe90505,
0xffe90505,
0xffe90505,
0xffe90505,
0xffe90505,
0xffe90505,
0xffe90505,
0xffe90505,
0xffe90505,
0xffe90505,
0xffe90505,
0xffe90505,
0xffe90505,
0xffe90505,
0xffe90505,
0xffe90505,
0xffe90505,
0xffe90505,
0xffe90505,
0xffe90505,
0xffe90505,
0xffe90505,
0xffe90505,
0xffe90505,
0xffe90505,
0xffe90505,
0xffe90505,
0xffe90505,
0xffe90505,
0xffe90505,
0xffe90505,
0xffe90505,
0xffe90505,
0xffe90505,
0xffe90505,
0xffe90505,
0xffe90505,
0xffe90505,
0xffe90505,
0xffe90505,
0xffe90505,
0xffe90505,
0xffe90505,
0xffe90505,
0xffe90505,
0xffe90505,
0xffe90505,
0xffe90505,
0xffe90505,
0xffe90505,
0xffe90505,
0xffe90505,
0xffe90505,
0xffe90505,
0xffe90505,
0xffe90505,
0xffe90505,
0xffe90505,
0xffe90505,
0xffe90505,
0xffe90505,
0xffe90505,
0xffe90505,
0xffe90505,
0xffe90505,
0xffe90505,
0xffe90505,
0xffe90505,
0xffe90505,
0xffe90505,
0xffe90505,
0xffe90505,
0xffe90505,
0xffe90505,
0xffe90505,
0xffe90505,
0xffe90505,
0xffe90505,
0xffe90505,
0xffe90505,
0xffe90505,
0xffe90505,
0xffe90505,
0xffe90505,
0xffe90505,
0xffe90505,
0xffe90505,
0xffe90505,
0xffe90505,
0xffe90505,
0xffe90505,
0xffe90505,
0xffe90505,
0xffe90505,
0xffe90505,
0xffe90505,
0xffe90505,
0xffe90505,
0xffe90505,
0xffe90505,
0xffe90505,
0xffe90505,
0xffe90505,
0xffe90505,
0xffe90505,
0xffe90505,
0xffe90505,
0xffe90505,
0xffe90505,
0xffe90505,
0xffe90505,
0xffe90505,
0xffe90505,
0xffe90505,
0xffe90505,
0xffe90505,
0xffe90505,
0xffe90505,
0xffe90505,
0xffe90505,
0xffe90505,
0xffe90505,
0xffe90505,
0xffe90505,
0xffe90505,
0xffe90505,
0xffe90505,
0xffe90505,
0xffe90505,
0xffe90505,
0xffe90505,
0xffe90505,
0xffe90505,
0xffe90505,
0xffe90505,
0xffe90505,
0xffe90505,
0xffe90505,
0xffe90505,
0xffe90505,
0xffe90505,
0xffe90505,
0xffe90505,
0xffe90505,
0xffe90505,
0xffe90505,
0xffe90505,
0xffe90505,
0xffe90505,
0xffe90505,
0xffe90505,
0xffe90505,
0xffe90505,
0xffe90505,
0xffe90505,
0xffe90505,
0xffe90505,
0xffe90505,
0xffe90505,
0xffe90505,
0xffe90505,
0xffe90505,
0xffe90505,
0xffe90505,
0xffe90505,
0xffe90505,
0xffe90505,
0xffe90505,
0xffe90505,
0xffe90505,
0xffe90505,
0xffe90505,
0xffe90505,
0xffe90505,
0xffe90505,
0xffe90505,
0xffe90505,
0xffe90505,
0xffe90505,
0xffe90505,
0xffe90505,
0xffe90505,
0xffe90505,
0xffe90505,
0xffe90505,
0xffe90505,
0xffe90505,
0xffe90505,
0xffe90505,
0xffe90505,
0xffe90505,
0xffe90505,
0xffe90505,
0xffe90505,
0xffe90505,
0xffe90505,
0xffe90505,
0xffe90505,
0xffe90505,
0xffe90505,
0xffe90505,
0xffe90505,
0xffe90505,
0xffe90505,
0xffe90505,
0xffe90505,
0xffe90505,
0xffe90505,
0xffe90505,
0xffe90505,
0xffe90505,
0xffe90505,
0xffe90505,
0xffe90505,
0xffe90505,
0xffe90505,
0xffe90505,
0xffe90505,
0xffe90505,
0xffe90505,
0xffe90505,
0xffe90505,
0xffe90505,
0xffe90505,
0xffe90505,
0xffe90505,
0xffe90505,
0xffe90505,
0xffe90505,
0xffe90505,
0xffe90505,
0xffe90505,
0xffe90505,
0xffe90505,
0xffe90505,
0xffe90505,
0xffe90505,
0xffe90505,
0xffe90505,
0xffe90505,
0xffe90505,
0xffe90505,
0xffe90505,
0xffe90505,
0xffe90505,
0xffe90505,
0xffe90505,
0xffe90505,
0xffe90505,
0xffe90505,
0xffe90505,
0xffe90505,
0xffe90505,
0xffe90505,
0xffe90505,
0xffe90505,
0xffe90505,
0xffe90505,
0xffe90505,
0xffe90505,
0xffe90505,
0xffe90505,
0xffe90505,
0xffe90505,
0xffe90505,
0xffe90505,
0xffe90505,
0xffe90505,
0xffe90505,
0xffe90505,
0xffe90505,
0xffe90505,
0xffe90505,
0xffe90505,
0xffe90505,
0xffe90505,
0xffe90505,
0xffe90505,
0xffe90505,
0xffe90505,
0xffe90505,
0xffe90505,
0xffe90505,
0xffe90505,
0xffe90505,
0xffe90505,
0xffe90505,
0xffe90505,
0xffe90505,
0xffe90505,
0xffe90505,
0xffe90505,
0xffe90505,
0xffe90505,
0xffe90505,
0xffe90505,
0xffe90505,
0xffe90505,
0xffe90505,
0xffe90505,
0xffe90505,
0xffe90505,
0xffe90505,
0xffe90505,
0xffe90505,
0xffe90505,
0xffe90505,
0xffe90505,
0xffe90505,
0xffe90505,
0xffe90505,
0xffe90505,
0xffe90505,
0xffe90505,
0xffe90505,
0xffe90505,
0xffe90505,
0xffe90505,
0xffe90505,
0xffe90505,
0xffe90505,
0xffe90505,
0xffe90505,
0xffe90505,
0xffe90505,
0xffe90505,
0xffe90505,
0xffe90505,
0xffe90505,
0xffe90505,
0xffe90505,
0xffe90505,
0xffe90505,
0xffe90505,
0xffe90505,
0xffe90505,
0xffe90505,
0xffe90505,
0xffe90505,
0xffe90505,
0xffe90505,
0xffe90505,
0xffe90505,
0xffe90505,
0xffe90505,
0xffe90505,
0xffe90505,
0xffe90505,
0xffe90505,
0xffe90505,
0xffe90505,
0xffe90505,
0xffe90505,
0xffe90505,
0xffe90505,
0xffe90505,
0xffe90505,
0xffe90505,
0xffe90505,
0xffe90505,
0xffe90505,
0xffe90505,
0xffe90505,
0xffe90505,
0xffe90505,
0xffe90505,
0xffe90505,
0xffe90505,
0xffe90505,
0xffe90505,
0xffe90505,
0xffe90505,
0xffe90505,
0xffe90505,
0xffe90505,
0xffe90505,
0xffe90505,
0xffe90505,
0xffe90505,
0xffe90505,
0xffe90505,
0xffe90505,
0xffe90505,
0xffe90505,
0xffe90505,
0xffe90505,
0xffe90505,
0xffe90505,
0xffe90505,
0xffe90505,
0xffe90505,
0xffe90505,
0xffe90505,
0xffe90505,
0xffe90505,
0xffe90505,
0xffe90505,
0xffe90505,
0xffe90505,
0xffe90505,
0xffe90505,
0xffe90505,
0xffe90505,
0xffe90505,
0xffe90505,
0xffe90505,
0xffe90505,
0xffe90505,
0xffe90505,
0xffe90505,
0xffe90505,
0xffe90505,
0xffe90505,
0xffe90505,
0xffe90505,
0xffe90505,
0xffe90505,
0xffe90505,
0xffe90505,
0xffe90505,
0xffe90505,
0xffe90505,
0xffe90505,
0xffe90505,
0xffe90505,
0xffe90505,
0xffe90505,
0xffe90505,
0xffe90505,
0xffe90505,
0xffe90505,
0xffe90505,
0xffe90505,
0xffe90505,
0xffe90505,
0xffe90505,
0xffe90505,
0xffe90505,
0xffe90505,
0xffe90505,
0xffe90505,
0xffe90505,
0xffe90505,
0xffe90505,
0xffe90505,
0xffe90505,
0xffe90505,
0xffe90505,
0xffe90505,
0xffe90505,
0xffe90505,
0xffe90505,
0xffe90505,
0xffe90505,
0xffe90505,
0xffe90505,
0xffe90505,
0xffe90505,
0xffe90505,
0xffe90505,
0xffe90505,
0xffe90505,
0xffe90505,
0xffe90505,
0xffe90505,
0xffe90505,
0xffe90505,
0xffe90505,
0xffe90505,
0xffe90505,
0xffe90505,
0xffe90505,
0xffe90505,
0xffe90505,
0xffe90505,
0xffe90505,
0xffe90505,
0xffe90505,
0xffe90505,
0xffe90505,
0xffe90505,
0xffe90505,
0xffe90505,
0xffe90505,
0xffe90505,
0xffe90505,
0xffe90505,
0xffe90505,
0xffe90505,
0xffe90505,
0xffe90505,
0xffe90505,
0xffe90505,
0xffe90505,
0xffe90505,
0xffe90505,
0xffe90505,
0xffe90505,
0xffe90505,
0xffe90505,
0xffe90505,
0xffe90505,
0xffe90505,
0xffe90505,
0xffe90505,
0xffe90505,
0xffe90505,
0xffe90505,
0xffe90505,
0xffe90505,
0xffe90505,
0xffe90505,
0xffe90505,
0xffe90505,
0xffe90505,
0xffe90505,
0xffe90505,
0xffe90505,
0xffe90505,
0xffe90505,
0xffe90505,
0xffe90505,
0xffe90505,
0xffe90505,
0xffe90505,
0xffe90505,
0xffe90505,
0xffe90505,
0xffe90505,
0xffe90505,
0xffe90505,
0xffe90505,
0xffe90505,
0xffe90505,
0xffe90505,
0xffe90505,
0xffe90505,
0xffe90505,
0xffe90505,
0xffe90505,
0xffe90505,
0xffe90505,
0xffe90505,
0xffe90505,
0xffe90505,
0xffe90505,
0xffe90505,
0xffe90505,
0xffe90505,
0xffe90505,
0xffe90505,
0xffe90505,
0xffe90505,
0xffe90505,
0xffe90505,
0xffe90505,
0xffe90505,
0xffe90505,
0xffe90505,
0xffe90505,
0xffe90505,
0xffe90505,
0xffe90505,
0xffe90505,
0xffe90505,
0xffe90505,
0xffe90505,
0xffe90505,
0xffe90505,
0xffe90505,
0xffe90505,
0xffe90505,
0xffe90505,
0xffe90505,
0xffe90505,
0xffe90505,
0xffe90505,
0xffe90505,
0xffe90505,
0xffe90505,
0xffe90505,
0xffe90505,
0xffe90505,
0xffe90505,
0xffe90505,
0xffe90505,
0xffe90505,
0xffe90505,
0xffe90505,
0xffe90505,
0xffe90505,
0xffe90505,
0xffe90505,
0xffe90505,
0xffe90505,
0xffe90505,
0xffe90505,
0xffe90505,
0xffe90505,
0xffe90505,
0xffe90505,
0xffe90505,
0xffe90505,
0xffe90505,
0xffe90505,
0xffe90505,
0xffe90505,
0xffe90505,
0xffe90505,
0xffe90505,
0xffe90505,
0xffe90505,
0xffe90505,
0xffe90505,
0xffe90505,
0xffe90505,
0xffe90505,
0xffe90505,
0xffe90505,
0xffe90505,
0xffe90505,
0xffe90505,
0xffe90505,
0xffe90505,
0xffe90505,
0xffe90505,
0xffe90505,
0xffe90505,
0xffe90505,
0xffe90505,
0xffe90505,
0xffe90505,
0xffe90505,
0xffe90505,
0xffe90505,
0xffe90505,
0xffe90505,
0xffe90505,
0xffe90505,
0xffe90505,
0xffe90505,
0xffe90505,
0xffe90505,
0xffe90505,
0xffe90505,
0xffe90505,
0xffe90505,
0xffe90505,
0xffe90505,
0xffe90505,
0xffe90505,
0xffe90505,
0xffe90505,
0xffe90505,
0xffe90505,
0xffe90505,
0xffe90505,
0xffe90505,
0xffe90505,
0xffe90505,
0xffe90505,
0xffe90505,
0xffe90505,
0xffe90505,
0xffe90505,
0xffe90505,
0xffe90505,
0xffe90505,
0xffe90505,
0xffe90505,
0xffe90505,
0xffe90505,
0xffe90505,
0xffe90505,
0xffe90505,
0xffe90505,
0xffe90505,
0xffe90505,
0xffe90505,
0xffe90505,
0xffe90505,
0xffe90505,
0xffe90505,
0xffe90505,
0xffe90505,
0xffe90505,
0xffe90505,
0xffe90505,
0xffe90505,
0xffe90505,
0xffe90505,
0xffe90505,
0xffe90505,
0xffe90505,
0xffe90505,
0xffe90505,
0xffe90505,
0xffe90505,
0xffe90505,
0xffe90505,
0xffe90505,
0xffe90505,
0xffe90505,
0xffe90505,
0xffe90505,
0xffe90505,
0xffe90505,
0xffe90505,
0xffe90505,
0xffe90505,
0xffe90505,
0xffe90505,
0xffe90505,
0xffe90505,
0xffe90505,
0xffe90505,
0xffe90505,
0xffe90505,
0xffe90505,
0xffe90505,
0xffe90505,
0xffe90505,
0xffe90505,
0xffe90505,
0xffe90505,
0xffe90505,
0xffe90505,
0xffe90505,
0xffe90505,
0xffe90505,
0xffe90505,
0xffe90505,
0xffe90505,
0xffe90505,
0xffe90505,
0xffe90505,
0xffe90505,
0xffe90505,
0xffe90505,
0xffe90505,
0xffe90505,
0xffe90505,
0xffe90505,
0xffe90505,
0xffe90505,
0xffe90505,
0xffe90505,
0xffe90505,
0xffe90505,
0xffe90505,
0xffe90505,
0xffe90505,
0xffe90505,
0xffe90505,
0xffe90505,
0xffe90505,
0xffe90505,
0xffe90505,
0xffe90505,
0xffe90505,
0xffe90505,
0xffe90505,
0xffe90505,
0xffe90505,
0xffe90505,
0xffe90505,
0xffe90505,
0xffe90505,
0xffe90505,
0xffe90505,
0xffe90505,
0xffe90505,
0xffe90505,
0xffe90505,
0xffe90505,
0xffe90505,
0xffe90505,
0xffe90505,
0xffe90505,
0xffe90505,
0xffe90505,
0xffe90505,
0xffe90505,
0xffe90505,
0xffe90505,
0xffe90505,
0xffe90505,
0xffe90505,
0xffe90505,
0xffe90505,
0xffe90505,
0xffe90505,
0xffe90505,
0xffe90505,
0xffe90505,
0xffe90505,
0xffe90505,
0xffe90505,
0xffe90505,
0xffe90505,
0xffe90505,
0xffe90505,
0xffe90505,
0xffe90505,
0xffe90505,
0xffe90505,
0xffe90505,
0xffe90505,
0xffe90505,
0xffe90505,
0xffe90505,
0xffe90505,
0xffe90505,
0xffe90505,
0xffe90505,
0xffe90505,
0xffe90505,
0xffe90505,
0xffe90505,
0xffe90505,
0xffe90505,
0xffe90505,
0xffe90505,
0xffe90505,
0xffe90505,
0xffe90505,
0xffe90505,
0xffe90505,
0xffe90505,
0xffe90505,
0xffe90505,
0xffe90505,
0xffe90505,
0xffe90505,
0xffe90505,
0xffe90505,
0xffe90505,
0xffe90505,
0xffe90505,
0xffe90505,
0xffe90505,
0xffe90505,
0xffe90505,
0xffe90505,
0xffe90505,
0xffe90505,
0xffe90505,
0xffe90505,
0xffe90505,
0xffe90505,
0xffe90505,
0xffe90505,
0xffe90505,
0xffe90505,
0xffe90505,
0xffe90505,
0xffe90505,
0xffe90505,
0xffe90505,
0xffe90505,
0xffe90505,
0xffe90505,
0xffe90505,
0xffe90505,
0xffe90505,
0xffe90505,
0xffe90505,
0xffe90505,
0xffe90505,
0xffe90505,
0xffe90505,
0xffe90505,
0xffe90505,
0xffe90505,
0xffe90505,
0xffe90505,
0xffe90505,
0xffe90505,
0xffe90505,
0xffe90505,
0xffe90505,
0xffe90505,
0xffe90505,
0xffe90505,
0xffe90505,
0xffe90505,
0xffe90505,
0xffe90505,
0xffe90505,
0xffe90505,
0xffe90505,
0xffe90505,
0xffe90505,
0xffe90505,
0xffe90505,
0xffe90505,
0xffe90505,
0xffe90505,
0xffe90505,
0xffe90505,
0xffe90505,
0xffe90505,
0xffe90505,
0xffe90505,
0xffe90505,
0xffe90505,
0xffe90505,
0xffe90505,
0xffe90505,
0xffe90505,
0xffe90505,
0xffe90505,
0xffe90505,
0xffe90505,
0xffe90505,
0xffe90505,
0xffe90505,
0xffe90505,
0xffe90505,
0xffe90505,
0xffe90505,
0xffe90505,
0xffe90505,
0xffe90505,
0xffe90505,
0xffe90505,
0xffe90505,
0xffe90505,
0xffe90505,
0xffe90505,
0xffe90505,
0xffe90505,
0xffe90505,
0xffe90505,
0xffe90505,
0xffe90505,
0xffe90505,
0xffe90505,
0xffe90505,
0xffe90505,
0xffe90505,
0xffe90505,
0xffe90505,
0xffe90505,
0xffe90505,
0xffe90505,
0xffe90505,
0xffe90505,
0xffe90505,
0xffe90505,
0xffe90505,
0xffe90505,
0xffe90505,
0xffe90505,
0xffe90505,
0xffe90505,
0xffe90505,
0xffe90505,
0xffe90505,
0xffe90505,
0xffe90505,
0xffe90505,
0xffe90505,
0xffe90505,
0xffe90505,
0xffe90505,
0xffe90505,
0xffe90505,
0xffe90505,
0xffe90505,
0xffe90505,
0xffe90505,
0xffe90505,
0xffe90505,
0xffe90505,
0xffe90505,
0xffe90505,
0xffe90505,
0xffe90505,
0xffe90505,
0xffe90505,
0xffe90505,
0xffe90505,
0xffe90505,
0xffe90505,
0xffe90505,
0xffe90505,
0xffe90505,
0xffe90505,
0xffe90505,
0xffe90505,
0xffe90505,
0xffe90505,
0xffe90505,
0xffe90505,
0xffe90505,
0xffe90505,
0xffe90505,
0xffe90505,
0xffe90505,
0xffe90505,
0xffe90505,
0xffe90505,
0xffe90505,
0xffe90505,
0xffe90505,
0xffe90505,
0xffe90505,
0xffe90505,
0xffe90505,
0xffe90505,
0xffe90505,
0xffe90505,
0xffe90505,
0xffe90505,
0xffe90505,
0xffe90505,
0xffe90505,
0xffe90505,
0xffe90505,
0xffe90505,
0xffe90505,
0xffe90505,
0xffe90505,
0xffe90505,
0xffe90505,
0xffe90505,
0xffe90505,
0xffe90505,
0xffe90505,
0xffe90505,
0xffe90505,
0xffe90505,
0xffe90505,
0xffe90505,
0xffe90505,
0xffe90505,
0xffe90505,
0xffe90505,
0xffe90505,
0xffe90505,
0xffe90505,
0xffe90505,
0xffe90505,
0xffe90505,
0xffe90505,
0xffe90505,
0xffe90505,
0xffe90505,
0xffe90505,
0xffe90505,
0xffe90505,
0xffe90505,
0xffe90505,
0xffe90505,
0xffe90505,
0xffe90505,
0xffe90505,
0xffe90505,
0xffe90505,
0xffe90505,
0xffe90505,
0xffe90505,
0xffe90505,
0xffe90505,
0xffe90505,
0xffe90505,
0xffe90505,
0xffe90505,
0xffe90505,
0xffe90505,
0xffe90505,
0xffe90505,
0xffe90505,
0xffe90505,
0xffe90505,
0xffe90505,
0xffe90505,
0xffe90505,
0xffe90505,
0xffe90505,
0xffe90505,
0xffe90505,
0xffe90505,
0xffe90505,
0xffe90505,
0xffe90505,
0xffe90505,
0xffe90505,
0xffe90505,
0xffe90505,
0xffe90505,
0xffe90505,
0xffe90505,
0xffe90505,
0xffe90505,
0xffe90505,
0xffe90505,
0xffe90505,
0xffe90505,
0xffe90505,
0xffe90505,
0xffe90505,
0xffe90505,
0xffe90505,
0xffe90505,
0xffe90505,
0xffe90505,
0xffe90505,
0xffe90505,
0xffe90505,
0xffe90505,
0xffe90505,
0xffe90505,
0xffe90505,
0xffe90505,
0xffe90505,
0xffe90505,
0xffe90505,
0xffe90505,
0xffe90505,
0xffe90505,
0xffe90505,
0xffe90505,
0xffe90505,
0xffe90505,
0xffe90505,
0xffe90505,
0xffe90505,
0xffe90505,
0xffe90505,
0xffe90505,
0xffe90505,
0xffe90505,
0xffe90505,
0xffe90505,
0xffe90505,
0xffe90505,
0xffe90505,
0xffe90505,
0xffe90505,
0xffe90505,
0xffe90505,
0xffe90505,
0xffe90505,
0xffe90505,
0xffe90505,
0xffe90505,
0xffe90505,
0xffe90505,
0xffe90505,
0xffe90505,
0xffe90505,
0xffe90505,
0xffe90505,
0xffe90505,
0xffe90505,
0xffe90505,
0xffe90505,
0xffe90505,
0xffe90505,
0xffe90505,
0xffe90505,
0xffe90505,
0xffe90505,
0xffe90505,
0xffe90505,
0xffe90505,
0xffe90505,
0xffe90505,
0xffe90505,
0xffe90505,
0xffe90505,
0xffe90505,
0xffe90505,
0xffe90505,
0xffe90505,
0xffe90505,
0xffe90505,
0xffe90505,
0xffe90505,
0xffe90505,
0xffe90505,
0xffe90505,
0xffe90505,
0xffe90505,
0xffe90505,
0xffe90505,
0xffe90505,
0xffe90505,
0xffe90505,
0xffe90505,
0xffe90505,
0xffe90505,
0xffe90505,
0xffe90505,
0xffe90505,
0xffe90505,
0xffe90505,
0xffe90505,
0xffe90505,
0xffe90505,
0xffe90505,
0xffe90505,
0xffe90505,
0xffe90505,
0xffe90505,
0xffe90505,
0xffe90505,
0xffe90505,
0xffe90505,
0xffe90505,
0xffe90505,
0xffe90505,
0xffe90505,
0xffe90505,
0xffe90505,
0xffe90505,
0xffe90505,
0xffe90505,
0xffe90505,
0xffe90505,
0xffe90505,
0xffe90505,
0xffe90505,
0xffe90505,
0xffe90505,
0xffe90505,
0xffe90505,
0xffe90505,
0xffe90505,
0xffe90505,
0xffe90505,
0xffe90505,
0xffe90505,
0xffe90505,
0xffe90505,
0xffe90505,
0xffe90505,
0xffe90505,
0xffe90505,
0xffe90505,
0xffe90505,
0xffe90505,
0xffe90505,
0xffe90505,
0xffe90505,
0xffe90505,
0xffe90505,
0xffe90505,
0xffe90505,
0xffe90505,
0xffe90505,
0xffe90505,
0xffe90505,
0xffe90505,
0xffe90505,
0xffe90505,
0xffe90505,
0xffe90505,
0xffe90505,
0xffe90505,
0xffe90505,
0xffe90505,
0xffe90505,
0xffe90505,
0xffe90505,
0xffe90505,
0xffe90505,
0xffe90505,
0xffe90505,
0xffe90505,
0xffe90505,
0xffe90505,
0xffe90505,
0xffe90505,
0xffe90505,
0xffe90505,
0xffe90505,
0xffe90505,
0xffe90505,
0xffe90505,
0xffe90505,
0xffe90505,
0xffe90505,
0xffe90505,
0xffe90505,
0xffe90505,
0xffe90505,
0xffe90505,
0xffe90505,
0xffe90505,
0xffe90505,
0xffe90505,
0xffe90505,
0xffe90505,
0xffe90505,
0xffe90505,
0xffe90505,
0xffe90505,
0xffe90505,
0xffe90505,
0xffe90505,
0xffe90505,
0xffe90505,
0xffe90505,
0xffe90505,
0xffe90505,
0xffe90505,
0xffe90505,
0xffe90505,
0xffe90505,
0xffe90505,
0xffe90505,
0xffe90505,
0xffe90505,
0xffe90505,
0xffe90505,
0xffe90505,
0xffe90505,
0xffe90505,
0xffe90505,
0xffe90505,
0xffe90505,
0xffe90505,
0xffe90505,
0xffe90505,
0xffe90505,
0xffe90505,
0xffe90505,
0xffe90505,
0xffe90505,
0xffe90505,
0xffe90505,
0xffe90505,
0xffe90505,
0xffe90505,
0xffe90505,
0xffe90505,
0xffe90505,
0xffe90505,
0xffe90505,
0xffe90505,
0xffe90505,
0xffe90505,
0xffe90505,
0xffe90505,
0xffe90505,
0xffe90505,
0xffe90505,
0xffe90505,
0xffe90505,
0xffe90505,
0xffe90505,
0xffe90505,
0xffe90505,
0xffe90505,
0xffe90505,
0xffe90505,
0xffe90505,
0xffe90505,
0xffe90505,
0xffe90505,
0xffe90505,
0xffe90505,
0xffe90505,
0xffe90505,
0xffe90505,
0xffe90505,
0xffe90505,
0xffe90505,
0xffe90505,
0xffe90505,
0xffe90505,
0xffe90505,
0xffe90505,
0xffe90505,
0xffe90505,
0xffe90505,
0xffe90505,
0xffe90505,
0xffe90505,
0xffe90505,
0xffe90505,
0xffe90505,
0xffe90505,
0xffe90505,
0xffe90505,
0xffe90505,
0xffe90505,
0xffe90505,
0xffe90505,
0xffe90505,
0xffe90505,
0xffe90505,
0xffe90505,
0xffe90505,
0xffe90505,
0xffe90505,
0xffe90505,
0xffe90505,
0xffe90505,
0xffe90505,
0xffe90505,
0xffe90505,
0xffe90505,
0xffe90505,
0xffe90505,
0xffe90505,
0xffe90505,
0xffe90505,
0xffe90505,
0xffe90505,
0xffe90505,
0xffe90505,
0xffe90505,
0xffe90505,
0xffe90505,
0xffe90505,
0xffe90505,
0xffe90505,
0xffe90505,
0xffe90505,
0xffe90505,
0xffe90505,
0xffe90505,
0xffe90505,
0xffe90505,
0xffe90505,
0xffe90505,
0xffe90505,
0xffe90505,
0xffe90505,
0xffe90505,
0xffe90505,
0xffe90505,
0xffe90505,
0xffe90505,
0xffe90505,
0xffe90505,
0xffe90505,
0xffe90505,
0xffe90505,
0xffe90505,
0xffe90505,
0xffe90505,
0xffe90505,
0xffe90505,
0xffe90505,
0xffe90505,
0xffe90505,
0xffe90505,
0xffe90505,
0xffe90505,
0xffe90505,
0xffe90505,
0xffe90505,
0xffe90505,
0xffe90505,
0xffe90505,
0xffe90505,
0xffe90505,
0xffe90505,
0xffe90505,
0xffe90505,
0xffe90505,
0xffe90505,
0xffe90505,
0xffe90505,
0xffe90505,
0xffe90505,
0xffe90505,
0xffe90505,
0xffe90505,
0xffe90505,
0xffe90505,
0xffe90505,
0xffe90505,
0xffe90505,
0xffe90505,
0xffe90505,
0xffe90505,
0xffe90505,
0xffe90505,
0xffe90505,
0xffe90505,
0xffe90505,
0xffe90505,
0xffe90505,
0xffe90505,
0xffe90505,
0xffe90505,
0xffe90505,
0xffe90505,
0xffe90505,
0xffe90505,
0xffe90505,
0xffe90505,
0xffe90505,
0xffe90505,
0xffe90505,
0xffe90505,
0xffe90505,
0xffe90505,
0xffe90505,
0xffe90505,
0xffe90505,
0xffe90505,
0xffe90505,
0xffe90505,
0xffe90505,
0xffe90505,
0xffe90505,
0xffe90505,
0xffe90505,
0xffe90505,
0xffe90505,
0xffe90505,
0xffe90505,
0xffe90505,
0xffe90505,
0xffe90505,
0xffe90505,
0xffe90505,
0xffe90505,
0xffe90505,
0xffe90505,
0xffe90505,
0xffe90505,
0xffe90505,
0xffe90505,
0xffe90505,
0xffe90505,
0xffe90505,
0xffe90505,
0xffe90505,
0xffe90505,
0xffe90505,
0xffe90505,
0xffe90505,
0xffe90505,
0xffe90505,
0xffe90505,
0xffe90505,
0xffe90505,
0xffe90505,
0xffe90505,
0xffe90505,
0xffe90505,
0xffe90505,
0xffe90505,
0xffe90505,
0xffe90505,
0xffe90505,
0xffe90505,
0xffe90505,
0xffe90505,
0xffe90505,
0xffe90505,
0xffe90505,
0xffe90505,
0xffe90505,
0xffe90505,
0xffe90505,
0xffe90505,
0xffe90505,
0xffe90505,
0xffe90505,
0xffe90505,
0xffe90505,
0xffe90505,
0xffe90505,
0xffe90505,
0xffe90505,
0xffe90505,
0xffe90505,
0xffe90505,
0xffe90505,
0xffe90505,
0xffe90505,
0xffe90505,
0xffe90505,
0xffe90505,
0xffe90505,
0xffe90505,
0xffe90505,
0xffe90505,
0xffe90505,
0xffe90505,
0xffe90505,
0xffe90505,
0xffe90505,
0xffe90505,
0xffe90505,
0xffe90505,
0xffe90505,
0xffe90505,
0xffe90505,
0xffe90505,
0xffe90505,
0xffe90505,
0xffe90505,
0xffe90505,
0xffe90505,
0xffe90505,
0xffe90505,
0xffe90505,
0xffe90505,
0xffe90505,
0xffe90505,
0xffe90505,
0xffe90505,
0xffe90505,
0xffe90505,
0xffe90505,
0xffe90505,
0xffe90505,
0xffe90505,
0xffe90505,
0xffe90505,
0xffe90505,
0xffe90505,
0xffe90505,
0xffe90505,
0xffe90505,
0xffe90505,
0xffe90505,
0xffe90505,
0xffe90505,
0xffe90505,
0xffe90505,
0xffe90505,
0xffe90505,
0xffe90505,
0xffe90505,
0xffe90505,
0xffe90505,
0xffe90505,
0xffe90505,
0xffe90505,
0xffe90505,
0xffe90505,
0xffe90505,
0xffe90505,
0xffe90505,
0xffe90505,
0xffe90505,
0xffe90505,
0xffe90505,
0xffe90505,
0xffe90505,
0xffe90505,
0xffe90505,
0xffe90505,
0xffe90505,
0xffe90505,
0xffe90505,
0xffe90505,
0xffe90505,
0xffe90505,
0xffe90505,
0xffe90505,
0xffe90505,
0xffe90505,
0xffe90505,
0xffe90505,
0xffe90505,
0xffe90505,
0xffe90505,
0xffe90505,
0xffe90505,
0xffe90505,
0xffe90505,
0xffe90505,
0xffe90505,
0xffe90505,
0xffe90505,
0xffe90505,
0xffe90505,
0xffe90505,
0xffe90505,
0xffe90505,
0xffe90505,
0xffe90505,
0xffe90505,
0xffe90505,
0xffe90505,
0xffe90505,
0xffe90505,
0xffe90505,
0xffe90505,
0xffe90505,
0xffe90505,
0xffe90505,
0xffe90505,
0xffe90505,
0xffe90505,
0xffe90505,
0xffe90505,
0xffe90505,
0xffe90505,
0xffe90505,
0xffe90505,
0xffe90505,
0xffe90505,
0xffe90505,
0xffe90505,
0xffe90505,
0xffe90505,
0xffe90505,
0xffe90505,
0xffe90505,
0xffe90505,
0xffe90505,
0xffe90505,
0xffe90505,
0xffe90505,
0xffe90505,
0xffe90505,
0xffe90505,
0xffe90505,
0xffe90505,
0xffe90505,
0xffe90505,
0xffe90505,
0xffe90505,
0xffe90505,
0xffe90505,
0xffe90505,
0xffe90505,
0xffe90505,
0xffe90505,
0xffe90505,
0xffe90505,
0xffe90505,
0xffe90505,
0xffe90505,
0xffe90505,
0xffe90505,
0xffe90505,
0xffe90505,
0xffe90505,
0xffe90505,
0xffe90505,
0xffe90505,
0xffe90505,
0xffe90505,
0xffe90505,
0xffe90505,
0xffe90505,
0xffe90505,
0xffe90505,
0xffe90505,
0xffe90505,
0xffe90505,
0xffe90505,
0xffe90505,
0xffe90505,
0xffe90505,
0xffe90505,
0xffe90505,
0xffe90505,
0xffe90505,
0xffe90505,
0xffe90505,
0xffe90505,
0xffe90505,
0xffe90505,
0xffe90505,
0xffe90505,
0xffe90505,
0xffe90505,
0xffe90505,
0xffe90505,
0xffe90505,
0xffe90505,
0xffe90505,
0xffe90505,
0xffe90505,
0xffe90505,
0xffe90505,
0xffe90505,
0xffe90505,
0xffe90505,
0xffe90505,
0xffe90505,
0xffe90505,
0xffe90505,
0xffe90505,
0xffe90505,
0xffe90505,
0xffe90505,
0xffe90505,
0xffe90505,
0xffe90505,
0xffe90505,
0xffe90505,
0xffe90505,
0xffe90505,
0xffe90505,
0xffe90505,
0xffe90505,
0xffe90505,
0xffe90505,
0xffe90505,
0xffe90505,
0xffe90505,
0xffe90505,
0xffe90505,
0xffe90505,
0xffe90505,
0xffe90505,
0xffe90505,
0xffe90505,
0xffe90505,
0xffe90505,
0xffe90505,
0xffe90505,
0xffe90505,
0xffe90505,
0xffe90505,
0xffe90505,
0xffe90505,
0xffe90505,
0xffe90505,
0xffe90505,
0xffe90505,
0xffe90505,
0xffe90505,
0xffe90505,
0xffe90505,
0xffe90505,
0xffe90505,
0xffe90505,
0xffe90505,
0xffe90505,
0xffe90505,
0xffe90505,
0xffe90505,
0xffe90505,
0xffe90505,
0xffe90505,
0xffe90505,
0xffe90505,
0xffe90505,
0xffe90505,
0xffe90505,
0xffe90505,
0xffe90505,
0xffe90505,
0xffe90505,
0xffe90505,
0xffe90505,
0xffe90505,
0xffe90505,
0xffe90505,
0xffe90505,
0xffe90505,
0xffe90505,
0xffe90505,
0xffe90505,
0xffe90505,
0xffe90505,
0xffe90505,
0xffe90505,
0xffe90505,
0xffe90505,
0xffe90505,
0xffe90505,
0xffe90505,
0xffe90505,
0xffe90505,
0xffe90505,
0xffe90505,
0xffe90505,
0xffe90505,
0xffe90505,
0xffe90505,
0xffe90505,
0xffe90505,
0xffe90505,
0xffe90505,
0xffe90505,
0xffe90505,
0xffe90505,
0xffe90505,
0xffe90505,
0xffe90505,
0xffe90505,
0xffe90505,
0xffe90505,
0xffe90505,
0xffe90505,
0xffe90505,
0xffe90505,
0xffe90505,
0xffe90505,
0xffe90505,
0xffe90505,
0xffe90505,
0xffe90505,
0xffe90505,
0xffe90505,
0xffe90505,
0xffe90505,
0xffe90505,
0xffe90505,
0xffe90505,
0xffe90505,
0xffe90505,
0xffe90505,
0xffe90505,
0xffe90505,
0xffe90505,
0xffe90505,
0xffe90505,
0xffe90505,
0xffe90505,
0xffe90505,
0xffe90505,
0xffe90505,
0xffe90505,
0xffe90505,
0xffe90505,
0xffe90505,
0xffe90505,
0xffe90505,
0xffe90505,
0xffe90505,
0xffe90505,
0xffe90505,
0xffe90505,
0xffe90505,
0xffe90505,
0xffe90505,
0xffe90505,
0xffe90505,
0xffe90505,
0xffe90505,
0xffe90505,
0xffe90505,
0xffe90505,
0xffe90505,
0xffe90505,
0xffe90505,
0xffe90505,
0xffe90505,
0xffe90505,
0xffe90505,
0xffe90505,
0xffe90505,
0xffe90505,
0xffe90505,
0xffe90505,
0xffe90505,
0xffe90505,
0xffe90505,
0xffe90505,
0xffe90505,
0xffe90505,
0xffe90505,
0xffe90505,
0xffe90505,
0xffe90505,
0xffe90505,
0xffe90505,
0xffe90505,
0xffe90505,
0xffe90505,
0xffe90505,
0xffe90505,
0xffe90505,
0xffe90505,
0xffe90505,
0xffe90505,
0xffe90505,
0xffe90505,
0xffe90505,
0xffe90505,
0xffe90505,
0xffe90505,
0xffe90505,
0xffe90505,
0xffe90505,
0xffe90505,
0xffe90505,
0xffe90505,
0xffe90505,
0xffe90505,
0xffe90505,
0xffe90505,
0xffe90505,
0xffe90505,
0xffe90505,
0xffe90505,
0xffe90505,
0xffe90505,
0xffe90505,
0xffe90505,
0xffe90505,
0xffe90505,
0xffe90505,
0xffe90505,
0xffe90505,
0xffe90505,
0xffe90505,
0xffe90505,
0xffe90505,
0xffe90505,
0xffe90505,
0xffe90505,
0xffe90505,
0xffe90505,
0xffe90505,
0xffe90505,
0xffe90505,
0xffe90505,
0xffe90505,
0xffe90505,
0xffe90505,
0xffe90505,
0xffe90505,
0xffe90505,
0xffe90505,
0xffe90505,
0xffe90505,
0xffe90505,
0xffe90505,
0xffe90505,
0xffe90505,
0xffe90505,
0xffe90505,
0xffe90505,
0xffe90505,
0xffe90505,
0xffe90505,
0xffe90505,
0xffe90505,
0xffe90505,
0xffe90505,
0xffe90505,
0xffe90505,
0xffe90505,
0xffe90505,
0xffe90505,
0xffe90505,
0xffe90505,
0xffe90505,
0xffe90505,
0xffe90505,
0xffe90505,
0xffe90505,
0xffe90505,
0xffe90505,
0xffe90505,
0xffe90505,
0xffe90505,
0xffe90505,
0xffe90505,
0xffe90505,
0xffe90505,
0xffe90505,
0xffe90505,
0xffe90505,
0xffe90505,
0xffe90505,
0xffe90505,
0xffe90505,
0xffe90505,
0xffe90505,
0xffe90505,
0xffe90505,
0xffe90505,
0xffe90505,
0xffe90505,
0xffe90505,
0xffe90505,
0xffe90505,
0xffe90505,
0xffe90505,
0xffe90505,
0xffe90505,
0xffe90505,
0xffe90505,
0xffe90505,
0xffe90505,
0xffe90505,
0xffe90505,
0xffe90505,
0xffe90505,
0xffe90505,
0xffe90505,
0xffe90505,
0xffe90505,
0xffe90505,
0xffe90505,
0xffe90505,
0xffe90505,
0xffe90505,
0xffe90505,
0xffe90505,
0xffe90505,
0xffe90505,
0xffe90505,
0xffe90505,
0xffe90505,
0xffe90505,
0xffe90505,
0xffe90505,
0xffe90505,
0xffe90505,
0xffe90505,
0xffe90505,
0xffe90505,
0xffe90505,
0xffe90505,
0xffe90505,
0xffe90505,
0xffe90505,
0xffe90505,
0xffe90505,
0xffe90505,
0xffe90505,
0xffe90505,
0xffe90505,
0xffe90505,
0xffe90505,
0xffe90505,
0xffe90505,
0xffe90505,
0xffe90505,
0xffe90505,
0xffe90505,
0xffe90505,
0xffe90505,
0xffe90505,
0xffe90505,
0xffe90505,
0xffe90505,
0xffe90505,
0xffe90505,
0xffe90505,
0xffe90505,
0xffe90505,
0xffe90505,
0xffe90505,
0xffe90505,
0xffe90505,
0xffe90505,
0xffe90505,
0xffe90505,
0xffe90505,
0xffe90505,
0xffe90505,
0xffe90505,
0xffe90505,
0xffe90505,
0xffe90505,
0xffe90505,
0xffe90505,
0xffe90505,
0xffe90505,
0xffe90505,
0xffe90505,
0xffe90505,
0xffe90505,
0xffe90505,
0xffe90505,
0xffe90505,
0xffe90505,
0xffe90505,
0xffe90505,
0xffe90505,
0xffe90505,
0xffe90505,
0xffe90505,
0xffe90505,
0xffe90505,
0xffe90505,
0xffe90505,
0xffe90505,
0xffe90505,
0xffe90505,
0xffe90505,
0xffe90505,
0xffe90505,
0xffe90505,
0xffe90505,
0xffe90505,
0xffe90505,
0xffe90505,
0xffe90505,
0xffe90505,
0xffe90505,
0xffe90505,
0xffe90505,
0xffe90505,
0xffe90505,
0xffe90505,
0xffe90505,
0xffe90505,
0xffe90505,
0xffe90505,
0xffe90505,
0xffe90505,
0xffe90505,
0xffe90505,
0xffe90505,
0xffe90505,
0xffe90505,
0xffe90505,
0xffe90505,
0xffe90505,
0xffe90505,
0xffe90505,
0xffe90505,
0xffe90505,
0xffe90505,
0xffe90505,
0xffe90505,
0xffe90505,
0xffe90505,
0xffe90505,
0xffe90505,
0xffe90505,
0xffe90505,
0xffe90505,
0xffe90505,
0xffe90505,
0xffe90505,
0xffe90505,
0xffe90505,
0xffe90505,
0xffe90505,
0xffe90505,
0xffe90505,
0xffe90505,
0xffe90505,
0xffe90505,
0xffe90505,
0xffe90505,
0xffe90505,
0xffe90505,
0xffe90505,
0xffe90505,
0xffe90505,
0xffe90505,
0xffe90505,
0xffe90505,
0xffe90505,
0xffe90505,
0xffe90505,
0xffe90505,
0xffe90505,
0xffe90505,
0xffe90505,
0xffe90505,
0xffe90505,
0xffe90505,
0xffe90505,
0xffe90505,
0xffe90505,
0xffe90505,
0xffe90505,
0xffe90505,
0xffe90505,
0xffe90505,
0xffe90505,
0xffe90505,
0xffe90505,
0xffe90505,
0xffe90505,
0xffe90505,
0xffe90505,
0xffe90505,
0xffe90505,
0xffe90505,
0xffe90505,
0xffe90505,
0xffe90505,
0xffe90505,
0xffe90505,
0xffe90505,
0xffe90505,
0xffe90505,
0xffe90505,
0xffe90505,
0xffe90505,
0xffe90505,
0xffe90505,
0xffe90505,
0xffe90505,
0xffe90505,
0xffe90505,
0xffe90505,
0xffe90505,
0xffe90505,
0xffe90505,
0xffe90505,
0xffe90505,
0xffe90505,
0xffe90505,
0xffe90505,
0xffe90505,
0xffe90505,
0xffe90505,
0xffe90505,
0xffe90505,
0xffe90505,
0xffe90505,
0xffe90505,
0xffe90505,
0xffe90505,
0xffe90505,
0xffe90505,
0xffe90505,
0xffe90505,
0xffe90505,
0xffe90505,
0xffe90505,
0xffe90505,
0xffe90505,
0xffe90505,
0xffe90505,
0xffe90505,
0xffe90505,
0xffe90505,
0xffe90505,
0xffe90505,
0xffe90505,
0xffe90505,
0xffe90505,
0xffe90505,
0xffe90505,
0xffe90505,
0xffe90505,
0xffe90505,
0xffe90505,
0xffe90505,
0xffe90505,
0xffe90505,
0xffe90505,
0xffe90505,
0xffe90505,
0xffe90505,
0xffe90505,
0xffe90505,
0xffe90505,
0xffe90505,
0xffe90505,
0xffe90505,
0xffe90505,
0xffe90505,
0xffe90505,
0xffe90505,
0xffe90505,
0xffe90505,
0xffe90505,
0xffe90505,
0xffe90505,
0xffe90505,
0xffe90505,
0xffe90505,
0xffe90505,
0xffe90505,
0xffe90505,
0xffe90505,
0xffe90505,
0xffe90505,
0xffe90505,
0xffe90505,
0xffe90505,
0xffe90505,
0xffe90505,
0xffe90505,
0xffe90505,
0xffe90505,
0xffe90505,
0xffe90505,
0xffe90505,
0xffe90505,
0xffe90505,
0xffe90505,
0xffe90505,
0xffe90505,
0xffe90505,
0xffe90505,
0xffe90505,
0xffe90505,
0xffe90505,
0xffe90505,
0xffe90505,
0xffe90505,
0xffe90505,
0xffe90505,
0xffe90505,
0xffe90505,
0xffe90505,
0xffe90505,
0xffe90505,
0xffe90505,
0xffe90505,
0xffe90505,
0xffe90505,
0xffe90505,
0xffe90505,
0xffe90505,
0xffe90505,
0xffe90505,
0xffe90505,
0xffe90505,
0xffe90505,
0xffe90505,
0xffe90505,
0xffe90505,
0xffe90505,
0xffe90505,
0xffe90505,
0xffe90505,
0xffe90505,
0xffe90505,
0xffe90505,
0xffe90505,
0xffe90505,
0xffe90505,
0xffe90505,
0xffe90505,
0xffe90505,
0xffe90505,
0xffe90505,
0xffe90505,
0xffe90505,
0xffe90505,
0xffe90505,
0xffe90505,
0xffe90505,
0xffe90505,
0xffe90505,
0xffe90505,
0xffe90505,
0xffe90505,
0xffe90505,
0xffe90505,
0xffe90505,
0xffe90505,
0xffe90505,
0xffe90505,
0xffe90505,
0xffe90505,
0xffe90505,
0xffe90505,
0xffe90505,
0xffe90505,
0xffe90505,
0xffe90505,
0xffe90505,
0xffe90505,
0xffe90505,
0xffe90505,
0xffe90505,
0xffe90505,
0xffe90505,
0xffe90505,
0xffe90505,
0xffe90505,
0xffe90505,
0xffe90505,
0xffe90505,
0xffe90505,
0xffe90505,
0xffe90505,
0xffe90505,
0xffe90505,
0xffe90505,
0xffe90505,
0xffe90505,
0xffe90505,
0xffe90505,
0xffe90505,
0xffe90505,
0xffe90505,
0xffe90505,
0xffe90505,
0xffe90505,
0xffe90505,
0xffe90505,
0xffe90505,
0xffe90505,
0xffe90505,
0xffe90505,
0xffe90505,
0xffe90505,
0xffe90505,
0xffe90505,
0xffe90505,
0xffe90505,
0xffe90505,
0xffe90505,
0xffe90505,
0xffe90505,
0xffe90505,
0xffe90505,
0xffe90505,
0xffe90505,
0xffe90505,
0xffe90505,
0xffe90505,
0xffe90505,
0xffe90505,
0xffe90505,
0xffe90505,
0xffe90505,
0xffe90505,
0xffe90505,
0xffe90505,
0xffe90505,
0xffe90505,
0xffe90505,
0xffe90505,
0xffe90505,
0xffe90505,
0xffe90505,
0xffe90505,
0xffe90505,
0xffe90505,
0xffe90505,
0xffe90505,
0xffe90505,
0xffe90505,
0xffe90505,
0xffe90505,
0xffe90505,
0xffe90505,
0xffe90505,
0xffe90505,
0xffe90505,
0xffe90505,
0xffe90505,
0xffe90505,
0xffe90505,
0xffe90505,
0xffe90505,
0xffe90505,
0xffe90505,
0xffe90505,
0xffe90505,
0xffe90505,
0xffe90505,
0xffe90505,
0xffe90505,
0xffe90505,
0xffe90505,
0xffe90505,
0xffe90505,
0xffe90505,
0xffe90505,
0xffe90505,
0xffe90505,
0xffe90505,
0xffe90505,
0xffe90505,
0xffe90505,
0xffe90505,
0xffe90505,
0xffe90505,
0xffe90505,
0xffe90505,
0xffe90505,
0xffe90505,
0xffe90505,
0xffe90505,
0xffe90505,
0xffe90505,
0xffe90505,
0xffe90505,
0xffe90505,
0xffe90505,
0xffe90505,
0xffe90505,
0xffe90505,
0xffe90505,
0xffe90505,
0xffe90505,
0xffe90505,
0xffe90505,
0xffe90505,
0xffe90505,
0xffe90505,
0xffe90505,
0xffe90505,
0xffe90505,
0xffe90505,
0xffe90505,
0xffe90505,
0xffe90505,
0xffe90505,
0xffe90505,
0xffe90505,
0xffe90505,
0xffe90505,
0xffe90505,
0xffe90505,
0xffe90505,
0xffe90505,
0xffe90505,
0xffe90505,
0xffe90505,
0xffe90505,
0xffe90505,
0xffe90505,
0xffe90505,
0xffe90505,
0xffe90505,
0xffe90505,
0xffe90505,
0xffe90505,
0xffe90505,
0xffe90505,
0xffe90505,
0xffe90505,
0xffe90505,
0xffe90505,
0xffe90505,
0xffe90505,
0xffe90505,
0xffe90505,
0xffe90505,
0xffe90505,
0xffe90505,
0xffe90505,
0xffe90505,
0xffe90505,
0xffe90505,
0xffe90505,
0xffe90505,
0xffe90505,
0xffe90505,
0xffe90505,
0xffe90505,
0xffe90505,
0xffe90505,
0xffe90505,
0xffe90505,
0xffe90505,
0xffe90505,
0xffe90505,
0xffe90505,
0xffe90505,
0xffe90505,
0xffe90505,
0xffe90505,
0xffe90505,
0xffe90505,
0xffe90505,
0xffe90505,
0xffe90505,
0xffe90505,
0xffe90505,
0xffe90505,
0xffe90505,
0xffe90505,
0xffe90505,
0xffe90505,
0xffe90505,
0xffe90505,
0xffe90505,
0xffe90505,
0xffe90505,
0xffe90505,
0xffe90505,
0xffe90505,
0xffe90505,
0xffe90505,
0xffe90505,
0xffe90505,
0xffe90505,
0xffe90505,
0xffe90505,
0xffe90505,
0xffe90505,
0xffe90505,
0xffe90505,
0xffe90505,
0xffe90505,
0xffe90505,
0xffe90505,
0xffe90505,
0xffe90505,
0xffe90505,
0xffe90505,
0xffe90505,
0xffe90505,
0xffe90505,
0xffe90505,
0xffe90505,
0xffe90505,
0xffe90505,
0xffe90505,
0xffe90505,
0xffe90505,
0xffe90505,
0xffe90505,
0xffe90505,
0xffe90505,
0xffe90505,
0xffe90505,
0xffe90505,
0xffe90505,
0xffe90505,
0xffe90505,
0xffe90505,
0xffe90505,
0xffe90505,
0xffe90505,
0xffe90505,
0xffe90505,
0xffe90505,
0xffe90505,
0xffe90505,
0xffe90505,
0xffe90505,
0xffe90505,
0xffe90505,
0xffe90505,
0xffe90505,
0xffe90505,
0xffe90505,
0xffe90505,
0xffe90505,
0xffe90505,
0xffe90505,
0xffe90505,
0xffe90505,
0xffe90505,
0xffe90505,
0xffe90505,
0xffe90505,
0xffe90505,
0xffe90505,
0xffe90505,
0xffe90505,
0xffe90505,
0xffe90505,
0xffe90505,
0xffe90505,
0xffe90505,
0xffe90505,
0xffe90505,
0xffe90505,
0xffe90505,
0xffe90505,
0xffe90505,
0xffe90505,
0xffe90505,
0xffe90505,
0xffe90505,
0xffe90505,
0xffe90505,
0xffe90505,
0xffe90505,
0xffe90505,
0xffe90505,
0xffe90505,
0xffe90505,
0xffe90505,
0xffe90505,
0xffe90505,
0xffe90505,
0xffe90505,
0xffe90505,
0xffe90505,
0xffe90505,
0xffe90505,
0xffe90505,
0xffe90505,
0xffe90505,
0xffe90505,
0xffe90505,
0xffe90505,
0xffe90505,
0xffe90505,
0xffe90505,
0xffe90505,
0xffe90505,
0xffe90505,
0xffe90505,
0xffe90505,
0xffe90505,
0xffe90505,
0xffe90505,
0xffe90505,
0xffe90505,
0xffe90505,
0xffe90505,
0xffe90505,
0xffe90505,
0xffe90505,
0xffe90505,
0xffe90505,
0xffe90505,
0xffe90505,
0xffe90505,
0xffe90505,
0xffe90505,
0xffe90505,
0xffe90505,
0xffe90505,
0xffe90505,
0xffe90505,
0xffe90505,
0xffe90505,
0xffe90505,
0xffe90505,
0xffe90505,
0xffe90505,
0xffe90505,
0xffe90505,
0xffe90505,
0xffe90505,
0xffe90505,
0xffe90505,
0xffe90505,
0xffe90505,
0xffe90505,
0xffe90505,
0xffe90505,
0xffe90505,
0xffe90505,
0xffe90505,
0xffe90505,
0xffe90505,
0xffe90505,
0xffe90505,
0xffe90505,
0xffe90505,
0xffe90505,
0xffe90505,
0xffe90505,
0xffe90505,
0xffe90505,
0xffe90505,
0xffe90505,
0xffe90505,
0xffe90505,
0xffe90505,
0xffe90505,
0xffe90505,
0xffe90505,
0xffe90505,
0xffe90505,
0xffe90505,
0xffe90505,
0xffe90505,
0xffe90505,
0xffe90505,
0xffe90505,
0xffe90505,
0xffe90505,
0xffe90505,
0xffe90505,
0xffe90505,
0xffe90505,
0xffe90505,
0xffe90505,
0xffe90505,
0xffe90505,
0xffe90505,
0xffe90505,
0xffe90505,
0xffe90505,
0xffe90505,
0xffe90505,
0xffe90505,
0xffe90505,
0xffe90505,
0xffe90505,
0xffe90505,
0xffe90505,
0xffe90505,
0xffe90505,
0xffe90505,
0xffe90505,
0xffe90505,
0xffe90505,
0xffe90505,
0xffe90505,
0xffe90505,
0xffe90505,
0xffe90505,
0xffe90505,
0xffe90505,
0xffe90505,
0xffe90505,
0xffe90505,
0xffe90505,
0xffe90505,
0xffe90505,
0xffe90505,
0xffe90505,
0xffe90505,
0xffe90505,
0xffe90505,
0xffe90505,
0xffe90505,
0xffe90505,
0xffe90505,
0xffe90505,
0xffe90505,
0xffe90505,
0xffe90505,
0xffe90505,
0xffe90505,
0xffe90505,
0xffe90505,
0xffe90505,
0xffe90505,
0xffe90505,
0xffe90505,
0xffe90505,
0xffe90505,
0xffe90505,
0xffe90505,
0xffe90505,
0xffe90505,
0xffe90505,
0xffe90505,
0xffe90505,
0xffe90505,
0xffe90505,
0xffe90505,
0xffe90505,
0xffe90505,
0xffe90505,
0xffe90505,
0xffe90505,
0xffe90505,
0xffe90505,
0xffe90505,
0xffe90505,
0xffe90505,
0xffe90505,
0xffe90505,
0xffe90505,
0xffe90505,
0xffe90505,
0xffe90505,
0xffe90505,
0xffe90505,
0xffe90505,
0xffe90505,
0xffe90505,
0xffe90505,
0xffe90505,
0xffe90505,
0xffe90505,
0xffe90505,
0xffe90505,
0xffe90505,
0xffe90505,
0xffe90505,
0xffe90505,
0xffe90505,
0xffe90505,
0xffe90505,
0xffe90505,
0xffe90505,
0xffe90505,
0xffe90505,
0xffe90505,
0xffe90505,
0xffe90505,
0xffe90505,
0xffe90505,
0xffe90505,
0xffe90505,
0xffe90505,
0xffe90505,
0xffe90505,
0xffe90505,
0xffe90505,
0xffe90505,
0xffe90505,
0xffe90505,
0xffe90505,
0xffe90505,
0xffe90505,
0xffe90505,
0xffe90505,
0xffe90505,
0xffe90505,
0xffe90505,
0xffe90505,
0xffe90505,
0xffe90505,
0xffe90505,
0xffe90505,
0xffe90505,
0xffe90505,
0xffe90505,
0xffe90505,
0xffe90505,
0xffe90505,
0xffe90505,
0xffe90505,
0xffe90505,
0xffe90505,
0xffe90505,
0xffe90505,
0xffe90505,
0xffe90505,
0xffe90505,
0xffe90505,
0xffe90505,
0xffe90505,
0xffe90505,
0xffe90505,
0xffe90505,
0xffe90505,
0xffe90505,
0xffe90505,
0xffe90505,
0xffe90505,
0xffe90505,
0xffe90505,
0xffe90505,
0xffe90505,
0xffe90505,
0xffe90505,
0xffe90505,
0xffe90505,
0xffe90505,
0xffe90505,
0xffe90505,
0xffe90505,
0xffe90505,
0xffe90505,
0xffe90505,
0xffe90505,
0xffe90505,
0xffe90505,
0xffe90505,
0xffe90505,
0xffe90505,
0xffe90505,
0xffe90505,
0xffe90505,
0xffe90505,
0xffe90505,
0xffe90505,
0xffe90505,
0xffe90505,
0xffe90505,
0xffe90505,
0xffe90505,
0xffe90505,
0xffe90505,
0xffe90505,
0xffe90505,
0xffe90505,
0xffe90505,
0xffe90505,
0xffe90505,
0xffe90505,
0xffe90505,
0xffe90505,
0xffe90505,
0xffe90505,
0xffe90505,
0xffe90505,
0xffe90505,
0xffe90505,
0xffe90505,
0xffe90505,
0xffe90505,
0xffe90505,
0xffe90505,
0xffe90505,
0xffe90505,
0xffe90505,
0xffe90505,
0xffe90505,
0xffe90505,
0xffe90505,
0xffe90505,
0xffe90505,
0xffe90505,
0xffe90505,
0xffe90505,
0xffe90505,
0xffe90505,
0xffe90505,
0xffe90505,
0xffe90505,
0xffe90505,
0xffe90505,
0xffe90505,
0xffe90505,
0xffe90505,
0xffe90505,
0xffe90505,
0xffe90505,
0xffe90505,
0xffe90505,
0xffe90505,
0xffe90505,
0xffe90505,
0xffe90505,
0xffe90505,
0xffe90505,
0xffe90505,
0xffe90505,
0xffe90505,
0xffe90505,
0xffe90505,
0xffe90505,
0xffe90505,
0xffe90505,
0xffe90505,
0xffe90505,
0xffe90505,
0xffe90505,
0xffe90505,
0xffe90505,
0xffe90505,
0xffe90505,
0xffe90505,
0xffe90505,
0xffe90505,
0xffe90505,
0xffe90505,
0xffe90505,
0xffe90505,
0xffe90505,
0xffe90505,
0xffe90505,
0xffe90505,
0xffe90505,
0xffe90505,
0xffe90505,
0xffe90505,
0xffe90505,
0xffe90505,
0xffe90505,
0xffe90505,
0xffe90505,
0xffe90505,
0xffe90505,
0xffe90505,
0xffe90505,
0xffe90505,
0xffe90505,
0xffe90505,
0xffe90505,
0xffe90505,
0xffe90505,
0xffe90505,
0xffe90505,
0xffe90505,
0xffe90505,
0xffe90505,
0xffe90505,
0xffe90505,
0xffe90505,
0xffe90505,
0xffe90505,
0xffe90505,
0xffe90505,
0xffe90505,
0xffe90505,
0xffe90505,
0xffe90505,
0xffe90505,
0xffe90505,
0xffe90505,
0xffe90505,
0xffe90505,
0xffe90505,
0xffe90505,
0xffe90505,
0xffe90505,
0xffe90505,
0xffe90505,
0xffe90505,
0xffe90505,
0xffe90505,
0xffe90505,
0xffe90505,
0xffe90505,
0xffe90505,
0xffe90505,
0xffe90505,
0xffe90505,
0xffe90505,
0xffe90505,
0xffe90505,
0xffe90505,
0xffe90505,
0xffe90505,
0xffe90505,
0xffe90505,
0xffe90505,
0xffe90505,
0xffe90505,
0xffe90505,
0xffe90505,
0xffe90505,
0xffe90505,
0xffe90505,
0xffe90505,
0xffe90505,
0xffe90505,
0xffe90505,
0xffe90505,
0xffe90505,
0xffe90505,
0xffe90505,
0xffe90505,
0xffe90505,
0xffe90505,
0xffe90505,
0xffe90505,
0xffe90505,
0xffe90505,
0xffe90505,
0xffe90505,
0xffe90505,
0xffe90505,
0xffe90505,
0xffe90505,
0xffe90505,
0xffe90505,
0xffe90505,
0xffe90505,
0xffe90505,
0xffe90505,
0xffe90505,
0xffe90505,
0xffe90505,
0xffe90505,
0xffe90505,
0xffe90505,
0xffe90505,
0xffe90505,
0xffe90505,
0xffe90505,
0xffe90505,
0xffe90505,
0xffe90505,
0xffe90505,
0xffe90505,
0xffe90505,
0xffe90505,
0xffe90505,
0xffe90505,
0xffe90505,
0xffe90505,
0xffe90505,
0xffe90505,
0xffe90505,
0xffe90505,
0xffe90505,
0xffe90505,
0xffe90505,
0xffe90505,
0xffe90505,
0xffe90505,
0xffe90505,
0xffe90505,
0xffe90505,
0xffe90505,
0xffe90505,
0xffe90505,
0xffe90505,
0xffe90505,
0xffe90505,
0xffe90505,
0xffe90505,
0xffe90505,
0xffe90505,
0xffe90505,
0xffe90505,
0xffe90505,
0xffe90505,
0xffe90505,
0xffe90505,
0xffe90505,
0xffe90505,
0xffe90505,
0xffe90505,
0xffe90505,
0xffe90505,
0xffe90505,
0xffe90505,
0xffe90505,
0xffe90505,
0xffe90505,
0xffe90505,
0xffe90505,
0xffe90505,
0xffe90505,
0xffe90505,
0xffe90505,
0xffe90505,
0xffe90505,
0xffe90505,
0xffe90505,
0xffe90505,
0xffe90505,
0xffe90505,
0xffe90505,
0xffe90505,
0xffe90505,
0xffe90505,
0xffe90505,
0xffe90505,
0xffe90505,
0xffe90505,
0xffe90505,
0xffe90505,
0xffe90505,
0xffe90505,
0xffe90505,
0xffe90505,
0xffe90505,
0xffe90505,
0xffe90505,
0xffe90505,
0xffe90505,
0xffe90505,
0xffe90505,
0xffe90505,
0xffe90505,
0xffe90505,
0xffe90505,
0xffe90505,
0xffe90505,
0xffe90505,
0xffe90505,
0xffe90505,
0xffe90505,
0xffe90505,
0xffe90505,
0xffe90505,
0xffe90505,
0xffe90505,
0xffe90505,
0xffe90505,
0xffe90505,
0xffe90505,
0xffe90505,
0xffe90505,
0xffe90505,
0xffe90505,
0xffe90505,
0xffe90505,
0xffe90505,
0xffe90505,
0xffe90505,
0xffe90505,
0xffe90505,
0xffe90505,
0xffe90505,
0xffe90505,
0xffe90505,
0xffe90505,
0xffe90505,
0xffe90505,
0xffe90505,
0xffe90505,
0xffe90505,
0xffe90505,
0xffe90505,
0xffe90505,
0xffe90505,
0xffe90505,
0xffe90505,
0xffe90505,
0xffe90505,
0xffe90505,
0xffe90505,
0xffe90505,
0xffe90505,
0xffe90505,
0xffe90505,
0xffe90505,
0xffe90505,
0xffe90505,
0xffe90505,
0xffe90505,
0xffe90505,
0xffe90505,
0xffe90505,
0xffe90505,
0xffe90505,
0xffe90505,
0xffe90505,
0xffe90505,
0xffe90505,
0xffe90505,
0xffe90505,
0xffe90505,
0xffe90505,
0xffe90505,
0xffe90505,
0xffe90505,
0xffe90505,
0xffe90505,
0xffe90505,
0xffe90505,
0xffe90505,
0xffe90505,
0xffe90505,
0xffe90505,
0xffe90505,
0xffe90505,
0xffe90505,
0xffe90505,
0xffe90505,
0xffe90505,
0xffe90505,
0xffe90505,
0xffe90505,
0xffe90505,
0xffe90505,
0xffe90505,
0xffe90505,
0xffe90505,
0xffe90505,
0xffe90505,
0xffe90505,
0xffe90505,
0xffe90505,
0xffe90505,
0xffe90505,
0xffe90505,
0xffe90505,
0xffe90505,
0xffe90505,
0xffe90505,
0xffe90505,
0xffe90505,
0xffe90505,
0xffe90505,
0xffe90505,
0xffe90505,
0xffe90505,
0xffe90505,
0xffe90505,
0xffe90505,
0xffe90505,
0xffe90505,
0xffe90505,
0xffe90505,
0xffe90505,
0xffe90505,
0xffe90505,
0xffe90505,
0xffe90505,
0xffe90505,
0xffe90505,
0xffe90505,
0xffe90505,
0xffe90505,
0xffe90505,
0xffe90505,
0xffe90505,
0xffe90505,
0xffe90505,
0xffe90505,
0xffe90505,
0xffe90505,
0xffe90505,
0xffe90505,
0xffe90505,
0xffe90505,
0xffe90505,
0xffe90505,
0xffe90505,
0xffe90505,
0xffe90505,
0xffe90505,
0xffe90505,
0xffe90505,
0xffe90505,
0xffe90505,
0xffe90505,
0xffe90505,
0xffe90505,
0xffe90505,
0xffe90505,
0xffe90505,
0xffe90505,
0xffe90505,
0xffe90505,
0xffe90505,
0xffe90505,
0xffe90505,
0xffe90505,
0xffe90505,
0xffe90505,
0xffe90505,
0xffe90505,
0xffe90505,
0xffe90505,
0xffe90505,
0xffe90505,
0xffe90505,
0xffe90505,
0xffe90505,
0xffe90505,
0xffe90505,
0xffe90505,
0xffe90505,
0xffe90505,
0xffe90505,
0xffe90505,
0xffe90505,
0xffe90505,
0xffe90505,
0xffe90505,
0xffe90505,
0xffe90505,
0xffe90505,
0xffe90505,
0xffe90505,
0xffe90505,
0xffe90505,
0xffe90505,
0xffe90505,
0xffe90505,
0xffe90505,
0xffe90505,
0xffe90505,
0xffe90505,
0xffe90505,
0xffe90505,
0xffe90505,
0xffe90505,
0xffe90505,
0xffe90505,
0xffe90505,
0xffe90505,
0xffe90505,
0xffe90505,
0xffe90505,
0xffe90505,
0xffe90505,
0xffe90505,
0xffe90505,
0xffe90505,
0xffe90505,
0xffe90505,
0xffe90505,
0xffe90505,
0xffe90505,
0xffe90505,
0xffe90505,
0xffe90505,
0xffe90505,
0xffe90505,
0xffe90505,
0xffe90505,
0xffe90505,
0xffe90505,
0xffe90505,
0xffe90505,
0xffe90505,
0xffe90505,
0xffe90505,
0xffe90505,
0xffe90505,
0xffe90505,
0xffe90505,
0xffe90505,
0xffe90505,
0xffe90505,
0xffe90505,
0xffe90505,
0xffe90505,
0xffe90505,
0xffe90505,
0xffe90505,
0xffe90505,
0xffe90505,
0xffe90505,
0xffe90505,
0xffe90505,
0xffe90505,
0xffe90505,
0xffe90505,
0xffe90505,
0xffe90505,
0xffe90505,
0xffe90505,
0xffe90505,
0xffe90505,
0xffe90505,
0xffe90505,
0xffe90505,
0xffe90505,
0xffe90505,
0xffe90505,
0xffe90505,
0xffe90505,
0xffe90505,
0xffe90505,
0xffe90505,
0xffe90505,
0xffe90505,
0xffe90505,
0xffe90505,
0xffe90505,
0xffe90505,
0xffe90505,
0xffe90505,
0xffe90505,
0xffe90505,
0xffe90505,
0xffe90505,
0xffe90505,
0xffe90505,
0xffe90505,
0xffe90505,
0xffe90505,
0xffe90505,
0xffe90505,
0xffe90505,
0xffe90505,
0xffe90505,
0xffe90505,
0xffe90505,
0xffe90505,
0xffe90505,
0xffe90505,
0xffe90505,
0xffe90505,
0xffe90505,
0xffe90505,
0xffe90505,
0xffe90505,
0xffe90505,
0xffe90505,
0xffe90505,
0xffe90505,
0xffe90505,
0xffe90505,
0xffe90505,
0xffe90505,
0xffe90505,
0xffe90505,
0xffe90505,
0xffe90505,
0xffe90505,
0xffe90505,
0xffe90505,
0xffe90505,
0xffe90505,
0xffe90505,
0xffe90505,
0xffe90505,
0xffe90505,
0xffe90505,
0xffe90505,
0xffe90505,
0xffe90505,
0xffe90505,
0xffe90505,
0xffe90505,
0xffe90505,
0xffe90505,
0xffe90505,
0xffe90505,
0xffe90505,
0xffe90505,
0xffe90505,
0xffe90505,
0xffe90505,
0xffe90505,
0xffe90505,
0xffe90505,
0xffe90505,
0xffe90505,
0xffe90505,
0xffe90505,
0xffe90505,
0xffe90505,
0xffe90505,
0xffe90505,
0xffe90505,
0xffe90505,
0xffe90505,
0xffe90505,
0xffe90505,
0xffe90505,
0xffe90505,
0xffe90505,
0xffe90505,
0xffe90505,
0xffe90505,
0xffe90505,
0xffe90505,
0xffe90505,
0xffe90505,
0xffe90505,
0xffe90505,
0xffe90505,
0xffe90505,
0xffe90505,
0xffe90505,
0xffe90505,
0xffe90505,
0xffe90505,
0xffe90505,
0xffe90505,
0xffe90505,
0xffe90505,
0xffe90505,
0xffe90505,
0xffe90505,
0xffe90505,
0xffe90505,
0xffe90505,
0xffe90505,
0xffe90505,
0xffe90505,
0xffe90505,
0xffe90505,
0xffe90505,
0xffe90505,
0xffe90505,
0xffe90505,
0xffe90505,
0xffe90505,
0xffe90505,
0xffe90505,
0xffe90505,
0xffe90505,
0xffe90505,
0xffe90505,
0xffe90505,
0xffe90505,
0xffe90505,
0xffe90505,
0xffe90505,
0xffe90505,
0xffe90505,
0xffe90505,
0xffe90505,
0xffe90505,
0xffe90505,
0xffe90505,
0xffe90505,
0xffe90505,
0xffe90505,
0xffe90505,
0xffe90505,
0xffe90505,
0xffe90505,
0xffe90505,
0xffe90505,
0xffe90505,
0xffe90505,
0xffe90505,
0xffe90505,
0xffe90505,
0xffe90505,
0xffe90505,
0xffe90505,
0xffe90505,
0xffe90505,
0xffe90505,
0xffe90505,
0xffe90505,
0xffe90505,
0xffe90505,
0xffe90505,
0xffe90505,
0xffe90505,
0xffe90505,
0xffe90505,
0xffe90505,
0xffe90505,
0xffe90505,
0xffe90505,
0xffe90505,
0xffe90505,
0xffe90505,
0xffe90505,
0xffe90505,
0xffe90505,
0xffe90505,
0xffe90505,
0xffe90505,
0xffe90505,
0xffe90505,
0xffe90505,
0xffe90505,
0xffe90505,
0xffe90505,
0xffe90505,
0xffe90505,
0xffe90505,
0xffe90505,
0xffe90505,
0xffe90505,
0xffe90505,
0xffe90505,
0xffe90505,
0xffe90505,
0xffe90505,
0xffe90505,
0xffe90505,
0xffe90505,
0xffe90505,
0xffe90505,
0xffe90505,
0xffe90505,
0xffe90505,
0xffe90505,
0xffe90505,
0xffe90505,
0xffe90505,
0xffe90505,
0xffe90505,
0xffe90505,
0xffe90505,
0xffe90505,
0xffe90505,
0xffe90505,
0xffe90505,
0xffe90505,
0xffe90505,
0xffe90505,
0xffe90505,
0xffe90505,
0xffe90505,
0xffe90505,
0xffe90505,
0xffe90505,
0xffe90505,
0xffe90505,
0xffe90505,
0xffe90505,
0xffe90505,
0xffe90505,
0xffe90505,
0xffe90505,
0xffe90505,
0xffe90505,
0xffe90505,
0xffe90505,
0xffe90505,
0xffe90505,
0xffe90505,
0xffe90505,
0xffe90505,
0xffe90505,
0xffe90505,
0xffe90505,
0xffe90505,
0xffe90505,
0xffe90505,
0xffe90505,
0xffe90505,
0xffe90505,
0xffe90505,
0xffe90505,
0xffe90505,
0xffe90505,
0xffe90505,
0xffe90505,
0xffe90505,
0xffe90505,
0xffe90505,
0xffe90505,
0xffe90505,
0xffe90505,
0xffe90505,
0xffe90505,
0xffe90505,
0xffe90505,
0xffe90505,
0xffe90505,
0xffe90505,
0xffe90505,
0xffe90505,
0xffe90505,
0xffe90505,
0xffe90505,
0xffe90505,
0xffe90505,
0xffe90505,
0xffe90505,
0xffe90505,
0xffe90505,
0xffe90505,
0xffe90505,
0xffe90505,
0xffe90505,
0xffe90505,
0xffe90505,
0xffe90505,
0xffe90505,
0xffe90505,
0xffe90505,
0xffe90505,
0xffe90505,
0xffe90505,
0xffe90505,
0xffe90505,
0xffe90505,
0xffe90505,
0xffe90505,
0xffe90505,
0xffe90505,
0xffe90505,
0xffe90505,
0xffe90505,
0xffe90505,
0xffe90505,
0xffe90505,
0xffe90505,
0xffe90505,
0xffe90505,
0xffe90505,
0xffe90505,
0xffe90505,
0xffe90505,
0xffe90505,
0xffe90505,
0xffe90505,
0xffe90505,
0xffe90505,
0xffe90505,
0xffe90505,
0xffe90505,
0xffe90505,
0xffe90505,
0xffe90505,
0xffe90505,
0xffe90505,
0xffe90505,
0xffe90505,
0xffe90505,
0xffe90505,
0xffe90505,
0xffe90505,
0xffe90505,
0xffe90505,
0xffe90505,
0xffe90505,
0xffe90505,
0xffe90505,
0xffe90505,
0xffe90505,
0xffe90505,
0xffe90505,
0xffe90505,
0xffe90505,
0xffe90505,
0xffe90505,
0xffe90505,
0xffe90505,
0xffe90505,
0xffe90505,
0xffe90505,
0xffe90505,
0xffe90505,
0xffe90505,
0xffe90505,
0xffe90505,
0xffe90505,
0xffe90505,
0xffe90505,
0xffe90505,
0xffe90505,
0xffe90505,
0xffe90505,
0xffe90505,
0xffe90505,
0xffe90505,
0xffe90505,
0xffe90505,
0xffe90505,
0xffe90505,
0xffe90505,
0xffe90505,
0xffe90505,
0xffe90505,
0xffe90505,
0xffe90505,
0xffe90505,
0xffe90505,
0xffe90505,
0xffe90505,
0xffe90505,
0xffe90505,
0xffe90505,
0xffe90505,
0xffe90505,
0xffe90505,
0xffe90505,
0xffe90505,
0xffe90505,
0xffe90505,
0xffe90505,
0xffe90505,
0xffe90505,
0xffe90505,
0xffe90505,
0xffe90505,
0xffe90505,
0xffe90505,
0xffe90505,
0xffe90505,
0xffe90505,
0xffe90505,
0xffe90505,
0xffe90505,
0xffe90505,
0xffe90505,
0xffe90505,
0xffe90505,
0xffe90505,
0xffe90505,
0xffe90505,
0xffe90505,
0xffe90505,
0xffe90505,
0xffe90505,
0xffe90505,
0xffe90505,
0xffe90505,
0xffe90505,
0xffe90505,
0xffe90505,
0xffe90505,
0xffe90505,
0xffe90505,
0xffe90505,
0xffe90505,
0xffe90505,
0xffe90505,
0xffe90505,
0xffe90505,
0xffe90505,
0xffe90505,
0xffe90505,
0xffe90505,
0xffe90505,
0xffe90505,
0xffe90505,
0xffe90505,
0xffe90505,
0xffe90505,
0xffe90505,
0xffe90505,
0xffe90505,
0xffe90505,
0xffe90505,
0xffe90505,
0xffe90505,
0xffe90505,
0xffe90505,
0xffe90505,
0xffe90505,
0xffe90505,
0xffe90505,
0xffe90505,
0xffe90505,
0xffe90505,
0xffe90505,
0xffe90505,
0xffe90505,
0xffe90505,
0xffe90505,
0xffe90505,
0xffe90505,
0xffe90505,
0xffe90505,
0xffe90505,
0xffe90505,
0xffe90505,
0xffe90505,
0xffe90505,
0xffe90505,
0xffe90505,
0xffe90505,
0xffe90505,
0xffe90505,
0xffe90505,
0xffe90505,
0xffe90505,
0xffe90505,
0xffe90505,
0xffe90505,
0xffe90505,
0xffe90505,
0xffe90505,
0xffe90505,
0xffe90505,
0xffe90505,
0xffe90505,
0xffe90505,
0xffe90505,
0xffe90505,
0xffe90505,
0xffe90505,
0xffe90505,
0xffe90505,
0xffe90505,
0xffe90505,
0xffe90505,
0xffe90505,
0xffe90505,
0xffe90505,
0xffe90505,
0xffe90505,
0xffe90505,
0xffe90505,
0xffe90505,
0xffe90505,
0xffe90505,
0xffe90505,
0xffe90505,
0xffe90505,
0xffe90505,
0xffe90505,
0xffe90505,
0xffe90505,
0xffe90505,
0xffe90505,
0xffe90505,
0xffe90505,
0xffe90505,
0xffe90505,
0xffe90505,
0xffe90505,
0xffe90505,
0xffe90505,
0xffe90505,
0xffe90505,
0xffe90505,
0xffe90505,
0xffe90505,
0xffe90505,
0xffe90505,
0xffe90505,
0xffe90505,
0xffe90505,
0xffe90505,
0xffe90505,
0xffe90505,
0xffe90505,
0xffe90505,
0xffe90505,
0xffe90505,
0xffe90505,
0xffe90505,
0xffe90505,
0xffe90505,
0xffe90505,
0xffe90505,
0xffe90505,
0xffe90505,
0xffe90505,
0xffe90505,
0xffe90505,
0xffe90505,
0xffe90505,
0xffe90505,
0xffe90505,
0xffe90505,
0xffe90505,
0xffe90505,
0xffe90505,
0xffe90505,
0xffe90505,
0xffe90505,
0xffe90505,
0xffe90505,
0xffe90505,
0xffe90505,
0xffe90505,
0xffe90505,
0xffe90505,
0xffe90505,
0xffe90505,
0xffe90505,
0xffe90505,
0xffe90505,
0xffe90505,
0xffe90505,
0xffe90505,
0xffe90505,
0xffe90505,
0xffe90505,
0xffe90505,
0xffe90505,
0xffe90505,
0xffe90505,
0xffe90505,
0xffe90505,
0xffe90505,
0xffe90505,
0xffe90505,
0xffe90505,
0xffe90505,
0xffe90505,
0xffe90505,
0xffe90505,
0xffe90505,
0xffe90505,
0xffe90505,
0xffe90505,
0xffe90505,
0xffe90505,
0xffe90505,
0xffe90505,
0xffe90505,
0xffe90505,
0xffe90505,
0xffe90505,
0xffe90505,
0xffe90505,
0xffe90505,
0xffe90505,
0xffe90505,
0xffe90505,
0xffe90505,
0xffe90505,
0xffe90505,
0xffe90505,
0xffe90505,
0xffe90505,
0xffe90505,
0xffe90505,
0xffe90505,
0xffe90505,
0xffe90505,
0xffe90505,
0xffe90505,
0xffe90505,
0xffe90505,
0xffe90505,
0xffe90505,
0xffe90505,
0xffe90505,
0xffe90505,
0xffe90505,
0xffe90505,
0xffe90505,
0xffe90505,
0xffe90505,
0xffe90505,
0xffe90505,
0xffe90505,
0xffe90505,
0xffe90505,
0xffe90505,
0xffe90505,
0xffe90505,
0xffe90505,
0xffe90505,
0xffe90505,
0xffe90505,
0xffe90505,
0xffe90505,
0xffe90505,
0xffe90505,
0xffe90505,
0xffe90505,
0xffe90505,
0xffe90505,
0xffe90505,
0xffe90505,
0xffe90505,
0xffe90505,
0xffe90505,
0xffe90505,
0xffe90505,
0xffe90505,
0xffe90505,
0xffe90505,
0xffe90505,
0xffe90505,
0xffe90505,
0xffe90505,
0xffe90505,
0xffe90505,
0xffe90505,
0xffe90505,
0xffe90505,
0xffe90505,
0xffe90505,
0xffe90505,
0xffe90505,
0xffe90505,
0xffe90505,
0xffe90505,
0xffe90505,
0xffe90505,
0xffe90505,
0xffe90505,
0xffe90505,
0xffe90505,
0xffe90505,
0xffe90505,
0xffe90505,
0xffe90505,
0xffe90505,
0xffe90505,
0xffe90505,
0xffe90505,
0xffe90505,
0xffe90505,
0xffe90505,
0xffe90505,
0xffe90505,
0xffe90505,
0xffe90505,
0xffe90505,
0xffe90505,
0xffe90505,
0xffe90505,
0xffe90505,
0xffe90505,
0xffe90505,
0xffe90505,
0xffe90505,
0xffe90505,
0xffe90505,
0xffe90505,
0xffe90505,
0xffe90505,
0xffe90505,
0xffe90505,
0xffe90505,
0xffe90505,
0xffe90505,
0xffe90505,
0xffe90505,
0xffe90505,
0xffe90505,
0xffe90505,
0xffe90505,
0xffe90505,
0xffe90505,
0xffe90505,
0xffe90505,
0xffe90505,
0xffe90505,
0xffe90505,
0xffe90505,
0xffe90505,
0xffe90505,
0xffe90505,
0xffe90505,
0xffe90505,
0xffe90505,
0xffe90505,
0xffe90505,
0xffe90505,
0xffe90505,
0xffe90505,
0xffe90505,
0xffe90505,
0xffe90505,
0xffe90505,
0xffe90505,
0xffe90505,
0xffe90505,
0xffe90505,
0xffe90505,
0xffe90505,
0xffe90505,
0xffe90505,
0xffe90505,
0xffe90505,
0xffe90505,
0xffe90505,
0xffe90505,
0xffe90505,
0xffe90505,
0xffe90505,
0xffe90505,
0xffe90505,
0xffe90505,
0xffe90505,
0xffe90505,
0xffe90505,
0xffe90505,
0xffe90505,
0xffe90505,
0xffe90505,
0xffe90505,
0xffe90505,
0xffe90505,
0xffe90505,
0xffe90505,
0xffe90505,
0xffe90505,
0xffe90505,
0xffe90505,
0xffe90505,
0xffe90505,
0xffe90505,
0xffe90505,
0xffe90505,
0xffe90505,
0xffe90505,
0xffe90505,
0xffe90505,
0xffe90505,
0xffe90505,
0xffe90505,
0xffe90505,
0xffe90505,
0xffe90505,
0xffe90505,
0xffe90505,
0xffe90505,
0xffe90505,
0xffe90505,
0xffe90505,
0xffe90505,
0xffe90505,
0xffe90505,
0xffe90505,
0xffe90505,
0xffe90505,
0xffe90505,
0xffe90505,
0xffe90505,
0xffe90505,
0xffe90505,
0xffe90505,
0xffe90505,
0xffe90505,
0xffe90505,
0xffe90505,
0xffe90505,
0xffe90505,
0xffe90505,
0xffe90505,
0xffe90505,
0xffe90505,
0xffe90505,
0xffe90505,
0xffe90505,
0xffe90505,
0xffe90505,
0xffe90505,
0xffe90505,
0xffe90505,
0xffe90505,
0xffe90505,
0xffe90505,
0xffe90505,
0xffe90505,
0xffe90505,
0xffe90505,
0xffe90505,
0xffe90505,
0xffe90505,
0xffe90505,
0xffe90505,
0xffe90505,
0xffe90505,
0xffe90505,
0xffe90505,
0xffe90505,
0xffe90505,
0xffe90505,
0xffe90505,
0xffe90505,
0xffe90505,
0xffe90505,
0xffe90505,
0xffe90505,
0xffe90505,
0xffe90505,
0xffe90505,
0xffe90505,
0xffe90505,
0xffe90505,
0xffe90505,
0xffe90505,
0xffe90505,
0xffe90505,
0xffe90505,
0xffe90505,
0xffe90505,
0xffe90505,
0xffe90505,
0xffe90505,
0xffe90505,
0xffe90505,
0xffe90505,
0xffe90505,
0xffe90505,
0xffe90505,
0xffe90505,
0xffe90505,
0xffe90505,
0xffe90505,
0xffe90505,
0xffe90505,
0xffe90505,
0xffe90505,
0xffe90505,
0xffe90505,
0xffe90505,
0xffe90505,
0xffe90505,
0xffe90505,
0xffe90505,
0xffe90505,
0xffe90505,
0xffe90505,
0xffe90505,
0xffe90505,
0xffe90505,
0xffe90505,
0xffe90505,
0xffe90505,
0xffe90505,
0xffe90505,
0xffe90505,
0xffe90505,
0xffe90505,
0xffe90505,
0xffe90505,
0xffe90505,
0xffe90505,
0xffe90505,
0xffe90505,
0xffe90505,
0xffe90505,
0xffe90505,
0xffe90505,
0xffe90505,
0xffe90505,
0xffe90505,
0xffe90505,
0xffe90505,
0xffe90505,
0xffe90505,
0xffe90505,
0xffe90505,
0xffe90505,
0xffe90505,
0xffe90505,
0xffe90505,
0xffe90505,
0xffe90505,
0xffe90505,
0xffe90505,
0xffe90505,
0xffe90505,
0xffe90505,
0xffe90505,
0xffe90505,
0xffe90505,
0xffe90505,
0xffe90505,
0xffe90505,
0xffe90505,
0xffe90505,
0xffe90505,
0xffe90505,
0xffe90505,
0xffe90505,
0xffe90505,
0xffe90505,
0xffe90505,
0xffe90505,
0xffe90505,
0xffe90505,
0xffe90505,
0xffe90505,
0xffe90505,
0xffe90505,
0xffe90505,
0xffe90505,
0xffe90505,
0xffe90505,
0xffe90505,
0xffe90505,
0xffe90505,
0xffe90505,
0xffe90505,
0xffe90505,
0xffe90505,
0xffe90505,
0xffe90505,
0xffe90505,
0xffe90505,
0xffe90505,
0xffe90505,
0xffe90505,
0xffe90505,
0xffe90505,
0xffe90505,
0xffe90505,
0xffe90505,
0xffe90505,
0xffe90505,
0xffe90505,
0xffe90505,
0xffe90505,
0xffe90505,
0xffe90505,
0xffe90505,
0xffe90505,
0xffe90505,
0xffe90505,
0xffe90505,
0xffe90505,
0xffe90505,
0xffe90505,
0xffe90505,
0xffe90505,
0xffe90505,
0xffe90505,
0xffe90505,
0xffe90505,
0xffe90505,
0xffe90505,
0xffe90505,
0xffe90505,
0xffe90505,
0xffe90505,
0xffe90505,
0xffe90505,
0xffe90505,
0xffe90505,
0xffe90505,
0xffe90505,
0xffe90505,
0xffe90505,
0xffe90505,
0xffe90505,
0xffe90505,
0xffe90505,
0xffe90505,
0xffe90505,
0xffe90505,
0xffe90505,
0xffe90505,
0xffe90505,
0xffe90505,
0xffe90505,
0xffe90505,
0xffe90505,
0xffe90505,
0xffe90505,
0xffe90505,
0xffe90505,
0xffe90505,
0xffe90505,
0xffe90505,
0xffe90505,
0xffe90505,
0xffe90505,
0xffe90505,
0xffe90505,
0xffe90505,
0xffe90505,
0xffe90505,
0xffe90505,
0xffe90505,
0xffe90505,
0xffe90505,
0xffe90505,
0xffe90505,
0xffe90505,
0xffe90505,
0xffe90505,
0xffe90505,
0xffe90505,
0xffe90505,
0xffe90505,
0xffe90505,
0xffe90505,
0xffe90505,
0xffe90505,
0xffe90505,
0xffe90505,
0xffe90505,
0xffe90505,
0xffe90505,
0xffe90505,
0xffe90505,
0xffe90505,
0xffe90505,
0xffe90505,
0xffe90505,
0xffe90505,
0xffe90505,
0xffe90505,
0xffe90505,
0xffe90505,
0xffe90505,
0xffe90505,
0xffe90505,
0xffe90505,
0xffe90505,
0xffe90505,
0xffe90505,
0xffe90505,
0xffe90505,
0xffe90505,
0xffe90505,
0xffe90505,
0xffe90505,
0xffe90505,
0xffe90505,
0xffe90505,
0xffe90505,
0xffe90505,
0xffe90505,
0xffe90505,
0xffe90505,
0xffe90505,
0xffe90505,
0xffe90505,
0xffe90505,
0xffe90505,
0xffe90505,
0xffe90505,
0xffe90505,
0xffe90505,
0xffe90505,
0xffe90505,
0xffe90505,
0xffe90505,
0xffe90505,
0xffe90505,
0xffe90505,
0xffe90505,
0xffe90505,
0xffe90505,
0xffe90505,
0xffe90505,
0xffe90505,
0xffe90505,
0xffe90505,
0xffe90505,
0xffe90505,
0xffe90505,
0xffe90505,
0xffe90505,
0xffe90505,
0xffe90505,
0xffe90505,
0xffe90505,
0xffe90505,
0xffe90505,
0xffe90505,
0xffe90505,
0xffe90505,
0xffe90505,
0xffe90505,
0xffe90505,
0xffe90505,
0xffe90505,
0xffe90505,
0xffe90505,
0xffe90505,
0xffe90505,
0xffe90505,
0xffe90505,
0xffe90505,
0xffe90505,
0xffe90505,
0xffe90505,
0xffe90505,
0xffe90505,
0xffe90505,
0xffe90505,
0xffe90505,
0xffe90505,
0xffe90505,
0xffe90505,
0xffe90505,
0xffe90505,
0xffe90505,
0xffe90505,
0xffe90505,
0xffe90505,
0xffe90505,
0xffe90505,
0xffe90505,
0xffe90505,
0xffe90505,
0xffe90505,
0xffe90505,
0xffe90505,
0xffe90505,
0xffe90505,
0xffe90505,
0xffe90505,
0xffe90505,
0xffe90505,
0xffe90505,
0xffe90505,
0xffe90505,
0xffe90505,
0xffe90505,
0xffe90505,
0xffe90505,
0xffe90505,
0xffe90505,
0xffe90505,
0xffe90505,
0xffe90505,
0xffe90505,
0xffe90505,
0xffe90505,
0xffe90505,
0xffe90505,
0xffe90505,
0xffe90505,
0xffe90505,
0xffe90505,
0xffe90505,
0xffe90505,
0xffe90505,
0xffe90505,
0xffe90505,
0xffe90505,
0xffe90505,
0xffe90505,
0xffe90505,
0xffe90505,
0xffe90505,
0xffe90505,
0xffe90505,
0xffe90505,
0xffe90505,
0xffe90505,
0xffe90505,
0xffe90505,
0xffe90505,
0xffe90505,
0xffe90505,
0xffe90505,
0xffe90505,
0xffe90505,
0xffe90505,
0xffe90505,
0xffe90505,
0xffe90505,
0xffe90505,
0xffe90505,
0xffe90505,
0xffe90505,
0xffe90505,
0xffe90505,
0xffe90505,
0xffe90505,
0xffe90505,
0xffe90505,
0xffe90505,
0xffe90505,
0xffe90505,
0xffe90505,
0xffe90505,
0xffe90505,
0xffe90505,
0xffe90505,
0xffe90505,
0xffe90505,
0xffe90505,
0xffe90505,
0xffe90505,
0xffe90505,
0xffe90505,
0xffe90505,
0xffe90505,
0xffe90505,
0xffe90505,
0xffe90505,
0xffe90505,
0xffe90505,
0xffe90505,
0xffe90505,
0xffe90505,
0xffe90505,
0xffe90505,
0xffe90505,
0xffe90505,
0xffe90505,
0xffe90505,
0xffe90505,
0xffe90505,
0xffe90505,
0xffe90505,
0xffe90505,
0xffe90505,
0xffe90505,
0xffe90505,
0xffe90505,
0xffe90505,
0xffe90505,
0xffe90505,
0xffe90505,
0xffe90505,
0xffe90505,
0xffe90505,
0xffe90505,
0xffe90505,
0xffe90505,
0xffe90505,
0xffe90505,
0xffe90505,
0xffe90505,
0xffe90505,
0xffe90505,
0xffe90505,
0xffe90505,
0xffe90505,
0xffe90505,
0xffe90505,
0xffe90505,
0xffe90505,
0xffe90505,
0xffe90505,
0xffe90505,
0xffe90505,
0xffe90505,
0xffe90505,
0xffe90505,
0xffe90505,
0xffe90505,
0xffe90505,
0xffe90505,
0xffe90505,
0xffe90505,
0xffe90505,
0xffe90505,
0xffe90505,
0xffe90505,
0xffe90505,
0xffe90505,
0xffe90505,
0xffe90505,
0xffe90505,
0xffe90505,
0xffe90505,
0xffe90505,
0xffe90505,
0xffe90505,
0xffe90505,
0xffe90505,
0xffe90505,
0xffe90505,
0xffe90505,
0xffe90505,
0xffe90505,
0xffe90505,
0xffe90505,
0xffe90505,
0xffe90505,
0xffe90505,
0xffe90505,
0xffe90505,
0xffe90505,
0xffe90505,
0xffe90505,
0xffe90505,
0xffe90505,
0xffe90505,
0xffe90505,
0xffe90505,
0xffe90505,
0xffe90505,
0xffe90505,
0xffe90505,
0xffe90505,
0xffe90505,
0xffe90505,
0xffe90505,
0xffe90505,
0xffe90505,
0xffe90505,
0xffe90505,
0xffe90505,
0xffe90505,
0xffe90505,
0xffe90505,
0xffe90505,
0xffe90505,
0xffe90505,
0xffe90505,
0xffe90505,
0xffe90505,
0xffe90505,
0xffe90505,
0xffe90505,
0xffe90505,
0xffe90505,
0xffe90505,
0xffe90505,
0xffe90505,
0xffe90505,
0xffe90505,
0xffe90505,
0xffe90505,
0xffe90505,
0xffe90505,
0xffe90505,
0xffe90505,
0xffe90505,
0xffe90505,
0xffe90505,
0xffe90505,
0xffe90505,
0xffe90505,
0xffe90505,
0xffe90505,
0xffe90505,
0xffe90505,
0xffe90505,
0xffe90505,
0xffe90505,
0xffe90505,
0xffe90505,
0xffe90505,
0xffe90505,
0xffe90505,
0xffe90505,
0xffe90505,
0xffe90505,
0xffe90505,
0xffe90505,
0xffe90505,
0xffe90505,
0xffe90505,
0xffe90505,
0xffe90505,
0xffe90505,
0xffe90505,
0xffe90505,
0xffe90505,
0xffe90505,
0xffe90505,
0xffe90505,
0xffe90505,
0xffe90505,
0xffe90505,
0xffe90505,
0xffe90505,
0xffe90505,
0xffe90505,
0xffe90505,
0xffe90505,
0xffe90505,
0xffe90505,
0xffe90505,
0xffe90505,
0xffe90505,
0xffe90505,
0xffe90505,
0xffe90505,
0xffe90505,
0xffe90505,
0xffe90505,
0xffe90505,
0xffe90505,
0xffe90505,
0xffe90505,
0xffe90505,
0xffe90505,
0xffe90505,
0xffe90505,
0xffe90505,
0xffe90505,
0xffe90505,
0xffe90505,
0xffe90505,
0xffe90505,
0xffe90505,
0xffe90505,
0xffe90505,
0xffe90505,
0xffe90505,
0xffe90505,
0xffe90505,
0xffe90505,
0xffe90505,
0xffe90505,
0xffe90505,
0xffe90505,
0xffe90505,
0xffe90505,
0xffe90505,
0xffe90505,
0xffe90505,
0xffe90505,
0xffe90505,
0xffe90505,
0xffe90505,
0xffe90505,
0xffe90505,
0xffe90505,
0xffe90505,
0xffe90505,
0xffe90505,
0xffe90505,
0xffe90505,
0xffe90505,
0xffe90505,
0xffe90505,
0xffe90505,
0xffe90505,
0xffe90505,
0xffe90505,
0xffe90505,
0xffe90505,
0xffe90505,
0xffe90505,
0xffe90505,
0xffe90505,
0xffe90505,
0xffe90505,
0xffe90505,
0xffe90505,
0xffe90505,
0xffe90505,
0xffe90505,
0xffe90505,
0xffe90505,
0xffe90505,
0xffe90505,
0xffe90505,
0xffe90505,
0xffe90505,
0xffe90505,
0xffe90505,
0xffe90505,
0xffe90505,
0xffe90505,
0xffe90505,
0xffe90505,
0xffe90505,
0xffe90505,
0xffe90505,
0xffe90505,
0xffe90505,
0xffe90505,
0xffe90505,
0xffe90505,
0xffe90505,
0xffe90505,
0xffe90505,
0xffe90505,
0xffe90505,
0xffe90505,
0xffe90505,
0xffe90505,
0xffe90505,
0xffe90505,
0xffe90505,
0xffe90505,
0xffe90505,
0xffe90505,
0xffe90505,
0xffe90505,
0xffe90505,
0xffe90505,
0xffe90505,
0xffe90505,
0xffe90505,
0xffe90505,
0xffe90505,
0xffe90505,
0xffe90505,
0xffe90505,
0xffe90505,
0xffe90505,
0xffe90505,
0xffe90505,
0xffe90505,
0xffe90505,
0xffe90505,
0xffe90505,
0xffe90505,
0xffe90505,
0xffe90505,
0xffe90505,
0xffe90505,
0xffe90505,
0xffe90505,
0xffe90505,
0xffe90505,
0xffe90505,
0xffe90505,
0xffe90505,
0xffe90505,
0xffe90505,
0xffe90505,
0xffe90505,
0xffe90505,
0xffe90505,
0xffe90505,
0xffe90505,
0xffe90505,
0xffe90505,
0xffe90505,
0xffe90505,
0xffe90505,
0xffe90505,
0xffe90505,
0xffe90505,
0xffe90505,
0xffe90505,
0xffe90505,
0xffe90505,
0xffe90505,
0xffe90505,
0xffe90505,
0xffe90505,
0xffe90505,
0xffe90505,
0xffe90505,
0xffe90505,
0xffe90505,
0xffe90505,
0xffe90505,
0xffe90505,
0xffe90505,
0xffe90505,
0xffe90505,
0xffe90505,
0xffe90505,
0xffe90505,
0xffe90505,
0xffe90505,
0xffe90505,
0xffe90505,
0xffe90505,
0xffe90505,
0xffe90505,
0xffe90505,
0xffe90505,
0xffe90505,
0xffe90505,
0xffe90505,
0xffe90505,
0xffe90505,
0xffe90505,
0xffe90505,
0xffe90505,
0xffe90505,
0xffe90505,
0xffe90505,
0xffe90505,
0xffe90505,
0xffe90505,
0xffe90505,
0xffe90505,
0xffe90505,
0xffe90505,
0xffe90505,
0xffe90505,
0xffe90505,
0xffe90505,
0xffe90505,
0xffe90505,
0xffe90505,
0xffe90505,
0xffe90505,
0xffe90505,
0xffe90505,
0xffe90505,
0xffe90505,
0xffe90505,
0xffe90505,
0xffe90505,
0xffe90505,
0xffe90505,
0xffe90505,
0xffe90505,
0xffe90505,
0xffe90505,
0xffe90505,
0xffe90505,
0xffe90505,
0xffe90505,
0xffe90505,
0xffe90505,
0xffe90505,
0xffe90505,
0xffe90505,
0xffe90505,
0xffe90505,
0xffe90505,
0xffe90505,
0xffe90505,
0xffe90505,
0xffe90505,
0xffe90505,
0xffe90505,
0xffe90505,
0xffe90505,
0xffe90505,
0xffe90505,
0xffe90505,
0xffe90505,
0xffe90505,
0xffe90505,
0xffe90505,
0xffe90505,
0xffe90505,
0xffe90505,
0xffe90505,
0xffe90505,
0xffe90505,
0xffe90505,
0xffe90505,
0xffe90505,
0xffe90505,
0xffe90505,
0xffe90505,
0xffe90505,
0xffe90505,
0xffe90505,
0xffe90505,
0xffe90505,
0xffe90505,
0xffe90505,
0xffe90505,
0xffe90505,
0xffe90505,
0xffe90505,
0xffe90505,
0xffe90505,
0xffe90505,
0xffe90505,
0xffe90505,
0xffe90505,
0xffe90505,
0xffe90505,
0xffe90505,
0xffe90505,
0xffe90505,
0xffe90505,
0xffe90505,
0xffe90505,
0xffe90505,
0xffe90505,
0xffe90505,
0xffe90505,
0xffe90505,
0xffe90505,
0xffe90505,
0xffe90505,
0xffe90505,
0xffe90505,
0xffe90505,
0xffe90505,
0xffe90505,
0xffe90505,
0xffe90505,
0xffe90505,
0xffe90505,
0xffe90505,
0xffe90505,
0xffe90505,
0xffe90505,
0xffe90505,
0xffe90505,
0xffe90505,
0xffe90505,
0xffe90505,
0xffe90505,
0xffe90505,
0xffe90505,
0xffe90505,
0xffe90505,
0xffe90505,
0xffe90505,
0xffe90505,
0xffe90505,
0xffe90505,
0xffe90505,
0xffe90505,
0xffe90505,
0xffe90505,
0xffe90505,
0xffe90505,
0xffe90505,
0xffe90505,
0xffe90505,
0xffe90505,
0xffe90505,
0xffe90505,
0xffe90505,
0xffe90505,
0xffe90505,
0xffe90505,
0xffe90505,
0xffe90505,
0xffe90505,
0xffe90505,
0xffe90505,
0xffe90505,
0xffe90505,
0xffe90505,
0xffe90505,
0xffe90505,
0xffe90505,
0xffe90505,
0xffe90505,
0xffe90505,
0xffe90505,
0xffe90505,
0xffe90505,
0xffe90505,
0xffe90505,
0xffe90505,
0xffe90505,
0xffe90505,
0xffe90505,
0xffe90505,
0xffe90505,
0xffe90505,
0xffe90505,
0xffe90505,
0xffe90505,
0xffe90505,
0xffe90505,
0xffe90505,
0xffe90505,
0xffe90505,
0xffe90505,
0xffe90505,
0xffe90505,
0xffe90505,
0xffe90505,
0xffe90505,
0xffe90505,
0xffe90505,
0xffe90505,
0xffe90505,
0xffe90505,
0xffe90505,
0xffe90505,
0xffe90505,
0xffe90505,
0xffe90505,
0xffe90505,
0xffe90505,
0xffe90505,
0xffe90505,
0xffe90505,
0xffe90505,
0xffe90505,
0xffe90505,
0xffe90505,
0xffe90505,
0xffe90505,
0xffe90505,
0xffe90505,
0xffe90505,
0xffe90505,
0xffe90505,
0xffe90505,
0xffe90505,
0xffe90505,
0xffe90505,
0xffe90505,
0xffe90505,
0xffe90505,
0xffe90505,
0xffe90505,
0xffe90505,
0xffe90505,
0xffe90505,
0xffe90505,
0xffe90505,
0xffe90505,
0xffe90505,
0xffe90505,
0xffe90505,
0xffe90505,
0xffe90505,
0xffe90505,
0xffe90505,
0xffe90505,
0xffe90505,
0xffe90505,
0xffe90505,
0xffe90505,
0xffe90505,
0xffe90505,
0xffe90505,
0xffe90505,
0xffe90505,
0xffe90505,
0xffe90505,
0xffe90505,
0xffe90505,
0xffe90505,
0xffe90505,
0xffe90505,
0xffe90505,
0xffe90505,
0xffe90505,
0xffe90505,
0xffe90505,
0xffe90505,
0xffe90505,
0xffe90505,
0xffe90505,
0xffe90505,
0xffe90505,
0xffe90505,
0xffe90505,
0xffe90505,
0xffe90505,
0xffe90505,
0xffe90505,
0xffe90505,
0xffe90505,
0xffe90505,
0xffe90505,
0xffe90505,
0xffe90505,
0xffe90505,
0xffe90505,
0xffe90505,
0xffe90505,
0xffe90505,
0xffe90505,
0xffe90505,
0xffe90505,
0xffe90505,
0xffe90505,
0xffe90505,
0xffe90505,
0xffe90505,
0xffe90505,
0xffe90505,
0xffe90505,
0xffe90505,
0xffe90505,
0xffe90505,
0xffe90505,
0xffe90505,
0xffe90505,
0xffe90505,
0xffe90505,
0xffe90505,
0xffe90505,
0xffe90505,
0xffe90505,
0xffe90505,
0xffe90505,
0xffe90505,
0xffe90505,
0xffe90505,
0xffe90505,
0xffe90505,
0xffe90505,
0xffe90505,
0xffe90505,
0xffe90505,
0xffe90505,
0xffe90505,
0xffe90505,
0xffe90505,
0xffe90505,
0xffe90505,
0xffe90505,
0xffe90505,
0xffe90505,
0xffe90505,
0xffe90505,
0xffe90505,
0xffe90505,
0xffe90505,
0xffe90505,
0xffe90505,
0xffe90505,
0xffe90505,
0xffe90505,
0xffe90505,
0xffe90505,
0xffe90505,
0xffe90505,
0xffe90505,
0xffe90505,
0xffe90505,
0xffe90505,
0xffe90505,
0xffe90505,
0xffe90505,
0xffe90505,
0xffe90505,
0xffe90505,
0xffe90505,
0xffe90505,
0xffe90505,
0xffe90505,
0xffe90505,
0xffe90505,
0xffe90505,
0xffe90505,
0xffe90505,
0xffe90505,
0xffe90505,
0xffe90505,
0xffe90505,
0xffe90505,
0xffe90505,
0xffe90505,
0xffe90505,
0xffe90505,
0xffe90505,
0xffe90505,
0xffe90505,
0xffe90505,
0xffe90505,
0xffe90505,
0xffe90505,
0xffe90505,
0xffe90505,
0xffe90505,
0xffe90505,
0xffe90505,
0xffe90505,
0xffe90505,
0xffe90505,
0xffe90505,
0xffe90505,
0xffe90505,
0xffe90505,
0xffe90505,
0xffe90505,
0xffe90505,
0xffe90505,
0xffe90505,
0xffe90505,
0xffe90505,
0xffe90505,
0xffe90505,
0xffe90505,
0xffe90505,
0xffe90505,
0xffe90505,
0xffe90505,
0xffe90505,
0xffe90505,
0xffe90505,
0xffe90505,
0xffe90505,
0xffe90505,
0xffe90505,
0xffe90505,
0xffe90505,
0xffe90505,
0xffe90505,
0xffe90505,
0xffe90505,
0xffe90505,
0xffe90505,
0xffe90505,
0xffe90505,
0xffe90505,
0xffe90505,
0xffe90505,
0xffe90505,
0xffe90505,
0xffe90505,
0xffe90505,
0xffe90505,
0xffe90505,
0xffe90505,
0xffe90505,
0xffe90505,
0xffe90505,
0xffe90505,
0xffe90505,
0xffe90505,
0xffe90505,
0xffe90505,
0xffe90505,
0xffe90505,
0xffe90505,
0xffe90505,
0xffe90505,
0xffe90505,
0xffe90505,
0xffe90505,
0xffe90505,
0xffe90505,
0xffe90505,
0xffe90505,
0xffe90505,
0xffe90505,
0xffe90505,
0xffe90505,
0xffe90505,
0xffe90505,
0xffe90505,
0xffe90505,
0xffe90505,
0xffe90505,
0xffe90505,
0xffe90505,
0xffe90505,
0xffe90505,
0xffe90505,
0xffe90505,
0xffe90505,
0xffe90505,
0xffe90505,
0xffe90505,
0xffe90505,
0xffe90505,
0xffe90505,
0xffe90505,
0xffe90505,
0xffe90505,
0xffe90505,
0xffe90505,
0xffe90505,
0xffe90505,
0xffe90505,
0xffe90505,
0xffe90505,
0xffe90505,
0xffe90505,
0xffe90505,
0xffe90505,
0xffe90505,
0xffe90505,
0xffe90505,
0xffe90505,
0xffe90505,
0xffe90505,
0xffe90505,
0xffe90505,
0xffe90505,
0xffe90505,
0xffe90505,
0xffe90505,
0xffe90505,
0xffe90505,
0xffe90505,
0xffe90505,
0xffe90505,
0xffe90505,
0xffe90505,
0xffe90505,
0xffe90505,
0xffe90505,
0xffe90505,
0xffe90505,
0xffe90505,
0xffe90505,
0xffe90505,
0xffe90505,
0xffe90505,
0xffe90505,
0xffe90505,
0xffe90505,
0xffe90505,
0xffe90505,
0xffe90505,
0xffe90505,
0xffe90505,
0xffe90505,
0xffe90505,
0xffe90505,
0xffe90505,
0xffe90505,
0xffe90505,
0xffe90505,
0xffe90505,
0xffe90505,
0xffe90505,
0xffe90505,
0xffe90505,
0xffe90505,
0xffe90505,
0xffe90505,
0xffe90505,
0xffe90505,
0xffe90505,
0xffe90505,
0xffe90505,
0xffe90505,
0xffe90505,
0xffe90505,
0xffe90505,
0xffe90505,
0xffe90505,
0xffe90505,
0xffe90505,
0xffe90505,
0xffe90505,
0xffe90505,
0xffe90505,
0xffe90505,
0xffe90505,
0xffe90505,
0xffe90505,
0xffe90505,
0xffe90505,
0xffe90505,
0xffe90505,
0xffe90505,
0xffe90505,
0xffe90505,
0xffe90505,
0xffe90505,
0xffe90505,
0xffe90505,
0xffe90505,
0xffe90505,
0xffe90505,
0xffe90505,
0xffe90505,
0xffe90505,
0xffe90505,
0xffe90505,
0xffe90505,
0xffe90505,
0xffe90505,
0xffe90505,
0xffe90505,
0xffe90505,
0xffe90505,
0xffe90505,
0xffe90505,
0xffe90505,
0xffe90505,
0xffe90505,
0xffe90505,
0xffe90505,
0xffe90505,
0xffe90505,
0xffe90505,
0xffe90505,
0xffe90505,
0xffe90505,
0xffe90505,
0xffe90505,
0xffe90505,
0xffe90505,
0xffe90505,
0xffe90505,
0xffe90505,
0xffe90505,
0xffe90505,
0xffe90505,
0xffe90505,
0xffe90505,
0xffe90505,
0xffe90505,
0xffe90505,
0xffe90505,
0xffe90505,
0xffe90505,
0xffe90505,
0xffe90505,
0xffe90505,
0xffe90505,
0xffe90505,
0xffe90505,
0xffe90505,
0xffe90505,
0xffe90505,
0xffe90505,
0xffe90505,
0xffe90505,
0xffe90505,
0xffe90505,
0xffe90505,
0xffe90505,
0xffe90505,
0xffe90505,
0xffe90505,
0xffe90505,
0xffe90505,
0xffe90505,
0xffe90505,
0xffe90505,
0xffe90505,
0xffe90505,
0xffe90505,
0xffe90505,
0xffe90505,
0xffe90505,
0xffe90505,
0xffe90505,
0xffe90505,
0xffe90505,
0xffe90505,
0xffe90505,
0xffe90505,
0xffe90505,
0xffe90505,
0xffe90505,
0xffe90505,
0xffe90505,
0xffe90505,
0xffe90505,
0xffe90505,
0xffe90505,
0xffe90505,
0xffe90505,
0xffe90505,
0xffe90505,
0xffe90505,
0xffe90505,
0xffe90505,
0xffe90505,
0xffe90505,
0xffe90505,
0xffe90505,
0xffe90505,
0xffe90505,
0xffe90505,
0xffe90505,
0xffe90505,
0xffe90505,
0xffe90505,
0xffe90505,
0xffe90505,
0xffe90505,
0xffe90505,
0xffe90505,
0xffe90505,
0xffe90505,
0xffe90505,
0xffe90505,
0xffe90505,
0xffe90505,
0xffe90505,
0xffe90505,
0xffe90505,
0xffe90505,
0xffe90505,
0xffe90505,
0xffe90505,
0xffe90505,
0xffe90505,
0xffe90505,
0xffe90505,
0xffe90505,
0xffe90505,
0xffe90505,
0xffe90505,
0xffe90505,
0xffe90505,
0xffe90505,
0xffe90505,
0xffe90505,
0xffe90505,
0xffe90505,
0xffe90505,
0xffe90505,
0xffe90505,
0xffe90505,
0xffe90505,
0xffe90505,
0xffe90505,
0xffe90505,
0xffe90505,
0xffe90505,
0xffe90505,
0xffe90505,
0xffe90505,
0xffe90505,
0xffe90505,
0xffe90505,
0xffe90505,
0xffe90505,
0xffe90505,
0xffe90505,
0xffe90505,
0xffe90505,
0xffe90505,
0xffe90505,
0xffe90505,
0xffe90505,
0xffe90505,
0xffe90505,
0xffe90505,
0xffe90505,
0xffe90505,
0xffe90505,
0xffe90505,
0xffe90505,
0xffe90505,
0xffe90505,
0xffe90505,
0xffe90505,
0xffe90505,
0xffe90505,
0xffe90505,
0xffe90505,
0xffe90505,
0xffe90505,
0xffe90505,
0xffe90505,
0xffe90505,
0xffe90505,
0xffe90505,
0xffe90505,
0xffe90505,
0xffe90505,
0xffe90505,
0xffe90505,
0xffe90505,
0xffe90505,
0xffe90505,
0xffe90505,
0xffe90505,
0xffe90505,
0xffe90505,
0xffe90505,
0xffe90505,
0xffe90505,
0xffe90505,
0xffe90505,
0xffe90505,
0xffe90505,
0xffe90505,
0xffe90505,
0xffe90505,
0xffe90505,
0xffe90505,
0xffe90505,
0xffe90505,
0xffe90505,
0xffe90505,
0xffe90505,
0xffe90505,
0xffe90505,
0xffe90505,
0xffe90505,
0xffe90505,
0xffe90505,
0xffe90505,
0xffe90505,
0xffe90505,
0xffe90505,
0xffe90505,
0xffe90505,
0xffe90505,
0xffe90505,
0xffe90505,
0xffe90505,
0xffe90505,
0xffe90505,
0xffe90505,
0xffe90505,
0xffe90505,
0xffe90505,
0xffe90505,
0xffe90505,
0xffe90505,
0xffe90505,
0xffe90505,
0xffe90505,
0xffe90505,
0xffe90505,
0xffe90505,
0xffe90505,
0xffe90505,
0xffe90505,
0xffe90505,
0xffe90505,
0xffe90505,
0xffe90505,
0xffe90505,
0xffe90505,
0xffe90505,
0xffe90505,
0xffe90505,
0xffe90505,
0xffe90505,
0xffe90505,
0xffe90505,
0xffe90505,
0xffe90505,
0xffe90505,
0xffe90505,
0xffe90505,
0xffe90505,
0xffe90505,
0xffe90505,
0xffe90505,
0xffe90505,
0xffe90505,
0xffe90505,
0xffe90505,
0xffe90505,
0xffe90505,
0xffe90505,
0xffe90505,
0xffe90505,
0xffe90505,
0xffe90505,
0xffe90505,
0xffe90505,
0xffe90505,
0xffe90505,
0xffe90505,
0xffe90505,
0xffe90505,
0xffe90505,
0xffe90505,
0xffe90505,
0xffe90505,
0xffe90505,
0xffe90505,
0xffe90505,
0xffe90505,
0xffe90505,
0xffe90505,
0xffe90505,
0xffe90505,
0xffe90505,
0xffe90505,
0xffe90505,
0xffe90505,
0xffe90505,
0xffe90505,
0xffe90505,
0xffe90505,
0xffe90505,
0xffe90505,
0xffe90505,
0xffe90505,
0xffe90505,
0xffe90505,
0xffe90505,
0xffe90505,
0xffe90505,
0xffe90505,
0xffe90505,
0xffe90505,
0xffe90505,
0xffe90505,
0xffe90505,
0xffe90505,
0xffe90505,
0xffe90505,
0xffe90505,
0xffe90505,
0xffe90505,
0xffe90505,
0xffe90505,
0xffe90505,
0xffe90505,
0xffe90505,
0xffe90505,
0xffe90505,
0xffe90505,
0xffe90505,
0xffe90505,
0xffe90505,
0xffe90505,
0xffe90505,
0xffe90505,
0xffe90505,
0xffe90505,
0xffe90505,
0xffe90505,
0xffe90505,
0xffe90505,
0xffe90505,
0xffe90505,
0xffe90505,
0xffe90505,
0xffe90505,
0xffe90505,
0xffe90505,
0xffe90505,
0xffe90505,
0xffe90505,
0xffe90505,
0xffe90505,
0xffe90505,
0xffe90505,
0xffe90505,
0xffe90505,
0xffe90505,
0xffe90505,
0xffe90505,
0xffe90505,
0xffe90505,
0xffe90505,
0xffe90505,
0xffe90505,
0xffe90505,
0xffe90505,
0xffe90505,
0xffe90505,
0xffe90505,
0xffe90505,
0xffe90505,
0xffe90505,
0xffe90505,
0xffe90505,
0xffe90505,
0xffe90505,
0xffe90505,
0xffe90505,
0xffe90505,
0xffe90505,
0xffe90505,
0xffe90505,
0xffe90505,
0xffe90505,
0xffe90505,
0xffe90505,
0xffe90505,
0xffe90505,
0xffe90505,
0xffe90505,
0xffe90505,
0xffe90505,
0xffe90505,
0xffe90505,
0xffe90505,
0xffe90505,
0xffe90505,
0xffe90505,
0xffe90505,
0xffe90505,
0xffe90505,
0xffe90505,
0xffe90505,
0xffe90505,
0xffe90505,
0xffe90505,
0xffe90505,
0xffe90505,
0xffe90505,
0xffe90505,
0xffe90505,
0xffe90505,
0xffe90505,
0xffe90505,
0xffe90505,
0xffe90505,
0xffe90505,
0xffe90505,
0xffe90505,
0xffe90505,
0xffe90505,
0xffe90505,
0xffe90505,
0xffe90505,
0xffe90505,
0xffe90505,
0xffe90505,
0xffe90505,
0xffe90505,
0xffe90505,
0xffe90505,
0xffe90505,
0xffe90505,
0xffe90505,
0xffe90505,
0xffe90505,
0xffe90505,
0xffe90505,
0xffe90505,
0xffe90505,
0xffe90505,
0xffe90505,
0xffe90505,
0xffe90505,
0xffe90505,
0xffe90505,
0xffe90505,
0xffe90505,
0xffe90505,
0xffe90505,
0xffe90505,
0xffe90505,
0xffe90505,
0xffe90505,
0xffe90505,
0xffe90505,
0xffe90505,
0xffe90505,
0xffe90505,
0xffe90505,
0xffe90505,
0xffe90505,
0xffe90505,
0xffe90505,
0xffe90505,
0xffe90505,
0xffe90505,
0xffe90505,
0xffe90505,
0xffe90505,
0xffe90505,
0xffe90505,
0xffe90505,
0xffe90505,
0xffe90505,
0xffe90505,
0xffe90505,
0xffe90505,
0xffe90505,
0xffe90505,
0xffe90505,
0xffe90505,
0xffe90505,
0xffe90505,
0xffe90505,
0xffe90505,
0xffe90505,
0xffe90505,
0xffe90505,
0xffe90505,
0xffe90505,
0xffe90505,
0xffe90505,
0xffe90505,
0xffe90505,
0xffe90505,
0xffe90505,
0xffe90505,
0xffe90505,
0xffe90505,
0xffe90505,
0xffe90505,
0xffe90505,
0xffe90505,
0xffe90505,
0xffe90505,
0xffe90505,
0xffe90505,
0xffe90505,
0xffe90505,
0xffe90505,
0xffe90505,
0xffe90505,
0xffe90505,
0xffe90505,
0xffe90505,
0xffe90505,
0xffe90505,
0xffe90505,
0xffe90505,
0xffe90505,
0xffe90505,
0xffe90505,
0xffe90505,
0xffe90505,
0xffe90505,
0xffe90505,
0xffe90505,
0xffe90505,
0xffe90505,
0xffe90505,
0xffe90505,
0xffe90505,
0xffe90505,
0xffe90505,
0xffe90505,
0xffe90505,
0xffe90505,
0xffe90505,
0xffe90505,
0xffe90505,
0xffe90505,
0xffe90505,
0xffe90505,
0xffe90505,
0xffe90505,
0xffe90505,
0xffe90505,
0xffe90505,
0xffe90505,
0xffe90505,
0xffe90505,
0xffe90505,
0xffe90505,
0xffe90505,
0xffe90505,
0xffe90505,
0xffe90505,
0xffe90505,
0xffe90505,
0xffe90505,
0xffe90505,
0xffe90505,
0xffe90505,
0xffe90505,
0xffe90505,
0xffe90505,
0xffe90505,
0xffe90505,
0xffe90505,
0xffe90505,
0xffe90505,
0xffe90505,
0xffe90505,
0xffe90505,
0xffe90505,
0xffe90505,
0xffe90505,
0xffe90505,
0xffe90505,
0xffe90505,
0xffe90505,
0xffe90505,
0xffe90505,
0xffe90505,
0xffe90505,
0xffe90505,
0xffe90505,
0xffe90505,
0xffe90505,
0xffe90505,
0xffe90505,
0xffe90505,
0xffe90505,
0xffe90505,
0xffe90505,
0xffe90505,
0xffe90505,
0xffe90505,
0xffe90505,
0xffe90505,
0xffe90505,
0xffe90505,
0xffe90505,
0xffe90505,
0xffe90505,
0xffe90505,
0xffe90505,
0xffe90505,
0xffe90505,
0xffe90505,
0xffe90505,
0xffe90505,
0xffe90505,
0xffe90505,
0xffe90505,
0xffe90505,
0xffe90505,
0xffe90505,
0xffe90505,
0xffe90505,
0xffe90505,
0xffe90505,
0xffe90505,
0xffe90505,
0xffe90505,
0xffe90505,
0xffe90505,
0xffe90505,
0xffe90505,
0xffe90505,
0xffe90505,
0xffe90505,
0xffe90505,
0xffe90505,
0xffe90505,
0xffe90505,
0xffe90505,
0xffe90505,
0xffe90505,
0xffe90505,
0xffe90505,
0xffe90505,
0xffe90505,
0xffe90505,
0xffe90505,
0xffe90505,
0xffe90505,
0xffe90505,
0xffe90505,
0xffe90505,
0xffe90505,
0xffe90505,
0xffe90505,
0xffe90505,
0xffe90505,
0xffe90505,
0xffe90505,
0xffe90505,
0xffe90505,
0xffe90505,
0xffe90505,
0xffe90505,
0xffe90505,
0xffe90505,
0xffe90505,
0xffe90505,
0xffe90505,
0xffe90505,
0xffe90505,
0xffe90505,
0xffe90505,
0xffe90505,
0xffe90505,
0xffe90505,
0xffe90505,
0xffe90505,
0xffe90505,
0xffe90505,
0xffe90505,
0xffe90505,
0xffe90505,
0xffe90505,
0xffe90505,
0xffe90505,
0xffe90505,
0xffe90505,
0xffe90505,
0xffe90505,
0xffe90505,
0xffe90505,
0xffe90505,
0xffe90505,
0xffe90505,
0xffe90505,
0xffe90505,
0xffe90505,
0xffe90505,
0xffe90505,
0xffe90505,
0xffe90505,
0xffe90505,
0xffe90505,
0xffe90505,
0xffe90505,
0xffe90505,
0xffe90505,
0xffe90505,
0xffe90505,
0xffe90505,
0xffe90505,
0xffe90505,
0xffe90505,
0xffe90505,
0xffe90505,
0xffe90505,
0xffe90505,
0xffe90505,
0xffe90505,
0xffe90505,
0xffe90505,
0xffe90505,
0xffe90505,
0xffe90505,
0xffe90505,
0xffe90505,
0xffe90505,
0xffe90505,
0xffe90505,
0xffe90505,
0xffe90505,
0xffe90505,
0xffe90505,
0xffe90505,
0xffe90505,
0xffe90505,
0xffe90505,
0xffe90505,
0xffe90505,
0xffe90505,
0xffe90505,
0xffe90505,
0xffe90505,
0xffe90505,
0xffe90505,
0xffe90505,
0xffe90505,
0xffe90505,
0xffe90505,
0xffe90505,
0xffe90505,
0xffe90505,
0xffe90505,
0xffe90505,
0xffe90505,
0xffe90505,
0xffe90505,
0xffe90505,
0xffe90505,
0xffe90505,
0xffe90505,
0xffe90505,
0xffe90505,
0xffe90505,
0xffe90505,
0xffe90505,
0xffe90505,
0xffe90505,
0xffe90505,
0xffe90505,
0xffe90505,
0xffe90505,
0xffe90505,
0xffe90505,
0xffe90505,
0xffe90505,
0xffe90505,
0xffe90505,
0xffe90505,
0xffe90505,
0xffe90505,
0xffe90505,
0xffe90505,
0xffe90505,
0xffe90505,
0xffe90505,
0xffe90505,
0xffe90505,
0xffe90505,
0xffe90505,
0xffe90505,
0xffe90505,
0xffe90505,
0xffe90505,
0xffe90505,
0xffe90505,
0xffe90505,
0xffe90505,
0xffe90505,
0xffe90505,
0xffe90505,
0xffe90505,
0xffe90505,
0xffe90505,
0xffe90505,
0xffe90505,
0xffe90505,
0xffe90505,
0xffe90505,
0xffe90505,
0xffe90505,
0xffe90505,
0xffe90505,
0xffe90505,
0xffe90505,
0xffe90505,
0xffe90505,
0xffe90505,
0xffe90505,
0xffe90505,
0xffe90505,
0xffe90505,
0xffe90505,
0xffe90505,
0xffe90505,
0xffe90505,
0xffe90505,
0xffe90505,
0xffe90505,
0xffe90505,
0xffe90505,
0xffe90505,
0xffe90505,
0xffe90505,
0xffe90505,
0xffe90505,
0xffe90505,
0xffe90505,
0xffe90505,
0xffe90505,
0xffe90505,
0xffe90505,
0xffe90505,
0xffe90505,
0xffe90505,
0xffe90505,
0xffe90505,
0xffe90505,
0xffe90505,
0xffe90505,
0xffe90505,
0xffe90505,
0xffe90505,
0xffe90505,
0xffe90505,
0xffe90505,
0xffe90505,
0xffe90505,
0xffe90505,
0xffe90505,
0xffe90505,
0xffe90505,
0xffe90505,
0xffe90505,
0xffe90505,
0xffe90505,
0xffe90505,
0xffe90505,
0xffe90505,
0xffe90505,
0xffe90505,
0xffe90505,
0xffe90505,
0xffe90505,
0xffe90505,
0xffe90505,
0xffe90505,
0xffe90505,
0xffe90505,
0xffe90505,
0xffe90505,
0xffe90505,
0xffe90505,
0xffe90505,
0xffe90505,
0xffe90505,
0xffe90505,
0xffe90505,
0xffe90505,
0xffe90505,
0xffe90505,
0xffe90505,
0xffe90505,
0xffe90505,
0xffe90505,
0xffe90505,
0xffe90505,
0xffe90505,
0xffe90505,
0xffe90505,
0xffe90505,
0xffe90505,
0xffe90505,
0xffe90505,
0xffe90505,
0xffe90505,
0xffe90505,
0xffe90505,
0xffe90505,
0xffe90505,
0xffe90505,
0xffe90505,
0xffe90505,
0xffe90505,
0xffe90505,
0xffe90505,
0xffe90505,
0xffe90505,
0xffe90505,
0xffe90505,
0xffe90505,
0xffe90505,
0xffe90505,
0xffe90505,
0xffe90505,
0xffe90505,
0xffe90505,
0xffe90505,
0xffe90505,
0xffe90505,
0xffe90505,
0xffe90505,
0xffe90505,
0xffe90505,
0xffe90505,
0xffe90505,
0xffe90505,
0xffe90505,
0xffe90505,
0xffe90505,
0xffe90505,
0xffe90505,
0xffe90505,
0xffe90505,
0xffe90505,
0xffe90505,
0xffe90505,
0xffe90505,
0xffe90505,
0xffe90505,
0xffe90505,
0xffe90505,
0xffe90505,
0xffe90505,
0xffe90505,
0xffe90505,
0xffe90505,
0xffe90505,
0xffe90505,
0xffe90505,
0xffe90505,
0xffe90505,
0xffe90505,
0xffe90505,
0xffe90505,
0xffe90505,
0xffe90505,
0xffe90505,
0xffe90505,
0xffe90505,
0xffe90505,
0xffe90505,
0xffe90505,
0xffe90505,
0xffe90505,
0xffe90505,
0xffe90505,
0xffe90505,
0xffe90505,
0xffe90505,
0xffe90505,
0xffe90505,
0xffe90505,
0xffe90505,
0xffe90505,
0xffe90505,
0xffe90505,
0xffe90505,
0xffe90505,
0xffe90505,
0xffe90505,
0xffe90505,
0xffe90505,
0xffe90505,
0xffe90505,
0xffe90505,
0xffe90505,
0xffe90505,
0xffe90505,
0xffe90505,
0xffe90505,
0xffe90505,
0xffe90505,
0xffe90505,
0xffe90505,
0xffe90505,
0xffe90505,
0xffe90505,
0xffe90505,
0xffe90505,
0xffe90505,
0xffe90505,
0xffe90505,
0xffe90505,
0xffe90505,
0xffe90505,
0xffe90505,
0xffe90505,
0xffe90505,
0xffe90505,
0xffe90505,
0xffe90505,
0xffe90505,
0xffe90505,
0xffe90505,
0xffe90505,
0xffe90505,
0xffe90505,
0xffe90505,
0xffe90505,
0xffe90505,
0xffe90505,
0xffe90505,
0xffe90505,
0xffe90505,
0xffe90505,
0xffe90505,
0xffe90505,
0xffe90505,
0xffe90505,
0xffe90505,
0xffe90505,
0xffe90505,
0xffe90505,
0xffe90505,
0xffe90505,
0xffe90505,
0xffe90505,
0xffe90505,
0xffe90505,
0xffe90505,
0xffe90505,
0xffe90505,
0xffe90505,
0xffe90505,
0xffe90505,
0xffe90505,
0xffe90505,
0xffe90505,
0xffe90505,
0xffe90505,
0xffe90505,
0xffe90505,
0xffe90505,
0xffe90505,
0xffe90505,
0xffe90505,
0xffe90505,
0xffe90505,
0xffe90505,
0xffe90505,
0xffe90505,
0xffe90505,
0xffe90505,
0xffe90505,
0xffe90505,
0xffe90505,
0xffe90505,
0xffe90505,
0xffe90505,
0xffe90505,
0xffe90505,
0xffe90505,
0xffe90505,
0xffe90505,
0xffe90505,
0xffe90505,
0xffe90505,
0xffe90505,
0xffe90505,
0xffe90505,
0xffe90505,
0xffe90505,
0xffe90505,
0xffe90505,
0xffe90505,
0xffe90505,
0xffe90505,
0xffe90505,
0xffe90505,
0xffe90505,
0xffe90505,
0xffe90505,
0xffe90505,
0xffe90505,
0xffe90505,
0xffe90505,
0xffe90505,
0xffe90505,
0xffe90505,
0xffe90505,
0xffe90505,
0xffe90505,
0xffe90505,
0xffe90505,
0xffe90505,
0xffe90505,
0xffe90505,
0xffe90505,
0xffe90505,
0xffe90505,
0xffe90505,
0xffe90505,
0xffe90505,
0xffe90505,
0xffe90505,
0xffe90505,
0xffe90505,
0xffe90505,
0xffe90505,
0xffe90505,
0xffe90505,
0xffe90505,
0xffe90505,
0xffe90505,
0xffe90505,
0xffe90505,
0xffe90505,
0xffe90505,
0xffe90505,
0xffe90505,
0xffe90505,
0xffe90505,
0xffe90505,
0xffe90505,
0xffe90505,
0xffe90505,
0xffe90505,
0xffe90505,
0xffe90505,
0xffe90505,
0xffe90505,
0xffe90505,
0xffe90505,
0xffe90505,
0xffe90505,
0xffe90505,
0xffe90505,
0xffe90505,
0xffe90505,
0xffe90505,
0xffe90505,
0xffe90505,
0xffe90505,
0xffe90505,
0xffe90505,
0xffe90505,
0xffe90505,
0xffe90505,
0xffe90505,
0xffe90505,
0xffe90505,
0xffe90505,
0xffe90505,
0xffe90505,
0xffe90505,
0xffe90505,
0xffe90505,
0xffe90505,
0xffe90505,
0xffe90505,
0xffe90505,
0xffe90505,
0xffe90505,
0xffe90505,
0xffe90505,
0xffe90505,
0xffe90505,
0xffe90505,
0xffe90505,
0xffe90505,
0xffe90505,
0xffe90505,
0xffe90505,
0xffe90505,
0xffe90505,
0xffe90505,
0xffe90505,
0xffe90505,
0xffe90505,
0xffe90505,
0xffe90505,
0xffe90505,
0xffe90505,
0xffe90505,
0xffe90505,
0xffe90505,
0xffe90505,
0xffe90505,
0xffe90505,
0xffe90505,
0xffe90505,
0xffe90505,
0xffe90505,
0xffe90505,
0xffe90505,
0xffe90505,
0xffe90505,
0xffe90505,
0xffe90505,
0xffe90505,
0xffe90505,
0xffe90505,
0xffe90505,
0xffe90505,
0xffe90505,
0xffe90505,
0xffe90505,
0xffe90505,
0xffe90505,
0xffe90505,
0xffe90505,
0xffe90505,
0xffe90505,
0xffe90505,
0xffe90505,
0xffe90505,
0xffe90505,
0xffe90505,
0xffe90505,
0xffe90505,
0xffe90505,
0xffe90505,
0xffe90505,
0xffe90505,
0xffe90505,
0xffe90505,
0xffe90505,
0xffe90505,
0xffe90505,
0xffe90505,
0xffe90505,
0xffe90505,
0xffe90505,
0xffe90505,
0xffe90505,
0xffe90505,
0xffe90505,
0xffe90505,
0xffe90505,
0xffe90505,
0xffe90505,
0xffe90505,
0xffe90505,
0xffe90505,
0xffe90505,
0xffe90505,
0xffe90505,
0xffe90505,
0xffe90505,
0xffe90505,
0xffe90505,
0xffe90505,
0xffe90505,
0xffe90505,
0xffe90505,
0xffe90505,
0xffe90505,
0xffe90505,
0xffe90505,
0xffe90505,
0xffe90505,
0xffe90505,
0xffe90505,
0xffe90505,
0xffe90505,
0xffe90505,
0xffe90505,
0xffe90505,
0xffe90505,
0xffe90505,
0xffe90505,
0xffe90505,
0xffe90505,
0xffe90505,
0xffe90505,
0xffe90505,
0xffe90505,
0xffe90505,
0xffe90505,
0xffe90505,
0xffe90505,
0xffe90505,
0xffe90505,
0xffe90505,
0xffe90505,
0xffe90505,
0xffe90505,
0xffe90505,
0xffe90505,
0xffe90505,
0xffe90505,
0xffe90505,
0xffe90505,
0xffe90505,
0xffe90505,
0xffe90505,
0xffe90505,
0xffe90505,
0xffe90505,
0xffe90505,
0xffe90505,
0xffe90505,
0xffe90505,
0xffe90505,
0xffe90505,
0xffe90505,
0xffe90505,
0xffe90505,
0xffe90505,
0xffe90505,
0xffe90505,
0xffe90505,
0xffe90505,
0xffe90505,
0xffe90505,
0xffe90505,
0xffe90505,
0xffe90505,
0xffe90505,
0xffe90505,
0xffe90505,
0xffe90505,
0xffe90505,
0xffe90505,
0xffe90505,
0xffe90505,
0xffe90505,
0xffe90505,
0xffe90505,
0xffe90505,
0xffe90505,
0xffe90505,
0xffe90505,
0xffe90505,
0xffe90505,
0xffe90505,
0xffe90505,
0xffe90505,
0xffe90505,
0xffe90505,
0xffe90505,
0xffe90505,
0xffe90505,
0xffe90505,
0xffe90505,
0xffe90505,
0xffe90505,
0xffe90505,
0xffe90505,
0xffe90505,
0xffe90505,
0xffe90505,
0xffe90505,
0xffe90505,
0xffe90505,
0xffe90505,
0xffe90505,
0xffe90505,
0xffe90505,
0xffe90505,
0xffe90505,
0xffe90505,
0xffe90505,
0xffe90505,
0xffe90505,
0xffe90505,
0xffe90505,
0xffe90505,
0xffe90505,
0xffe90505,
0xffe90505,
0xffe90505,
0xffe90505,
0xffe90505,
0xffe90505,
0xffe90505,
0xffe90505,
0xffe90505,
0xffe90505,
0xffe90505,
0xffe90505,
0xffe90505,
0xffe90505,
0xffe90505,
0xffe90505,
0xffe90505,
0xffe90505,
0xffe90505,
0xffe90505,
0xffe90505,
0xffe90505,
0xffe90505,
0xffe90505,
0xffe90505,
0xffe90505,
0xffe90505,
0xffe90505,
0xffe90505,
0xffe90505,
0xffe90505,
0xffe90505,
0xffe90505,
0xffe90505,
0xffe90505,
0xffe90505,
0xffe90505,
0xffe90505,
0xffe90505,
0xffe90505,
0xffe90505,
0xffe90505,
0xffe90505,
0xffe90505,
0xffe90505,
0xffe90505,
0xffe90505,
0xffe90505,
0xffe90505,
0xffe90505,
0xffe90505,
0xffe90505,
0xffe90505,
0xffe90505,
0xffe90505,
0xffe90505,
0xffe90505,
0xffe90505,
0xffe90505,
0xffe90505,
0xffe90505,
0xffe90505,
0xffe90505,
0xffe90505,
0xffe90505,
0xffe90505,
0xffe90505,
0xffe90505,
0xffe90505,
0xffe90505,
0xffe90505,
0xffe90505,
0xffe90505,
0xffe90505,
0xffe90505,
0xffe90505,
0xffe90505,
0xffe90505,
0xffe90505,
0xffe90505,
0xffe90505,
0xffe90505,
0xffe90505,
0xffe90505,
0xffe90505,
0xffe90505,
0xffe90505,
0xffe90505,
0xffe90505,
0xffe90505,
0xffe90505,
0xffe90505,
0xffe90505,
0xffe90505,
0xffe90505,
0xffe90505,
0xffe90505,
0xffe90505,
0xffe90505,
0xffe90505,
0xffe90505,
0xffe90505,
0xffe90505,
0xffe90505,
0xffe90505,
0xffe90505,
0xffe90505,
0xffe90505,
0xffe90505,
0xffe90505,
0xffe90505,
0xffe90505,
0xffe90505,
0xffe90505,
0xffe90505,
0xffe90505,
0xffe90505,
0xffe90505,
0xffe90505,
0xffe90505,
0xffe90505,
0xffe90505,
0xffe90505,
0xffe90505,
0xffe90505,
0xffe90505,
0xffe90505,
0xffe90505,
0xffe90505,
0xffe90505,
0xffe90505,
0xffe90505,
0xffe90505,
0xffe90505,
0xffe90505,
0xffe90505,
0xffe90505,
0xffe90505,
0xffe90505,
0xffe90505,
0xffe90505,
0xffe90505,
0xffe90505,
0xffe90505,
0xffe90505,
0xffe90505,
0xffe90505,
0xffe90505,
0xffe90505,
0xffe90505,
0xffe90505,
0xffe90505,
0xffe90505,
0xffe90505,
0xffe90505,
0xffe90505,
0xffe90505,
0xffe90505,
0xffe90505,
0xffe90505,
0xffe90505,
0xffe90505,
0xffe90505,
0xffe90505,
0xffe90505,
0xffe90505,
0xffe90505,
0xffe90505,
0xffe90505,
0xffe90505,
0xffe90505,
0xffe90505,
0xffe90505,
0xffe90505,
0xffe90505,
0xffe90505,
0xffe90505,
0xffe90505,
0xffe90505,
0xffe90505,
0xffe90505,
0xffe90505,
0xffe90505,
0xffe90505,
0xffe90505,
0xffe90505,
0xffe90505,
0xffe90505,
0xffe90505,
0xffe90505,
0xffe90505,
0xffe90505,
0xffe90505,
0xffe90505,
0xffe90505,
0xffe90505,
0xffe90505,
0xffe90505,
0xffe90505,
0xffe90505,
0xffe90505,
0xffe90505,
0xffe90505,
0xffe90505,
0xffe90505,
0xffe90505,
0xffe90505,
0xffe90505,
0xffe90505,
0xffe90505,
0xffe90505,
0xffe90505,
0xffe90505,
0xffe90505,
0xffe90505,
0xffe90505,
0xffe90505,
0xffe90505,
0xffe90505,
0xffe90505,
0xffe90505,
0xffe90505,
0xffe90505,
0xffe90505,
0xffe90505,
0xffe90505,
0xffe90505,
0xffe90505,
0xffe90505,
0xffe90505,
0xffe90505,
0xffe90505,
0xffe90505,
0xffe90505,
0xffe90505,
0xffe90505,
0xffe90505,
0xffe90505,
0xffe90505,
0xffe90505,
0xffe90505,
0xffe90505,
0xffe90505,
0xffe90505,
0xffe90505,
0xffe90505,
0xffe90505,
0xffe90505,
0xffe90505,
0xffe90505,
0xffe90505,
0xffe90505,
0xffe90505,
0xffe90505,
0xffe90505,
0xffe90505,
0xffe90505,
0xffe90505,
0xffe90505,
0xffe90505,
0xffe90505,
0xffe90505,
0xffe90505,
0xffe90505,
0xffe90505,
0xffe90505,
0xffe90505,
0xffe90505,
0xffe90505,
0xffe90505,
0xffe90505,
0xffe90505,
0xffe90505,
0xffe90505,
0xffe90505,
0xffe90505,
0xffe90505,
0xffe90505,
0xffe90505,
0xffe90505,
0xffe90505,
0xffe90505,
0xffe90505,
0xffe90505,
0xffe90505,
0xffe90505,
0xffe90505,
0xffe90505,
0xffe90505,
0xffe90505,
0xffe90505,
0xffe90505,
0xffe90505,
0xffe90505,
0xffe90505,
0xffe90505,
0xffe90505,
0xffe90505,
0xffe90505,
0xffe90505,
0xffe90505,
0xffe90505,
0xffe90505,
0xffe90505,
0xffe90505,
0xffe90505,
0xffe90505,
0xffe90505,
0xffe90505,
0xffe90505,
0xffe90505,
0xffe90505,
0xffe90505,
0xffe90505,
0xffe90505,
0xffe90505,
0xffe90505,
0xffe90505,
0xffe90505,
0xffe90505,
0xffe90505,
0xffe90505,
0xffe90505,
0xffe90505,
0xffe90505,
0xffe90505,
0xffe90505,
0xffe90505,
0xffe90505,
0xffe90505,
0xffe90505,
0xffe90505,
0xffe90505,
0xffe90505,
0xffe90505,
0xffe90505,
0xffe90505,
0xffe90505,
0xffe90505,
0xffe90505,
0xffe90505,
0xffe90505,
0xffe90505,
0xffe90505,
0xffe90505,
0xffe90505,
0xffe90505,
0xffe90505,
0xffe90505,
0xffe90505,
0xffe90505,
0xffe90505,
0xffe90505,
0xffe90505,
0xffe90505,
0xffe90505,
0xffe90505,
0xffe90505,
0xffe90505,
0xffe90505,
0xffe90505,
0xffe90505,
0xffe90505,
0xffe90505,
0xffe90505,
0xffe90505,
0xffe90505,
0xffe90505,
0xffe90505,
0xffe90505,
0xffe90505,
0xffe90505,
0xffe90505,
0xffe90505,
0xffe90505,
0xffe90505,
0xffe90505,
0xffe90505,
0xffe90505,
0xffe90505,
0xffe90505,
0xffe90505,
0xffe90505,
0xffe90505,
0xffe90505,
0xffe90505,
0xffe90505,
0xffe90505,
0xffe90505,
0xffe90505,
0xffe90505,
0xffe90505,
0xffe90505,
0xffe90505,
0xffe90505,
0xffe90505,
0xffe90505,
0xffe90505,
0xffe90505,
0xffe90505,
0xffe90505,
0xffe90505,
0xffe90505,
0xffe90505,
0xffe90505,
0xffe90505,
0xffe90505,
0xffe90505,
0xffe90505,
0xffe90505,
0xffe90505,
0xffe90505,
0xffe90505,
0xffe90505,
0xffe90505,
0xffe90505,
0xffe90505,
0xffe90505,
0xffe90505,
0xffe90505,
0xffe90505,
0xffe90505,
0xffe90505,
0xffe90505,
0xffe90505,
0xffe90505,
0xffe90505,
0xffe90505,
0xffe90505,
0xffe90505,
0xffe90505,
0xffe90505,
0xffe90505,
0xffe90505,
0xffe90505,
0xffe90505,
0xffe90505,
0xffe90505,
0xffe90505,
0xffe90505,
0xffe90505,
0xffe90505,
0xffe90505,
0xffe90505,
0xffe90505,
0xffe90505,
0xffe90505,
0xffe90505,
0xffe90505,
0xffe90505,
0xffe90505,
0xffe90505,
0xffe90505,
0xffe90505,
0xffe90505,
0xffe90505,
0xffe90505,
0xffe90505,
0xffe90505,
0xffe90505,
0xffe90505,
0xffe90505,
0xffe90505,
0xffe90505,
0xffe90505,
0xffe90505,
0xffe90505,
0xffe90505,
0xffe90505,
0xffe90505,
0xffe90505,
0xffe90505,
0xffe90505,
0xffe90505,
0xffe90505,
0xffe90505,
0xffe90505,
0xffe90505,
0xffe90505,
0xffe90505,
0xffe90505,
0xffe90505,
0xffe90505,
0xffe90505,
0xffe90505,
0xffe90505,
0xffe90505,
0xffe90505,
0xffe90505,
0xffe90505,
0xffe90505,
0xffe90505,
0xffe90505,
0xffe90505,
0xffe90505,
0xffe90505,
0xffe90505,
0xffe90505,
0xffe90505,
0xffe90505,
0xffe90505,
0xffe90505,
0xffe90505,
0xffe90505,
0xffe90505,
0xffe90505,
0xffe90505,
0xffe90505,
0xffe90505,
0xffe90505,
0xffe90505,
0xffe90505,
0xffe90505,
0xffe90505,
0xffe90505,
0xffe90505,
0xffe90505,
0xffe90505,
0xffe90505,
0xffe90505,
0xffe90505,
0xffe90505,
0xffe90505,
0xffe90505,
0xffe90505,
0xffe90505,
0xffe90505,
0xffe90505,
0xffe90505,
0xffe90505,
0xffe90505,
0xffe90505,
0xffe90505,
0xffe90505,
0xffe90505,
0xffe90505,
0xffe90505,
0xffe90505,
0xffe90505,
0xffe90505,
0xffe90505,
0xffe90505,
0xffe90505,
0xffe90505,
0xffe90505,
0xffe90505,
0xffe90505,
0xffe90505,
0xffe90505,
0xffe90505,
0xffe90505,
0xffe90505,
0xffe90505,
0xffe90505,
0xffe90505,
0xffe90505,
0xffe90505,
0xffe90505,
0xffe90505,
0xffe90505,
0xffe90505,
0xffe90505,
0xffe90505,
0xffe90505,
0xffe90505,
0xffe90505,
0xffe90505,
0xffe90505,
0xffe90505,
0xffe90505,
0xffe90505,
0xffe90505,
0xffe90505,
0xffe90505,
0xffe90505,
0xffe90505,
0xffe90505,
0xffe90505,
0xffe90505,
0xffe90505,
0xffe90505,
0xffe90505,
0xffe90505,
0xffe90505,
0xffe90505,
0xffe90505,
0xffe90505,
0xffe90505,
0xffe90505,
0xffe90505,
0xffe90505,
0xffe90505,
0xffe90505,
0xffe90505,
0xffe90505,
0xffe90505,
0xffe90505,
0xffe90505,
0xffe90505,
0xffe90505,
0xffe90505,
0xffe90505,
0xffe90505,
0xffe90505,
0xffe90505,
0xffe90505,
0xffe90505,
0xffe90505,
0xffe90505,
0xffe90505,
0xffe90505,
0xffe90505,
0xffe90505,
0xffe90505,
0xffe90505,
0xffe90505,
0xffe90505,
0xffe90505,
0xffe90505,
0xffe90505,
0xffe90505,
0xffe90505,
0xffe90505,
0xffe90505,
0xffe90505,
0xffe90505,
0xffe90505,
0xffe90505,
0xffe90505,
0xffe90505,
0xffe90505,
0xffe90505,
0xffe90505,
0xffe90505,
0xffe90505,
0xffe90505,
0xffe90505,
0xffe90505,
0xffe90505,
0xffe90505,
0xffe90505,
0xffe90505,
0xffe90505,
0xffe90505,
0xffe90505,
0xffe90505,
0xffe90505,
0xffe90505,
0xffe90505,
0xffe90505,
0xffe90505,
0xffe90505,
0xffe90505,
0xffe90505,
0xffe90505,
0xffe90505,
0xffe90505,
0xffe90505,
0xffe90505,
0xffe90505,
0xffe90505,
0xffe90505,
0xffe90505,
0xffe90505,
0xffe90505,
0xffe90505,
0xffe90505,
0xffe90505,
0xffe90505,
0xffe90505,
0xffe90505,
0xffe90505,
0xffe90505,
0xffe90505,
0xffe90505,
0xffe90505,
0xffe90505,
0xffe90505,
0xffe90505,
0xffe90505,
0xffe90505,
0xffe90505,
0xffe90505,
0xffe90505,
0xffe90505,
0xffe90505,
0xffe90505,
0xffe90505,
0xffe90505,
0xffe90505,
0xffe90505,
0xffe90505,
0xffe90505,
0xffe90505,
0xffe90505,
0xffe90505,
0xffe90505,
0xffe90505,
0xffe90505,
0xffe90505,
0xffe90505,
0xffe90505,
0xffe90505,
0xffe90505,
0xffe90505,
0xffe90505,
0xffe90505,
0xffe90505,
0xffe90505,
0xffe90505,
0xffe90505,
0xffe90505,
0xffe90505,
0xffe90505,
0xffe90505,
0xffe90505,
0xffe90505,
0xffe90505,
0xffe90505,
0xffe90505,
0xffe90505,
0xffe90505,
0xffe90505,
0xffe90505,
0xffe90505,
0xffe90505,
0xffe90505,
0xffe90505,
0xffe90505,
0xffe90505,
0xffe90505,
0xffe90505,
0xffe90505,
0xffe90505,
0xffe90505,
0xffe90505,
0xffe90505,
0xffe90505,
0xffe90505,
0xffe90505,
0xffe90505,
0xffe90505,
0xffe90505,
0xffe90505,
0xffe90505,
0xffe90505,
0xffe90505,
0xffe90505,
0xffe90505,
0xffe90505,
0xffe90505,
0xffe90505,
0xffe90505,
0xffe90505,
0xffe90505,
0xffe90505,
0xffe90505,
0xffe90505,
0xffe90505,
0xffe90505,
0xffe90505,
0xffe90505,
0xffe90505,
0xffe90505,
0xffe90505,
0xffe90505,
0xffe90505,
0xffe90505,
0xffe90505,
0xffe90505,
0xffe90505,
0xffe90505,
0xffe90505,
0xffe90505,
0xffe90505,
0xffe90505,
0xffe90505,
0xffe90505,
0xffe90505,
0xffe90505,
0xffe90505,
0xffe90505,
0xffe90505,
0xffe90505,
0xffe90505,
0xffe90505,
0xffe90505,
0xffe90505,
0xffe90505,
0xffe90505,
0xffe90505,
0xffe90505,
0xffe90505,
0xffe90505,
0xffe90505,
0xffe90505,
0xffe90505,
0xffe90505,
0xffe90505,
0xffe90505,
0xffe90505,
0xffe90505,
0xffe90505,
0xffe90505,
0xffe90505,
0xffe90505,
0xffe90505,
0xffe90505,
0xffe90505,
0xffe90505,
0xffe90505,
0xffe90505,
0xffe90505,
0xffe90505,
0xffe90505,
0xffe90505,
0xffe90505,
0xffe90505,
0xffe90505,
0xffe90505,
0xffe90505,
0xffe90505,
0xffe90505,
0xffe90505,
0xffe90505,
0xffe90505,
0xffe90505,
0xffe90505,
0xffe90505,
0xffe90505,
0xffe90505,
0xffe90505,
0xffe90505,
0xffe90505,
0xffe90505,
0xffe90505,
0xffe90505,
0xffe90505,
0xffe90505,
0xffe90505,
0xffe90505,
0xffe90505,
0xffe90505,
0xffe90505,
0xffe90505,
0xffe90505,
0xffe90505,
0xffe90505,
0xffe90505,
0xffe90505,
0xffe90505,
0xffe90505,
0xffe90505,
0xffe90505,
0xffe90505,
0xffe90505,
0xffe90505,
0xffe90505,
0xffe90505,
0xffe90505,
0xffe90505,
0xffe90505,
0xffe90505,
0xffe90505,
0xffe90505,
0xffe90505,
0xffe90505,
0xffe90505,
0xffe90505,
0xffe90505,
0xffe90505,
0xffe90505,
0xffe90505,
0xffe90505,
0xffe90505,
0xffe90505,
0xffe90505,
0xffe90505,
0xffe90505,
0xffe90505,
0xffe90505,
0xffe90505,
0xffe90505,
0xffe90505,
0xffe90505,
0xffe90505,
0xffe90505,
0xffe90505,
0xffe90505,
0xffe90505,
0xffe90505,
0xffe90505,
0xffe90505,
0xffe90505,
0xffe90505,
0xffe90505,
0xffe90505,
0xffe90505,
0xffe90505,
0xffe90505,
0xffe90505,
0xffe90505,
0xffe90505,
0xffe90505,
0xffe90505,
0xffe90505,
0xffe90505,
0xffe90505,
0xffe90505,
0xffe90505,
0xffe90505,
0xffe90505,
0xffe90505,
0xffe90505,
0xffe90505,
0xffe90505,
0xffe90505,
0xffe90505,
0xffe90505,
0xffe90505,
0xffe90505,
0xffe90505,
0xffe90505,
0xffe90505,
0xffe90505,
0xffe90505,
0xffe90505,
0xffe90505,
0xffe90505,
0xffe90505,
0xffe90505,
0xffe90505,
0xffe90505,
0xffe90505,
0xffe90505,
0xffe90505,
0xffe90505,
0xffe90505,
0xffe90505,
0xffe90505,
0xffe90505,
0xffe90505,
0xffe90505,
0xffe90505,
0xffe90505,
0xffe90505,
0xffe90505,
0xffe90505,
0xffe90505,
0xffe90505,
0xffe90505,
0xffe90505,
0xffe90505,
0xffe90505,
0xffe90505,
0xffe90505,
0xffe90505,
0xffe90505,
0xffe90505,
0xffe90505,
0xffe90505,
0xffe90505,
0xffe90505,
0xffe90505,
0xffe90505,
0xffe90505,
0xffe90505,
0xffe90505,
0xffe90505,
0xffe90505,
0xffe90505,
0xffe90505,
0xffe90505,
0xffe90505,
0xffe90505,
0xffe90505,
0xffe90505,
0xffe90505,
0xffe90505,
0xffe90505,
0xffe90505,
0xffe90505,
0xffe90505,
0xffe90505,
0xffe90505,
0xffe90505,
0xffe90505,
0xffe90505,
0xffe90505,
0xffe90505,
0xffe90505,
0xffe90505,
0xffe90505,
0xffe90505,
0xffe90505,
0xffe90505,
0xffe90505,
0xffe90505,
0xffe90505,
0xffe90505,
0xffe90505,
0xffe90505,
0xffe90505,
0xffe90505,
0xffe90505,
0xffe90505,
0xffe90505,
0xffe90505,
0xffe90505,
0xffe90505,
0xffe90505,
0xffe90505,
0xffe90505,
0xffe90505,
0xffe90505,
0xffe90505,
0xffe90505,
0xffe90505,
0xffe90505,
0xffe90505,
0xffe90505,
0xffe90505,
0xffe90505,
0xffe90505,
0xffe90505,
0xffe90505,
0xffe90505,
0xffe90505,
0xffe90505,
0xffe90505,
0xffe90505,
0xffe90505,
0xffe90505,
0xffe90505,
0xffe90505,
0xffe90505,
0xffe90505,
0xffe90505,
0xffe90505,
0xffe90505,
0xffe90505,
0xffe90505,
0xffe90505,
0xffe90505,
0xffe90505,
0xffe90505,
0xffe90505,
0xffe90505,
0xffe90505,
0xffe90505,
0xffe90505,
0xffe90505,
0xffe90505,
0xffe90505,
0xffe90505,
0xffe90505,
0xffe90505,
0xffe90505,
0xffe90505,
0xffe90505,
0xffe90505,
0xffe90505,
0xffe90505,
0xffe90505,
0xffe90505,
0xffe90505,
0xffe90505,
0xffe90505,
0xffe90505,
0xffe90505,
0xffe90505,
0xffe90505,
0xffe90505,
0xffe90505,
0xffe90505,
0xffe90505,
0xffe90505,
0xffe90505,
0xffe90505,
0xffe90505,
0xffe90505,
0xffe90505,
0xffe90505,
0xffe90505,
0xffe90505,
0xffe90505,
0xffe90505,
0xffe90505,
0xffe90505,
0xffe90505,
0xffe90505,
0xffe90505,
0xffe90505,
0xffe90505,
0xffe90505,
0xffe90505,
0xffe90505,
0xffe90505,
0xffe90505,
0xffe90505,
0xffe90505,
0xffe90505,
0xffe90505,
0xffe90505,
0xffe90505,
0xffe90505,
0xffe90505,
0xffe90505,
0xffe90505,
0xffe90505,
0xffe90505,
0xffe90505,
0xffe90505,
0xffe90505,
0xffe90505,
0xffe90505,
0xffe90505,
0xffe90505,
0xffe90505,
0xffe90505,
0xffe90505,
0xffe90505,
0xffe90505,
0xffe90505,
0xffe90505,
0xffe90505,
0xffe90505,
0xffe90505,
0xffe90505,
0xffe90505,
0xffe90505,
0xffe90505,
0xffe90505,
0xffe90505,
0xffe90505,
0xffe90505,
0xffe90505,
0xffe90505,
0xffe90505,
0xffe90505,
0xffe90505,
0xffe90505,
0xffe90505,
0xffe90505,
0xffe90505,
0xffe90505,
0xffe90505,
0xffe90505,
0xffe90505,
0xffe90505,
0xffe90505,
0xffe90505,
0xffe90505,
0xffe90505,
0xffe90505,
0xffe90505,
0xffe90505,
0xffe90505,
0xffe90505,
0xffe90505,
0xffe90505,
0xffe90505,
0xffe90505,
0xffe90505,
0xffe90505,
0xffe90505,
0xffe90505,
0xffe90505,
0xffe90505,
0xffe90505,
0xffe90505,
0xffe90505,
0xffe90505,
0xffe90505,
0xffe90505,
0xffe90505,
0xffe90505,
0xffe90505,
0xffe90505,
0xffe90505,
0xffe90505,
0xffe90505,
0xffe90505,
0xffe90505,
0xffe90505,
0xffe90505,
0xffe90505,
0xffe90505,
0xffe90505,
0xffe90505,
0xffe90505,
0xffe90505,
0xffe90505,
0xffe90505,
0xffe90505,
0xffe90505,
0xffe90505,
0xffe90505,
0xffe90505,
0xffe90505,
0xffe90505,
0xffe90505,
0xffe90505,
0xffe90505,
0xffe90505,
0xffe90505,
0xffe90505,
0xffe90505,
0xffe90505,
0xffe90505,
0xffe90505,
0xffe90505,
0xffe90505,
0xffe90505,
0xffe90505,
0xffe90505,
0xffe90505,
0xffe90505,
0xffe90505,
0xffe90505,
0xffe90505,
0xffe90505,
0xffe90505,
0xffe90505,
0xffe90505,
0xffe90505,
0xffe90505,
0xffe90505,
0xffe90505,
0xffe90505,
0xffe90505,
0xffe90505,
0xffe90505,
0xffe90505,
0xffe90505,
0xffe90505,
0xffe90505,
0xffe90505,
0xffe90505,
0xffe90505,
0xffe90505,
0xffe90505,
0xffe90505,
0xffe90505,
0xffe90505,
0xffe90505,
0xffe90505,
0xffe90505,
0xffe90505,
0xffe90505,
0xffe90505,
0xffe90505,
0xffe90505,
0xffe90505,
0xffe90505,
0xffe90505,
0xffe90505,
0xffe90505,
0xffe90505,
0xffe90505,
0xffe90505,
0xffe90505,
0xffe90505,
0xffe90505,
0xffe90505,
0xffe90505,
0xffe90505,
0xffe90505,
0xffe90505,
0xffe90505,
0xffe90505,
0xffe90505,
0xffe90505,
0xffe90505,
0xffe90505,
0xffe90505,
0xffe90505,
0xffe90505,
0xffe90505,
0xffe90505,
0xffe90505,
0xffe90505,
0xffe90505,
0xffe90505,
0xffe90505,
0xffe90505,
0xffe90505,
0xffe90505,
0xffe90505,
0xffe90505,
0xffe90505,
0xffe90505,
0xffe90505,
0xffe90505,
0xffe90505,
0xffe90505,
0xffe90505,
0xffe90505,
0xffe90505,
0xffe90505,
0xffe90505,
0xffe90505,
0xffe90505,
0xffe90505,
0xffe90505,
0xffe90505,
0xffe90505,
0xffe90505,
0xffe90505,
0xffe90505,
0xffe90505,
0xffe90505,
0xffe90505,
0xffe90505,
0xffe90505,
0xffe90505,
0xffe90505,
0xffe90505,
0xffe90505,
0xffe90505,
0xffe90505,
0xffe90505,
0xffe90505,
0xffe90505,
0xffe90505,
0xffe90505,
0xffe90505,
0xffe90505,
0xffe90505,
0xffe90505,
0xffe90505,
0xffe90505,
0xffe90505,
0xffe90505,
0xffe90505,
0xffe90505,
0xffe90505,
0xffe90505,
0xffe90505,
0xffe90505,
0xffe90505,
0xffe90505,
0xffe90505,
0xffe90505,
0xffe90505,
0xffe90505,
0xffe90505,
0xffe90505,
0xffe90505,
0xffe90505,
0xffe90505,
0xffe90505,
0xffe90505,
0xffe90505,
0xffe90505,
0xffe90505,
0xffe90505,
0xffe90505,
0xffe90505,
0xffe90505,
0xffe90505,
0xffe90505,
0xffe90505,
0xffe90505,
0xffe90505,
0xffe90505,
0xffe90505,
0xffe90505,
0xffe90505,
0xffe90505,
0xffe90505,
0xffe90505,
0xffe90505,
0xffe90505,
0xffe90505,
0xffe90505,
0xffe90505,
0xffe90505,
0xffe90505,
0xffe90505,
0xffe90505,
0xffe90505,
0xffe90505,
0xffe90505,
0xffe90505,
0xffe90505,
0xffe90505,
0xffe90505,
0xffe90505,
0xffe90505,
0xffe90505,
0xffe90505,
0xffe90505,
0xffe90505,
0xffe90505,
0xffe90505,
0xffe90505,
0xffe90505,
0xffe90505,
0xffe90505,
0xffe90505,
0xffe90505,
0xffe90505,
0xffe90505,
0xffe90505,
0xffe90505,
0xffe90505,
0xffe90505,
0xffe90505,
0xffe90505,
0xffe90505,
0xffe90505,
0xffe90505,
0xffe90505,
0xffe90505,
0xffe90505,
0xffe90505,
0xffe90505,
0xffe90505,
0xffe90505,
0xffe90505,
0xffe90505,
0xffe90505,
0xffe90505,
0xffe90505,
0xffe90505,
0xffe90505,
0xffe90505,
0xffe90505,
0xffe90505,
0xffe90505,
0xffe90505,
0xffe90505,
0xffe90505,
0xffe90505,
0xffe90505,
0xffe90505,
0xffe90505,
0xffe90505,
0xffe90505,
0xffe90505,
0xffe90505,
0xffe90505,
0xffe90505,
0xffe90505,
0xffe90505,
0xffe90505,
0xffe90505,
0xffe90505,
0xffe90505,
0xffe90505,
0xffe90505,
0xffe90505,
0xffe90505,
0xffe90505,
0xffe90505,
0xffe90505,
0xffe90505,
0xffe90505,
0xffe90505,
0xffe90505,
0xffe90505,
0xffe90505,
0xffe90505,
0xffe90505,
0xffe90505,
0xffe90505,
0xffe90505,
0xffe90505,
0xffe90505,
0xffe90505,
0xffe90505,
0xffe90505,
0xffe90505,
0xffe90505,
0xffe90505,
0xffe90505,
0xffe90505,
0xffe90505,
0xffe90505,
0xffe90505,
0xffe90505,
0xffe90505,
0xffe90505,
0xffe90505,
0xffe90505,
0xffe90505,
0xffe90505,
0xffe90505,
0xffe90505,
0xffe90505,
0xffe90505,
0xffe90505,
0xffe90505,
0xffe90505,
0xffe90505,
0xffe90505,
0xffe90505,
0xffe90505,
0xffe90505,
0xffe90505,
0xffe90505,
0xffe90505,
0xffe90505,
0xffe90505,
0xffe90505,
0xffe90505,
0xffe90505,
0xffe90505,
0xffe90505,
0xffe90505,
0xffe90505,
0xffe90505,
0xffe90505,
0xffe90505,
0xffe90505,
0xffe90505,
0xffe90505,
0xffe90505,
0xffe90505,
0xffe90505,
0xffe90505,
0xffe90505,
0xffe90505,
0xffe90505,
0xffe90505,
0xffe90505,
0xffe90505,
0xffe90505,
0xffe90505,
0xffe90505,
0xffe90505,
0xffe90505,
0xffe90505,
0xffe90505,
0xffe90505,
0xffe90505,
0xffe90505,
0xffe90505,
0xffe90505,
0xffe90505,
0xffe90505,
0xffe90505,
0xffe90505,
0xffe90505,
0xffe90505,
0xffe90505,
0xffe90505,
0xffe90505,
0xffe90505,
0xffe90505,
0xffe90505,
0xffe90505,
0xffe90505,
0xffe90505,
0xffe90505,
0xffe90505,
0xffe90505,
0xffe90505,
0xffe90505,
0xffe90505,
0xffe90505,
0xffe90505,
0xffe90505,
0xffe90505,
0xffe90505,
0xffe90505,
0xffe90505,
0xffe90505,
0xffe90505,
0xffe90505,
0xffe90505,
0xffe90505,
0xffe90505,
0xffe90505,
0xffe90505,
0xffe90505,
0xffe90505,
0xffe90505,
0xffe90505,
0xffe90505,
0xffe90505,
0xffe90505,
0xffe90505,
0xffe90505,
0xffe90505,
0xffe90505,
0xffe90505,
0xffe90505,
0xffe90505,
0xffe90505,
0xffe90505,
0xffe90505,
0xffe90505,
0xffe90505,
0xffe90505,
0xffe90505,
0xffe90505,
0xffe90505,
0xffe90505,
0xffe90505,
0xffe90505,
0xffe90505,
0xffe90505,
0xffe90505,
0xffe90505,
0xffe90505,
0xffe90505,
0xffe90505,
0xffe90505,
0xffe90505,
0xffe90505,
0xffe90505,
0xffe90505,
0xffe90505,
0xffe90505,
0xffe90505,
0xffe90505,
0xffe90505,
0xffe90505,
0xffe90505,
0xffe90505,
0xffe90505,
0xffe90505,
0xffe90505,
0xffe90505,
0xffe90505,
0xffe90505,
0xffe90505,
0xffe90505,
0xffe90505,
0xffe90505,
0xffe90505,
0xffe90505,
0xffe90505,
0xffe90505,
0xffe90505,
0xffe90505,
0xffe90505,
0xffe90505,
0xffe90505,
0xffe90505,
0xffe90505,
0xffe90505,
0xffe90505,
0xffe90505,
0xffe90505,
0xffe90505,
0xffe90505,
0xffe90505,
0xffe90505,
0xffe90505,
0xffe90505,
0xffe90505,
0xffe90505,
0xffe90505,
0xffe90505,
0xffe90505,
0xffe90505,
0xffe90505,
0xffe90505,
0xffe90505,
0xffe90505,
0xffe90505,
0xffe90505,
0xffe90505,
0xffe90505,
0xffe90505,
0xffe90505,
0xffe90505,
0xffe90505,
0xffe90505,
0xffe90505,
0xffe90505,
0xffe90505,
0xffe90505,
0xffe90505,
0xffe90505,
0xffe90505,
0xffe90505,
0xffe90505,
0xffe90505,
0xffe90505,
0xffe90505,
0xffe90505,
0xffe90505,
0xffe90505,
0xffe90505,
0xffe90505,
0xffe90505,
0xffe90505,
0xffe90505,
0xffe90505,
0xffe90505,
0xffe90505,
0xffe90505,
0xffe90505,
0xffe90505,
0xffe90505,
0xffe90505,
0xffe90505,
0xffe90505,
0xffe90505,
0xffe90505,
0xffe90505,
0xffe90505,
0xffe90505,
0xffe90505,
0xffe90505,
0xffe90505,
0xffe90505,
0xffe90505,
0xffe90505,
0xffe90505,
0xffe90505,
0xffe90505,
0xffe90505,
0xffe90505,
0xffe90505,
0xffe90505,
0xffe90505,
0xffe90505,
0xffe90505,
0xffe90505,
0xffe90505,
0xffe90505,
0xffe90505,
0xffe90505,
0xffe90505,
0xffe90505,
0xffe90505,
0xffe90505,
0xffe90505,
0xffe90505,
0xffe90505,
0xffe90505,
0xffe90505,
0xffe90505,
0xffe90505,
0xffe90505,
0xffe90505,
0xffe90505,
0xffe90505,
0xffe90505,
0xffe90505,
0xffe90505,
0xffe90505,
0xffe90505,
0xffe90505,
0xffe90505,
0xffe90505,
0xffe90505,
0xffe90505,
0xffe90505,
0xffe90505,
0xffe90505,
0xffe90505,
0xffe90505,
0xffe90505,
0xffe90505,
0xffe90505,
0xffe90505,
0xffe90505,
0xffe90505,
0xffe90505,
0xffe90505,
0xffe90505,
0xffe90505,
0xffe90505,
0xffe90505,
0xffe90505,
0xffe90505,
0xffe90505,
0xffe90505,
0xffe90505,
0xffe90505,
0xffe90505,
0xffe90505,
0xffe90505,
0xffe90505,
0xffe90505,
0xffe90505,
0xffe90505,
0xffe90505,
0xffe90505,
0xffe90505,
0xffe90505,
0xffe90505,
0xffe90505,
0xffe90505,
0xffe90505,
0xffe90505,
0xffe90505,
0xffe90505,
0xffe90505,
0xffe90505,
0xffe90505,
0xffe90505,
0xffe90505,
0xffe90505,
0xffe90505,
0xffe90505,
0xffe90505,
0xffe90505,
0xffe90505,
0xffe90505,
0xffe90505,
0xffe90505,
0xffe90505,
0xffe90505,
0xffe90505,
0xffe90505,
0xffe90505,
0xffe90505,
0xffe90505,
0xffe90505,
0xffe90505,
0xffe90505,
0xffe90505,
0xffe90505,
0xffe90505,
0xffe90505,
0xffe90505,
0xffe90505,
0xffe90505,
0xffe90505,
0xffe90505,
0xffe90505,
0xffe90505,
0xffe90505,
0xffe90505,
0xffe90505,
0xffe90505,
0xffe90505,
0xffe90505,
0xffe90505,
0xffe90505,
0xffe90505,
0xffe90505,
0xffe90505,
0xffe90505,
0xffe90505,
0xffe90505,
0xffe90505,
0xffe90505,
0xffe90505,
0xffe90505,
0xffe90505,
0xffe90505,
0xffe90505,
0xffe90505,
0xffe90505,
0xffe90505,
0xffe90505,
0xffe90505,
0xffe90505,
0xffe90505,
0xffe90505,
0xffe90505,
0xffe90505,
0xffe90505,
0xffe90505,
0xffe90505,
0xffe90505,
0xffe90505,
0xffe90505,
0xffe90505,
0xffe90505,
0xffe90505,
0xffe90505,
0xffe90505,
0xffe90505,
0xffe90505,
0xffe90505,
0xffe90505,
0xffe90505,
0xffe90505,
0xffe90505,
0xffe90505,
0xffe90505,
0xffe90505,
0xffe90505,
0xffe90505,
0xffe90505,
0xffe90505,
0xffe90505,
0xffe90505,
0xffe90505,
0xffe90505,
0xffe90505,
0xffe90505,
0xffe90505,
0xffe90505,
0xffe90505,
0xffe90505,
0xffe90505,
0xffe90505,
0xffe90505,
0xffe90505,
0xffe90505,
0xffe90505,
0xffe90505,
0xffe90505,
0xffe90505,
0xffe90505,
0xffe90505,
0xffe90505,
0xffe90505,
0xffe90505,
0xffe90505,
0xffe90505,
0xffe90505,
0xffe90505,
0xffe90505,
0xffe90505,
0xffe90505,
0xffe90505,
0xffe90505,
0xffe90505,
0xffe90505,
0xffe90505,
0xffe90505,
0xffe90505,
0xffe90505,
0xffe90505,
0xffe90505,
0xffe90505,
0xffe90505,
0xffe90505,
0xffe90505,
0xffe90505,
0xffe90505,
0xffe90505,
0xffe90505,
0xffe90505,
0xffe90505,
0xffe90505,
0xffe90505,
0xffe90505,
0xffe90505,
0xffe90505,
0xffe90505,
0xffe90505,
0xffe90505,
0xffe90505,
0xffe90505,
0xffe90505,
0xffe90505,
0xffe90505,
0xffe90505,
0xffe90505,
0xffe90505,
0xffe90505,
0xffe90505,
0xffe90505,
0xffe90505,
0xffe90505,
0xffe90505,
0xffe90505,
0xffe90505,
0xffe90505,
0xffe90505,
0xffe90505,
0xffe90505,
0xffe90505,
0xffe90505,
0xffe90505,
0xffe90505,
0xffe90505,
0xffe90505,
0xffe90505,
0xffe90505,
0xffe90505,
0xffe90505,
0xffe90505,
0xffe90505,
0xffe90505,
0xffe90505,
0xffe90505,
0xffe90505,
0xffe90505,
0xffe90505,
0xffe90505,
0xffe90505,
0xffe90505,
0xffe90505,
0xffe90505,
0xffe90505,
0xffe90505,
0xffe90505,
0xffe90505,
0xffe90505,
0xffe90505,
0xffe90505,
0xffe90505,
0xffe90505,
0xffe90505,
0xffe90505,
0xffe90505,
0xffe90505,
0xffe90505,
0xffe90505,
0xffe90505,
0xffe90505,
0xffe90505,
0xffe90505,
0xffe90505,
0xffe90505,
0xffe90505,
0xffe90505,
0xffe90505,
0xffe90505,
0xffe90505,
0xffe90505,
0xffe90505,
0xffe90505,
0xffe90505,
0xffe90505,
0xffe90505,
0xffe90505,
0xffe90505,
0xffe90505,
};
